# Made in Blockbench 5.1.4
mtllib Crafting.mtl

o mesh
v 0.875 0.75 1
v 0.875 0.75 -1
v 0.875 0.625 1
v 0.875 0.625 -1
v -0.875 0.75 1
v -0.875 0.75 -1
v -0.875 0.625 1
v -0.875 0.625 -1
v -0.53125 0.625 1
v -0.53125 0.625 -1
v -0.53125 0.75 -1
v -0.53125 0.75 1
v 0.53125 0.625 -1
v 0.53125 0.625 1
v 0.53125 0.75 1
v 0.53125 0.75 -1
v -0.6875 0.625 -1
v -0.6875 0.625 1
v -0.6875 0.75 1
v -0.6875 0.75 -1
v 0.6875 0.625 1
v 0.6875 0.625 -1
v 0.6875 0.75 -1
v 0.6875 0.75 1
v 0.53125 0.625 0.125
v -0.53125 0.625 0.125
v -0.6875 0.625 0.125
v -0.875 0.625 0.125
v -0.875 0.75 0.140625
v -0.6875 0.75 0.140625
v -0.53125 0.75 0.140625
v 0.53125 0.75 0.140625
v 0.6875 0.75 0.140625
v 0.875 0.75 0.140625
v 0.875 0.625 0.125
v 0.6875 0.625 0.125
v -0.53125 0.625 -0.1328125
v 0.53125 0.625 -0.1328125
v 0.6875 0.625 -0.1328125
v 0.875 0.625 -0.1328125
v 0.875 0.75 -0.1328125
v 0.6875 0.75 -0.1328125
v 0.53125 0.75 -0.1328125
v -0.53125 0.75 -0.1328125
v -0.6875 0.75 -0.1328125
v -0.875 0.75 -0.1328125
v -0.875 0.625 -0.1328125
v -0.6875 0.625 -0.1328125
v 0.53125 0.625 -0.8046875
v -0.53125 0.625 -0.8046875
v -0.6875 0.625 -0.8046875
v -0.875 0.625 -0.8046875
v -0.875 0.75 -0.8046875
v -0.6875 0.75 -0.8046875
v -0.53125 0.75 -0.8046875
v 0.53125 0.75 -0.8046875
v 0.6875 0.75 -0.8046875
v 0.875 0.75 -0.8046875
v 0.875 0.625 -0.8046875
v 0.6875 0.625 -0.8046875
v 0.53125 0.625 0.8125
v -0.53125 0.625 0.8125
v -0.6875 0.625 0.8125
v -0.875 0.625 0.8125
v -0.875 0.75 0.8125
v -0.6875 0.75 0.8125
v -0.53125 0.75 0.8125
v 0.53125 0.75 0.8125
v 0.6875 0.75 0.8125
v 0.875 0.75 0.8125
v 0.875 0.625 0.8125
v 0.6875 0.625 0.8125
v 0.6875 0.625 0.125
v 0.6875 0.625 0.8125
v 0.53125 0.625 0.8125
v 0.53125 0.625 0.125
v -0.53125 0.625 0.125
v -0.53125 0.625 0.8125
v -0.6875 0.625 0.8125
v -0.6875 0.625 0.125
v -0.6875 0.625 -0.1328125
v -0.53125 0.625 -0.8046875
v -0.6875 0.625 -0.8046875
v -0.53125 0.625 -0.1328125
v 0.53125 0.625 -0.1328125
v 0.6875 0.625 -0.8046875
v 0.53125 0.625 -0.8046875
v 0.6875 0.625 -0.1328125
v -0.8125 0.625 -0.1328125
v -0.8125 0.625 -0.8046875
v -0.8125 0.625 0.8125
v -0.8125 0.625 0.125
v 0.40625 0.625 0.8125
v 0.40625 0.625 0.125
v 0.40625 0.625 -0.1328125
v 0.40625 0.625 -0.8046875
v -0.40625 0.625 -0.8046875
v -0.40625 0.625 -0.1328125
v -0.40625 0.625 0.125
v -0.40625 0.625 0.8125
v 0.8125 0.625 -0.8046875
v 0.8125 0.625 -0.1328125
v 0.8125 0.625 0.125
v 0.8125 0.625 0.8125
v -0.40625 0.5 -0.8046875
v -0.40625 0.5 -0.1328125
v -0.53125 0.5 -0.8046875
v -0.53125 0.5 -0.1328125
v -0.40625 0.5 0.125
v -0.40625 0.5 0.8125
v -0.53125 0.5 0.125
v -0.53125 0.5 0.8125
v -0.8125 0.5 -0.8046875
v -0.8125 0.5 -0.1328125
v -0.6875 0.5 -0.8046875
v -0.6875 0.5 -0.1328125
v -0.8125 0.5 0.8125
v -0.8125 0.5 0.125
v -0.6875 0.5 0.8125
v -0.6875 0.5 0.125
v 0.40625 0.5 0.8125
v 0.40625 0.5 0.125
v 0.53125 0.5 0.8125
v 0.53125 0.5 0.125
v 0.8125 0.5 0.125
v 0.8125 0.5 0.8125
v 0.6875 0.5 0.125
v 0.6875 0.5 0.8125
v 0.8125 0.5 -0.8046875
v 0.8125 0.5 -0.1328125
v 0.6875 0.5 -0.8046875
v 0.6875 0.5 -0.1328125
v 0.40625 0.5 -0.8046875
v 0.40625 0.5 -0.1328125
v 0.53125 0.5 -0.8046875
v 0.53125 0.5 -0.1328125
v 0.53125 0.5 0.9375
v 0.6875 0.5 0.8125
v 0.53125 0.5 0.8125
v 0.6875 0.5 0.9375
v 0.6875 0.5 -0.9375
v 0.6875 0.5 -0.8046875
v 0.53125 0.5 -0.8046875
v 0.53125 0.5 -0.9375
v -0.53125 0.5 -0.9375
v -0.53125 0.5 -0.8046875
v -0.6875 0.5 -0.8046875
v -0.6875 0.5 -0.9375
v -0.6875 0.5 0.9375
v -0.53125 0.5 0.8125
v -0.6875 0.5 0.8125
v -0.53125 0.5 0.9375
v 0.53125 0.5 0.125
v 0.53125 0.5 -0.1328125
v 0.6875 0.5 -0.1328125
v 0.6875 0.5 0.125
v -0.6875 0.5 0.125
v -0.6875 0.5 -0.1328125
v -0.53125 0.5 -0.1328125
v -0.53125 0.5 0.125
v -0.6875 0.625 0.125
v -0.6875 0.625 -0.1328125
v -0.53125 0.625 -0.1328125
v -0.53125 0.625 0.125
v -0.6875 0.625 0.9375
v -0.53125 0.625 0.8125
v -0.6875 0.625 0.8125
v -0.53125 0.625 0.9375
v 0.53125 0.625 0.9375
v 0.6875 0.625 0.8125
v 0.53125 0.625 0.8125
v 0.6875 0.625 0.9375
v 0.53125 0.625 0.125
v 0.53125 0.625 -0.1328125
v 0.6875 0.625 -0.1328125
v 0.6875 0.625 0.125
v -0.53125 0.625 -0.9375
v -0.53125 0.625 -0.8046875
v -0.6875 0.625 -0.8046875
v -0.6875 0.625 -0.9375
v 0.6875 0.625 -0.9375
v 0.6875 0.625 -0.8046875
v 0.53125 0.625 -0.8046875
v 0.53125 0.625 -0.9375
v 0.6875 0.625 0.0078125
v 0.6875 0.5 0.0078125
v 0.6875 0.625 -0.015625
v 0.6875 0.5 -0.015625
v 0.53125 0.5 0.0078125
v 0.53125 0.5 -0.015625
v 0.53125 0.625 0.0078125
v 0.53125 0.625 -0.015625
v -0.6875 0.625 -0.015625
v -0.6875 0.5 -0.015625
v -0.6875 0.625 0.0078125
v -0.6875 0.5 0.0078125
v -0.53125 0.5 -0.015625
v -0.53125 0.5 0.0078125
v -0.53125 0.625 -0.015625
v -0.53125 0.625 0.0078125
v -0.875 0.625 1.125
v -0.6875 0.625 1.125
v -0.6875 0.75 1.125
v -0.875 0.75 1.125
v -0.53125 0.75 1.125
v -0.53125 0.625 1.125
v 0.53125 0.625 1.125
v 0.53125 0.75 1.125
v 0.6875 0.75 1.125
v 0.6875 0.625 1.125
v 0.875 0.75 1.125
v 0.875 0.625 1.125
v -0.6875 0.375 1.125
v -0.875 0.375 1.125
v -0.875 0.375 1
v -0.6875 0.375 1
v -0.53125 0.375 1.125
v -0.53125 0.375 1
v 0.53125 0.375 1.125
v 0.53125 0.375 1
v 0.6875 0.375 1.125
v 0.6875 0.375 1
v 0.875 0.375 1.125
v 0.875 0.375 1
v 0.875 0.625 -1.125
v 0.6875 0.625 -1.125
v 0.6875 0.75 -1.125
v 0.875 0.75 -1.125
v 0.53125 0.75 -1.125
v 0.53125 0.625 -1.125
v -0.53125 0.75 -1.125
v -0.53125 0.625 -1.125
v -0.6875 0.75 -1.125
v -0.6875 0.625 -1.125
v -0.875 0.75 -1.125
v -0.875 0.625 -1.125
v 0.6875 0.375 -1.125
v 0.875 0.375 -1.125
v 0.875 0.375 -1
v 0.6875 0.375 -1
v 0.53125 0.375 -1.125
v 0.53125 0.375 -1
v -0.53125 0.375 -1.125
v -0.53125 0.375 -1
v -0.6875 0.375 -1.125
v -0.6875 0.375 -1
v -0.875 0.375 -1.125
v -0.875 0.375 -1
v 0.53125 0.875 1
v -0.53125 0.875 0.8125
v 0.53125 0.875 0.8125
v -0.53125 0.875 1
v -0.53125 0.875 -1
v -0.53125 0.875 -0.8046875
v 0.53125 0.875 -0.8046875
v 0.53125 0.875 -1
v 0.31875 0.875 0.8125
v 0.31875 0.875 1
v 0.10625 0.875 0.8125
v 0.10625 0.875 1
v -0.10625 0.875 0.8125
v -0.10625 0.875 1
v -0.31875 0.875 0.8125
v -0.31875 0.875 1
v 0.31875 0.75 1
v 0.10625 0.75 1
v -0.10625 0.75 1
v -0.31875 0.75 1
v 0.31875 0.75 1.125
v 0.10625 0.75 1.125
v -0.10625 0.75 1.125
v -0.31875 0.75 1.125
v 0.31875 0.625 1.125
v 0.10625 0.625 1.125
v -0.10625 0.625 1.125
v -0.31875 0.625 1.125
v 0.31875 0.375 1.125
v 0.10625 0.375 1.125
v -0.10625 0.375 1.125
v -0.31875 0.375 1.125
v 0.31875 0.375 1
v 0.10625 0.375 1
v -0.10625 0.375 1
v -0.31875 0.375 1
v 0.31875 0.625 1
v 0.10625 0.625 1
v -0.10625 0.625 1
v -0.31875 0.625 1
v 0.31875 0.625 0.8125
v 0.10625 0.625 0.8125
v -0.10625 0.625 0.8125
v -0.31875 0.625 0.8125
v 0.31875 0.625 0.125
v 0.10625 0.625 0.125
v -0.10625 0.625 0.125
v -0.31875 0.625 0.125
v 0.31875 0.625 -0.1328125
v 0.10625 0.625 -0.1328125
v -0.10625 0.625 -0.1328125
v -0.31875 0.625 -0.1328125
v 0.31875 0.625 -0.8046875
v 0.10625 0.625 -0.8046875
v -0.10625 0.625 -0.8046875
v -0.31875 0.625 -0.8046875
v 0.31875 0.625 -1
v 0.10625 0.625 -1
v -0.10625 0.625 -1
v -0.31875 0.625 -1
v 0.31875 0.375 -1
v 0.10625 0.375 -1
v -0.10625 0.375 -1
v -0.31875 0.375 -1
v 0.31875 0.375 -1.125
v 0.10625 0.375 -1.125
v -0.10625 0.375 -1.125
v -0.31875 0.375 -1.125
v 0.31875 0.625 -1.125
v 0.10625 0.625 -1.125
v -0.10625 0.625 -1.125
v -0.31875 0.625 -1.125
v 0.31875 0.75 -1.125
v 0.10625 0.75 -1.125
v -0.10625 0.75 -1.125
v -0.31875 0.75 -1.125
v 0.31875 0.75 -1
v 0.10625 0.75 -1
v -0.10625 0.75 -1
v -0.31875 0.75 -1
v 0.31875 0.875 -1
v 0.10625 0.875 -1
v -0.10625 0.875 -1
v -0.31875 0.875 -1
v 0.31875 0.875 -0.8046875
v 0.10625 0.875 -0.8046875
v -0.10625 0.875 -0.8046875
v -0.31875 0.875 -0.8046875
v 0.31875 0.75 -0.8046875
v 0.10625 0.75 -0.8046875
v -0.10625 0.75 -0.8046875
v -0.31875 0.75 -0.8046875
v 0.31875 0.75 -0.1328125
v 0.10625 0.75 -0.1328125
v -0.10625 0.75 -0.1328125
v -0.31875 0.75 -0.1328125
v 0.31875 0.75 0.140625
v 0.10625 0.75 0.140625
v -0.10625 0.75 0.140625
v -0.31875 0.75 0.140625
v 0.31875 0.75 0.8125
v 0.10625 0.75 0.8125
v -0.10625 0.75 0.8125
v -0.31875 0.75 0.8125
v 0.31875 1 0.8125
v 0.10625 1 0.8125
v 0.10625 1 1
v 0.31875 1 1
v -0.10625 1 0.8125
v -0.31875 1 0.8125
v -0.31875 1 1
v -0.10625 1 1
v -0.10625 1 -1
v -0.31875 1 -1
v -0.31875 1 -0.8046875
v -0.10625 1 -0.8046875
v 0.31875 1 -1
v 0.10625 1 -1
v 0.10625 1 -0.8046875
v 0.31875 1 -0.8046875
vt 0.2421875 0.7265625
vt 0.265625 0.7265625
vt 0.265625 0.7421875
vt 0.2421875 0.7421875
vt 0.265625 0.6875
vt 0.2421875 0.6875
vt 0.2421875 0.671875
vt 0.265625 0.671875
vt 0.04296875 0.734375
vt 0.04296875 0.7578125
vt 0.0234375 0.7578125
vt 0.0234375 0.734375
vt 0.25 0.5625
vt 0.25 0.546875
vt 0.2734375 0.546875
vt 0.2734375 0.5625
vt 0.33203125 0.6875
vt 0.3125 0.6875
vt 0.3125 0.671875
vt 0.33203125 0.671875
vt 0.20703125 0.640625
vt 0.2265625 0.640625
vt 0.2265625 0.65625
vt 0.20703125 0.65625
vt 0.3359375 0.5625
vt 0.3359375 0.546875
vt 0.359375 0.546875
vt 0.359375 0.5625
vt 0.07421875 0.65625
vt 0.0546875 0.65625
vt 0.0546875 0.640625
vt 0.07421875 0.640625
vt 0.1953125 0.734375
vt 0.1953125 0.7578125
vt 0.17578125 0.7578125
vt 0.17578125 0.734375
vt 0.46484375 0.671875
vt 0.484375 0.671875
vt 0.484375 0.6875
vt 0.46484375 0.6875
vt 0.26953125 0.9765625
vt 0.29609375 0.9765625
vt 0.29609375 1
vt 0.26953125 1
vt 0.33203125 0.671875
vt 0.35859375 0.671875
vt 0.35859375 0.6875
vt 0.33203125 0.6875
vt 0 0.609375
vt 0.0234375 0.609375
vt 0.0234375 0.6328125
vt 0 0.6328125
vt 0.20703125 0.65625
vt 0.18046875 0.65625
vt 0.18046875 0.640625
vt 0.20703125 0.640625
vt 0.2265625 1
vt 0.2265625 0.9765625
vt 0.25 0.9765625
vt 0.25 1
vt 0.2890625 0.671875
vt 0.3125 0.671875
vt 0.3125 0.6875
vt 0.2890625 0.6875
vt 0.0234375 0.734375
vt 0.0234375 0.7578125
vt 0 0.7578125
vt 0 0.734375
vt 0.25 0.65625
vt 0.2265625 0.65625
vt 0.2265625 0.640625
vt 0.25 0.640625
vt 0.421875 1
vt 0.421875 0.9765625
vt 0.4453125 0.9765625
vt 0.4453125 1
vt 0.03125 0.640625
vt 0.0546875 0.640625
vt 0.0546875 0.65625
vt 0.03125 0.65625
vt 0.21875 0.734375
vt 0.21875 0.7578125
vt 0.1953125 0.7578125
vt 0.1953125 0.734375
vt 0.5078125 0.6875
vt 0.484375 0.6875
vt 0.484375 0.671875
vt 0.5078125 0.671875
vt 0.26953125 0.7744140625
vt 0.29609375 0.7744140625
vt 0.29609375 0.8583984375
vt 0.26953125 0.8583984375
vt 0.017578125 0.474609375
vt 0.017578125 0.390625
vt 0.037109375 0.390625
vt 0.037109375 0.474609375
vt 0.2265625 0.8583984375
vt 0.2265625 0.7744140625
vt 0.25 0.7744140625
vt 0.25 0.8583984375
vt 0.1240234375 0.6875
vt 0.0400390625 0.6875
vt 0.0400390625 0.671875
vt 0.1240234375 0.671875
vt 0.0234375 0.8759765625
vt 0.0234375 0.9599609375
vt 0 0.9599609375
vt 0 0.8759765625
vt 0.04296875 0.8759765625
vt 0.04296875 0.9599609375
vt 0.0234375 0.9599609375
vt 0.0234375 0.8759765625
vt 0.04296875 0.8759765625
vt 0.06953125 0.8759765625
vt 0.06953125 0.9599609375
vt 0.04296875 0.9599609375
vt 0.1953125 0.8759765625
vt 0.1953125 0.9599609375
vt 0.17578125 0.9599609375
vt 0.17578125 0.8759765625
vt 0.21875 0.8759765625
vt 0.21875 0.9599609375
vt 0.1953125 0.9599609375
vt 0.1953125 0.8759765625
vt 0.3837890625 0.7265625
vt 0.4677734375 0.7265625
vt 0.4677734375 0.7421875
vt 0.3837890625 0.7421875
vt 0.421875 0.8583984375
vt 0.421875 0.7744140625
vt 0.4453125 0.7744140625
vt 0.4453125 0.8583984375
vt 0.064453125 0.474609375
vt 0.064453125 0.390625
vt 0.083984375 0.390625
vt 0.083984375 0.474609375
vt 0.26953125 0.8583984375
vt 0.29609375 0.8583984375
vt 0.29609375 0.890625
vt 0.26953125 0.890625
vt 0.046875 0.515625
vt 0.046875 0.53125
vt 0.0234375 0.53125
vt 0.0234375 0.515625
vt 0.421875 0.890625
vt 0.421875 0.8583984375
vt 0.4453125 0.8583984375
vt 0.4453125 0.890625
vt 0.3515625 0.7265625
vt 0.3837890625 0.7265625
vt 0.3837890625 0.7421875
vt 0.349609375 0.7421875
vt 0.21875 0.841796875
vt 0.21875 0.8759765625
vt 0.1953125 0.8759765625
vt 0.1953125 0.841796875
vt 0.1953125 0.841796875
vt 0.1953125 0.8759765625
vt 0.17578125 0.8759765625
vt 0.17578125 0.841796875
vt 0.04296875 0.841796875
vt 0.06953125 0.841796875
vt 0.06953125 0.8759765625
vt 0.04296875 0.8759765625
vt 0.04296875 0.841796875
vt 0.04296875 0.8759765625
vt 0.0234375 0.8759765625
vt 0.0234375 0.841796875
vt 0.0234375 0.841796875
vt 0.0234375 0.8759765625
vt 0 0.8759765625
vt 0 0.841796875
vt 0.158203125 0.6875
vt 0.1240234375 0.6875
vt 0.1240234375 0.671875
vt 0.15625 0.671875
vt 0.2265625 0.890625
vt 0.2265625 0.8583984375
vt 0.25 0.8583984375
vt 0.25 0.890625
vt 0.171875 0.53125
vt 0.171875 0.515625
vt 0.1953125 0.515625
vt 0.1953125 0.53125
vt 0.26953125 0.75
vt 0.29609375 0.75
vt 0.29609375 0.7744140625
vt 0.26953125 0.7744140625
vt 0.5 0.78125
vt 0.5 0.796875
vt 0.4765625 0.796875
vt 0.4765625 0.78125
vt 0.25 0.75
vt 0.25 0.7744140625
vt 0.2265625 0.7744140625
vt 0.2265625 0.75
vt 0.015625 0.671875
vt 0.0400390625 0.671875
vt 0.0400390625 0.6875
vt 0.015625 0.6875
vt 0 0.984375
vt 0 0.9599609375
vt 0.0234375 0.9599609375
vt 0.0234375 0.984375
vt 0.0234375 0.984375
vt 0.0234375 0.9599609375
vt 0.04296875 0.9599609375
vt 0.04296875 0.984375
vt 0.171875 0.5390625
vt 0.1953125 0.5390625
vt 0.1953125 0.5625
vt 0.171875 0.5625
vt 0.17578125 0.984375
vt 0.17578125 0.9599609375
vt 0.1953125 0.9599609375
vt 0.1953125 0.984375
vt 0.1953125 0.984375
vt 0.1953125 0.9599609375
vt 0.21875 0.9599609375
vt 0.21875 0.984375
vt 0.4921875 0.7421875
vt 0.4677734375 0.7421875
vt 0.4677734375 0.7265625
vt 0.4921875 0.7265625
vt 0.4453125 0.75
vt 0.4453125 0.7744140625
vt 0.421875 0.7744140625
vt 0.421875 0.75
vt 0.1484375 0.3359375
vt 0.1484375 0.3515625
vt 0.125 0.3515625
vt 0.125 0.3359375
vt 0.26953125 0.890625
vt 0.29609375 0.890625
vt 0.29609375 0.9765625
vt 0.26953125 0.9765625
vt 0.1171875 0.390625
vt 0.1171875 0.4765625
vt 0.09375 0.4765625
vt 0.09375 0.390625
vt 0.25 0.890625
vt 0.25 0.9765625
vt 0.2265625 0.9765625
vt 0.2265625 0.890625
vt 0.15625 0.671875
vt 0.2421875 0.671875
vt 0.2421875 0.6875
vt 0.158203125 0.6875
vt 0 0.841796875
vt 0 0.7578125
vt 0.0234375 0.7578125
vt 0.0234375 0.841796875
vt 0.0234375 0.841796875
vt 0.0234375 0.7578125
vt 0.04296875 0.7578125
vt 0.04296875 0.841796875
vt 0.04296875 0.7578125
vt 0.06953125 0.7578125
vt 0.06953125 0.841796875
vt 0.04296875 0.841796875
vt 0.17578125 0.841796875
vt 0.17578125 0.7578125
vt 0.1953125 0.7578125
vt 0.1953125 0.841796875
vt 0.1953125 0.841796875
vt 0.1953125 0.7578125
vt 0.21875 0.7578125
vt 0.21875 0.841796875
vt 0.349609375 0.7421875
vt 0.265625 0.7421875
vt 0.265625 0.7265625
vt 0.3515625 0.7265625
vt 0.4453125 0.890625
vt 0.4453125 0.9765625
vt 0.421875 0.9765625
vt 0.421875 0.890625
vt 0.1484375 0.390625
vt 0.1484375 0.4765625
vt 0.125 0.4765625
vt 0.125 0.390625
vt 0.5390625 0.484375
vt 0.5234375 0.484375
vt 0.5234375 0.3984375
vt 0.5390625 0.3984375
vt 0.171875 0.46875
vt 0.15625 0.46875
vt 0.15625 0.3828125
vt 0.171875 0.3828125
vt 0.1953125 0.46875
vt 0.1796875 0.46875
vt 0.1796875 0.3828125
vt 0.1953125 0.3828125
vt 0.21875 0.46875
vt 0.203125 0.46875
vt 0.203125 0.3828125
vt 0.21875 0.3828125
vt 0.2265625 0.3828125
vt 0.2421875 0.3828125
vt 0.2421875 0.46875
vt 0.2265625 0.46875
vt 0.25 0.3828125
vt 0.265625 0.3828125
vt 0.265625 0.46875
vt 0.25 0.46875
vt 0.2734375 0.3828125
vt 0.2890625 0.3828125
vt 0.2890625 0.46875
vt 0.2734375 0.46875
vt 0.5390625 0.9140625
vt 0.5546875 0.9140625
vt 0.5546875 1
vt 0.5390625 1
vt 0.203125 0.546875
vt 0.21875 0.546875
vt 0.21875 0.5625
vt 0.203125 0.5625
vt 0.484375 0.5390625
vt 0.5703125 0.5390625
vt 0.5703125 0.5546875
vt 0.484375 0.5546875
vt 0.203125 0.5234375
vt 0.21875 0.5234375
vt 0.21875 0.5390625
vt 0.203125 0.5390625
vt 0.515625 0.65625
vt 0.6015625 0.65625
vt 0.6015625 0.671875
vt 0.515625 0.671875
vt 0.3828125 0.3046875
vt 0.3984375 0.3046875
vt 0.3984375 0.3203125
vt 0.3828125 0.3203125
vt 0.5390625 0.890625
vt 0.625 0.890625
vt 0.625 0.90625
vt 0.5390625 0.90625
vt 0.4453125 0.3046875
vt 0.4609375 0.3046875
vt 0.4609375 0.3203125
vt 0.4453125 0.3203125
vt 0.5390625 0.8671875
vt 0.625 0.8671875
vt 0.625 0.8828125
vt 0.5390625 0.8828125
vt 0.46875 0.3046875
vt 0.484375 0.3046875
vt 0.484375 0.3203125
vt 0.46875 0.3203125
vt 0.5390625 0.84375
vt 0.625 0.84375
vt 0.625 0.859375
vt 0.5390625 0.859375
vt 0.6796875 0.515625
vt 0.6953125 0.515625
vt 0.6953125 0.53125
vt 0.6796875 0.53125
vt 0.5390625 0.8203125
vt 0.625 0.8203125
vt 0.625 0.8359375
vt 0.5390625 0.8359375
vt 0.4921875 0.3046875
vt 0.5078125 0.3046875
vt 0.5078125 0.3203125
vt 0.4921875 0.3203125
vt 0.5390625 0.796875
vt 0.625 0.796875
vt 0.625 0.8125
vt 0.5390625 0.8125
vt 0.515625 0.3046875
vt 0.53125 0.3046875
vt 0.53125 0.3203125
vt 0.515625 0.3203125
vt 0.5390625 0.7734375
vt 0.625 0.7734375
vt 0.625 0.7890625
vt 0.5390625 0.7890625
vt 0.5390625 0.3046875
vt 0.5546875 0.3046875
vt 0.5546875 0.3203125
vt 0.5390625 0.3203125
vt 0.5390625 0.75
vt 0.625 0.75
vt 0.625 0.765625
vt 0.5390625 0.765625
vt 0.5625 0.3046875
vt 0.578125 0.3046875
vt 0.578125 0.3203125
vt 0.5625 0.3203125
vt 0.546875 0.46875
vt 0.6328125 0.46875
vt 0.6328125 0.484375
vt 0.546875 0.484375
vt 0.5859375 0.3046875
vt 0.6015625 0.3046875
vt 0.6015625 0.3203125
vt 0.5859375 0.3203125
vt 0.546875 0.4453125
vt 0.6328125 0.4453125
vt 0.6328125 0.4609375
vt 0.546875 0.4609375
vt 0.609375 0.3046875
vt 0.625 0.3046875
vt 0.625 0.3203125
vt 0.609375 0.3203125
vt 0.5625 0.984375
vt 0.6484375 0.984375
vt 0.6484375 1
vt 0.5625 1
vt 0.6328125 0.3046875
vt 0.6484375 0.3046875
vt 0.6484375 0.3203125
vt 0.6328125 0.3203125
vt 0.5625 0.9609375
vt 0.6484375 0.9609375
vt 0.6484375 0.9765625
vt 0.5625 0.9765625
vt 0.6796875 0.3359375
vt 0.6953125 0.3359375
vt 0.6953125 0.3515625
vt 0.6796875 0.3515625
vt 0.5625 0.9375
vt 0.6484375 0.9375
vt 0.6484375 0.953125
vt 0.5625 0.953125
vt 0.65625 0.3046875
vt 0.671875 0.3046875
vt 0.671875 0.3203125
vt 0.65625 0.3203125
vt 0.5625 0.9140625
vt 0.6484375 0.9140625
vt 0.6484375 0.9296875
vt 0.5625 0.9296875
vt 0.6796875 0.3125
vt 0.6953125 0.3125
vt 0.6953125 0.328125
vt 0.6796875 0.328125
vt 0.296875 0.421875
vt 0.3828125 0.421875
vt 0.3828125 0.4375
vt 0.296875 0.4375
vt 0.390625 0.3515625
vt 0.40625 0.3515625
vt 0.40625 0.4375
vt 0.390625 0.4375
vt 0.4140625 0.3515625
vt 0.4296875 0.3515625
vt 0.4296875 0.4375
vt 0.4140625 0.4375
vt 0.5625 0.3515625
vt 0.5625 0.4375
vt 0.546875 0.4375
vt 0.546875 0.3515625
vt 0.064453125 0.474609375
vt 0.048828125 0.474609375
vt 0.048828125 0.390625
vt 0.064453125 0.390625
vt 0.5703125 0.3515625
vt 0.5859375 0.3515625
vt 0.5859375 0.4375
vt 0.5703125 0.4375
vt 0.001953125 0.390625
vt 0.017578125 0.390625
vt 0.017578125 0.474609375
vt 0.001953125 0.474609375
vt 0.4375 0.421875
vt 0.4375 0.3359375
vt 0.453125 0.3359375
vt 0.453125 0.421875
vt 0.3125 0.328125
vt 0.3125 0.4140625
vt 0.296875 0.4140625
vt 0.296875 0.328125
vt 0 0.296875
vt 0.015625 0.296875
vt 0.015625 0.3125
vt 0 0.3125
vt 0.6796875 0.953125
vt 0.65625 0.953125
vt 0.65625 0.9375
vt 0.6796875 0.9375
vt 0.0390625 0.3125
vt 0.0234375 0.3125
vt 0.0234375 0.296875
vt 0.0390625 0.296875
vt 0.6796875 0.9296875
vt 0.65625 0.9296875
vt 0.65625 0.9140625
vt 0.6796875 0.9140625
vt 0.0625 0.3125
vt 0.046875 0.3125
vt 0.046875 0.296875
vt 0.0625 0.296875
vt 0.1796875 0.34375
vt 0.15625 0.34375
vt 0.15625 0.328125
vt 0.1796875 0.328125
vt 0.703125 0.953125
vt 0.6875 0.953125
vt 0.6875 0.9375
vt 0.703125 0.9375
vt 0.2109375 0.34375
vt 0.1875 0.34375
vt 0.1875 0.328125
vt 0.2109375 0.328125
vt 0.0859375 0.3125
vt 0.0703125 0.3125
vt 0.0703125 0.296875
vt 0.0859375 0.296875
vt 0.2421875 0.34375
vt 0.21875 0.34375
vt 0.21875 0.328125
vt 0.2421875 0.328125
vt 0.703125 0.9296875
vt 0.6875 0.9296875
vt 0.6875 0.9140625
vt 0.703125 0.9140625
vt 0.2734375 0.34375
vt 0.25 0.34375
vt 0.25 0.328125
vt 0.2734375 0.328125
vt 0.109375 0.3125
vt 0.09375 0.3125
vt 0.09375 0.296875
vt 0.109375 0.296875
vt 0.40625 0.34375
vt 0.3828125 0.34375
vt 0.3828125 0.328125
vt 0.40625 0.328125
vt 0.3125 0.296875
vt 0.328125 0.296875
vt 0.328125 0.3125
vt 0.3125 0.3125
vt 0.6796875 0.5546875
vt 0.65625 0.5546875
vt 0.65625 0.5390625
vt 0.6796875 0.5390625
vt 0.703125 0.6796875
vt 0.6875 0.6796875
vt 0.6875 0.6640625
vt 0.703125 0.6640625
vt 0.484375 0.34375
vt 0.4609375 0.34375
vt 0.4609375 0.328125
vt 0.484375 0.328125
vt 0.3515625 0.3125
vt 0.3359375 0.3125
vt 0.3359375 0.296875
vt 0.3515625 0.296875
vt 0.515625 0.34375
vt 0.4921875 0.34375
vt 0.4921875 0.328125
vt 0.515625 0.328125
vt 0.375 0.3125
vt 0.359375 0.3125
vt 0.359375 0.296875
vt 0.375 0.296875
vt 0.546875 0.34375
vt 0.5234375 0.34375
vt 0.5234375 0.328125
vt 0.546875 0.328125
vt 0.703125 0.5546875
vt 0.6875 0.5546875
vt 0.6875 0.5390625
vt 0.703125 0.5390625
vt 0.578125 0.34375
vt 0.5546875 0.34375
vt 0.5546875 0.328125
vt 0.578125 0.328125
vt 0.609375 0.328125
vt 0.609375 0.34375
vt 0.5859375 0.34375
vt 0.5859375 0.328125
vt 0.6171875 0.34375
vt 0.6171875 0.328125
vt 0.640625 0.328125
vt 0.640625 0.34375
vt 0.6484375 0.34375
vt 0.6484375 0.328125
vt 0.671875 0.328125
vt 0.671875 0.34375
vt 0.0234375 0.3203125
vt 0.0234375 0.3359375
vt 0 0.3359375
vt 0 0.3203125
vt 0.0546875 0.3203125
vt 0.0546875 0.3359375
vt 0.03125 0.3359375
vt 0.03125 0.3203125
vt 0.0859375 0.3203125
vt 0.0859375 0.3359375
vt 0.0625 0.3359375
vt 0.0625 0.3203125
vt 0.40234375 1
vt 0.40234375 0.9765625
vt 0.421875 0.9765625
vt 0.421875 1
vt 0.421875 0.8583984375
vt 0.421875 0.890625
vt 0.40234375 0.890625
vt 0.40234375 0.8583984375
vt 0.40234375 0.7744140625
vt 0.40234375 0.75
vt 0.421875 0.75
vt 0.421875 0.7744140625
vt 0.25 0.7744140625
vt 0.25 0.75
vt 0.26953125 0.75
vt 0.26953125 0.7744140625
vt 0.26953125 0.8583984375
vt 0.26953125 0.890625
vt 0.25 0.890625
vt 0.25 0.8583984375
vt 0.26953125 0.9765625
vt 0.26953125 1
vt 0.25 1
vt 0.25 0.9765625
vt 0.1328125 0.3046875
vt 0.1171875 0.3046875
vt 0.1171875 0.2890625
vt 0.1328125 0.2890625
vt 0.1171875 0.3203125
vt 0.1171875 0.3359375
vt 0.09375 0.3359375
vt 0.09375 0.3203125
vt 0.6953125 0.859375
vt 0.7109375 0.859375
vt 0.7109375 0.875
vt 0.6953125 0.875
vt 0.6640625 0.875
vt 0.6640625 0.859375
vt 0.6875 0.859375
vt 0.6875 0.875
vt 0.6875 0.8359375
vt 0.6875 0.8515625
vt 0.6640625 0.8515625
vt 0.6640625 0.8359375
vt 0.6875 0.734375
vt 0.6875 0.75
vt 0.6640625 0.75
vt 0.6640625 0.734375
vt 0.7109375 0.8515625
vt 0.6953125 0.8515625
vt 0.6953125 0.8359375
vt 0.7109375 0.8359375
vt 0.6640625 0.7265625
vt 0.6640625 0.7109375
vt 0.6875 0.7109375
vt 0.6875 0.7265625
vt 0.6953125 0.8125
vt 0.7109375 0.8125
vt 0.7109375 0.828125
vt 0.6953125 0.828125
vt 0.6875 0.6875
vt 0.6875 0.703125
vt 0.6640625 0.703125
vt 0.6640625 0.6875
vt 0.34375 0.3203125
vt 0.34375 0.3359375
vt 0.3203125 0.3359375
vt 0.3203125 0.3203125
vt 0.375 0.3203125
vt 0.375 0.3359375
vt 0.3515625 0.3359375
vt 0.3515625 0.3203125
vt 0.0234375 0.7109375
vt 0 0.7109375
vt 0 0.6953125
vt 0.0234375 0.6953125
vt 0 0.71875
vt 0.0234375 0.71875
vt 0.0234375 0.734375
vt 0 0.734375
vt 0.28125 0.671875
vt 0.28125 0.6875
vt 0.265625 0.6875
vt 0.265625 0.671875
vt 0.0234375 0.71875
vt 0.04296875 0.71875
vt 0.04296875 0.734375
vt 0.0234375 0.734375
vt 0.04296875 0.7109375
vt 0.0234375 0.7109375
vt 0.0234375 0.6953125
vt 0.04296875 0.6953125
vt 0.04296875 0.6953125
vt 0.06953125 0.6953125
vt 0.06953125 0.7109375
vt 0.04296875 0.7109375
vt 0.04296875 0.71875
vt 0.06953125 0.71875
vt 0.06953125 0.734375
vt 0.04296875 0.734375
vt 0.1953125 0.7109375
vt 0.17578125 0.7109375
vt 0.17578125 0.6953125
vt 0.1953125 0.6953125
vt 0.17578125 0.71875
vt 0.1953125 0.71875
vt 0.1953125 0.734375
vt 0.17578125 0.734375
vt 0.1953125 0.71875
vt 0.21875 0.71875
vt 0.21875 0.734375
vt 0.1953125 0.734375
vt 0.21875 0.7109375
vt 0.1953125 0.7109375
vt 0.1953125 0.6953125
vt 0.21875 0.6953125
vt 0.2265625 0.7421875
vt 0.2265625 0.7265625
vt 0.2421875 0.7265625
vt 0.2421875 0.7421875
vt 0.2890625 0.640625
vt 0.3125 0.640625
vt 0.3125 0.671875
vt 0.2890625 0.671875
vt 0.265625 0.640625
vt 0.28125 0.640625
vt 0.28125 0.671875
vt 0.265625 0.671875
vt 0.453125 0.6015625
vt 0.4765625 0.6015625
vt 0.4765625 0.6328125
vt 0.453125 0.6328125
vt 0.3125 0.640625
vt 0.33203125 0.640625
vt 0.33203125 0.671875
vt 0.3125 0.671875
vt 0.43359375 0.6015625
vt 0.453125 0.6015625
vt 0.453125 0.6328125
vt 0.43359375 0.6328125
vt 0.33203125 0.640625
vt 0.35859375 0.640625
vt 0.35859375 0.671875
vt 0.33203125 0.671875
vt 0.43359375 0.6328125
vt 0.40703125 0.6328125
vt 0.40703125 0.6015625
vt 0.43359375 0.6015625
vt 0.46484375 0.640625
vt 0.484375 0.640625
vt 0.484375 0.671875
vt 0.46484375 0.671875
vt 0.28125 0.6015625
vt 0.30078125 0.6015625
vt 0.30078125 0.6328125
vt 0.28125 0.6328125
vt 0.484375 0.640625
vt 0.5078125 0.640625
vt 0.5078125 0.671875
vt 0.484375 0.671875
vt 0.2578125 0.6015625
vt 0.28125 0.6015625
vt 0.28125 0.6328125
vt 0.2578125 0.6328125
vt 0.2265625 0.6953125
vt 0.2421875 0.6953125
vt 0.2421875 0.7265625
vt 0.2265625 0.7265625
vt 0.453125 0.6953125
vt 0.4765625 0.6953125
vt 0.4765625 0.7109375
vt 0.453125 0.7109375
vt 0.21875 1
vt 0.1953125 1
vt 0.1953125 0.984375
vt 0.21875 0.984375
vt 0.5078125 0.7265625
vt 0.5078125 0.7421875
vt 0.4921875 0.7421875
vt 0.4921875 0.7265625
vt 0.1953125 1
vt 0.17578125 1
vt 0.17578125 0.984375
vt 0.1953125 0.984375
vt 0.43359375 0.6953125
vt 0.453125 0.6953125
vt 0.453125 0.7109375
vt 0.43359375 0.7109375
vt 0.04296875 0.984375
vt 0.06953125 0.984375
vt 0.06953125 1
vt 0.04296875 1
vt 0.30078125 0.6953125
vt 0.32734375 0.6953125
vt 0.32734375 0.7109375
vt 0.30078125 0.7109375
vt 0.28125 0.6953125
vt 0.30078125 0.6953125
vt 0.30078125 0.7109375
vt 0.28125 0.7109375
vt 0.04296875 1
vt 0.0234375 1
vt 0.0234375 0.984375
vt 0.04296875 0.984375
vt 0.0234375 1
vt 0 1
vt 0 0.984375
vt 0.0234375 0.984375
vt 0.2578125 0.6953125
vt 0.28125 0.6953125
vt 0.28125 0.7109375
vt 0.2578125 0.7109375
vt 0 0.6875
vt 0 0.671875
vt 0.015625 0.671875
vt 0.015625 0.6875
vt 0.03125 0.609375
vt 0.0546875 0.609375
vt 0.0546875 0.640625
vt 0.03125 0.640625
vt 0.4921875 0.6953125
vt 0.5078125 0.6953125
vt 0.5078125 0.7265625
vt 0.4921875 0.7265625
vt 0.1953125 0.5703125
vt 0.21875 0.5703125
vt 0.21875 0.6015625
vt 0.1953125 0.6015625
vt 0.0546875 0.609375
vt 0.07421875 0.609375
vt 0.07421875 0.640625
vt 0.0546875 0.640625
vt 0.17578125 0.5703125
vt 0.1953125 0.5703125
vt 0.1953125 0.6015625
vt 0.17578125 0.6015625
vt 0.20703125 0.640625
vt 0.18046875 0.640625
vt 0.18046875 0.609375
vt 0.20703125 0.609375
vt 0.04296875 0.5703125
vt 0.06953125 0.5703125
vt 0.06953125 0.6015625
vt 0.04296875 0.6015625
vt 0.20703125 0.609375
vt 0.2265625 0.609375
vt 0.2265625 0.640625
vt 0.20703125 0.640625
vt 0.0234375 0.5703125
vt 0.04296875 0.5703125
vt 0.04296875 0.6015625
vt 0.0234375 0.6015625
vt 0.2265625 0.609375
vt 0.25 0.609375
vt 0.25 0.640625
vt 0.2265625 0.640625
vt 0 0.5703125
vt 0.0234375 0.5703125
vt 0.0234375 0.6015625
vt 0 0.6015625
vt 0 0.640625
vt 0.015625 0.640625
vt 0.015625 0.671875
vt 0 0.671875
vt 0.1484375 0.328125
vt 0.125 0.328125
vt 0.125 0.3125
vt 0.1484375 0.3125
vt 0.59375 0.5078125
vt 0.5671875 0.5078125
vt 0.5671875 0.4921875
vt 0.59375 0.4921875
vt 0.4375 0.328125
vt 0.4140625 0.328125
vt 0.4140625 0.3125
vt 0.4375 0.3125
vt 0.484375 0.6015625
vt 0.5109375 0.6015625
vt 0.5109375 0.6171875
vt 0.484375 0.6171875
vt 0.6953125 0.4453125
vt 0.671875 0.4453125
vt 0.671875 0.4296875
vt 0.6953125 0.4296875
vt 0.484375 0.5625
vt 0.5109375 0.5625
vt 0.5109375 0.578125
vt 0.484375 0.578125
vt 0.6953125 0.421875
vt 0.671875 0.421875
vt 0.671875 0.40625
vt 0.6953125 0.40625
vt 0.3046875 0.4921875
vt 0.278125 0.4921875
vt 0.278125 0.4765625
vt 0.3046875 0.4765625
vt 0.34375 0.4140625
vt 0.3203125 0.4140625
vt 0.3203125 0.390625
vt 0.34375 0.390625
vt 0.375 0.4140625
vt 0.3515625 0.4140625
vt 0.3515625 0.390625
vt 0.375 0.390625
vt 0.34375 0.3828125
vt 0.3203125 0.3828125
vt 0.3203125 0.359375
vt 0.34375 0.359375
vt 0.375 0.3828125
vt 0.3515625 0.3828125
vt 0.3515625 0.359375
vt 0.375 0.359375
vt 0.6171875 0.6171875
vt 0.590625 0.6171875
vt 0.590625 0.6015625
vt 0.6171875 0.6015625
vt 0.590625 0.6171875
vt 0.5640625 0.6171875
vt 0.5640625 0.6015625
vt 0.590625 0.6015625
vt 0.5640625 0.6171875
vt 0.5375 0.6171875
vt 0.5375 0.6015625
vt 0.5640625 0.6015625
vt 0.5375 0.6171875
vt 0.5109375 0.6171875
vt 0.5109375 0.6015625
vt 0.5375 0.6015625
vt 0.17578125 0.734375
vt 0.14921875 0.734375
vt 0.14921875 0.71875
vt 0.17578125 0.71875
vt 0.14921875 0.734375
vt 0.12265625 0.734375
vt 0.12265625 0.71875
vt 0.14921875 0.71875
vt 0.12265625 0.734375
vt 0.09609375 0.734375
vt 0.09609375 0.71875
vt 0.12265625 0.71875
vt 0.09609375 0.734375
vt 0.06953125 0.734375
vt 0.06953125 0.71875
vt 0.09609375 0.71875
vt 0.46484375 0.6875
vt 0.43828125 0.6875
vt 0.43828125 0.671875
vt 0.46484375 0.671875
vt 0.43828125 0.6875
vt 0.41171875 0.6875
vt 0.41171875 0.671875
vt 0.43828125 0.671875
vt 0.41171875 0.6875
vt 0.38515625 0.6875
vt 0.38515625 0.671875
vt 0.41171875 0.671875
vt 0.38515625 0.6875
vt 0.35859375 0.6875
vt 0.35859375 0.671875
vt 0.38515625 0.671875
vt 0.46484375 0.671875
vt 0.43828125 0.671875
vt 0.43828125 0.640625
vt 0.46484375 0.640625
vt 0.43828125 0.671875
vt 0.41171875 0.671875
vt 0.41171875 0.640625
vt 0.43828125 0.640625
vt 0.41171875 0.671875
vt 0.38515625 0.671875
vt 0.38515625 0.640625
vt 0.41171875 0.640625
vt 0.38515625 0.671875
vt 0.35859375 0.671875
vt 0.35859375 0.640625
vt 0.38515625 0.640625
vt 0.17578125 0.7109375
vt 0.14921875 0.7109375
vt 0.14921875 0.6953125
vt 0.17578125 0.6953125
vt 0.14921875 0.7109375
vt 0.12265625 0.7109375
vt 0.12265625 0.6953125
vt 0.14921875 0.6953125
vt 0.12265625 0.7109375
vt 0.09609375 0.7109375
vt 0.09609375 0.6953125
vt 0.12265625 0.6953125
vt 0.09609375 0.7109375
vt 0.06953125 0.7109375
vt 0.06953125 0.6953125
vt 0.09609375 0.6953125
vt 0.30078125 0.6015625
vt 0.32734375 0.6015625
vt 0.32734375 0.6328125
vt 0.30078125 0.6328125
vt 0.32734375 0.6015625
vt 0.35390625 0.6015625
vt 0.35390625 0.6328125
vt 0.32734375 0.6328125
vt 0.35390625 0.6015625
vt 0.38046875 0.6015625
vt 0.38046875 0.6328125
vt 0.35390625 0.6328125
vt 0.38046875 0.6015625
vt 0.40703125 0.6015625
vt 0.40703125 0.6328125
vt 0.38046875 0.6328125
vt 0.40234375 1
vt 0.37578125 1
vt 0.37578125 0.9765625
vt 0.40234375 0.9765625
vt 0.37578125 1
vt 0.34921875 1
vt 0.34921875 0.9765625
vt 0.37578125 0.9765625
vt 0.34921875 1
vt 0.32265625 1
vt 0.32265625 0.9765625
vt 0.34921875 0.9765625
vt 0.32265625 1
vt 0.29609375 1
vt 0.29609375 0.9765625
vt 0.32265625 0.9765625
vt 0.40234375 0.9765625
vt 0.37578125 0.9765625
vt 0.37578125 0.890625
vt 0.40234375 0.890625
vt 0.37578125 0.9765625
vt 0.34921875 0.9765625
vt 0.34921875 0.890625
vt 0.37578125 0.890625
vt 0.34921875 0.9765625
vt 0.32265625 0.9765625
vt 0.32265625 0.890625
vt 0.34921875 0.890625
vt 0.32265625 0.9765625
vt 0.29609375 0.9765625
vt 0.29609375 0.890625
vt 0.32265625 0.890625
vt 0.40234375 0.890625
vt 0.37578125 0.890625
vt 0.37578125 0.8583984375
vt 0.40234375 0.8583984375
vt 0.37578125 0.890625
vt 0.34921875 0.890625
vt 0.34921875 0.8583984375
vt 0.37578125 0.8583984375
vt 0.34921875 0.890625
vt 0.32265625 0.890625
vt 0.32265625 0.8583984375
vt 0.34921875 0.8583984375
vt 0.32265625 0.890625
vt 0.29609375 0.890625
vt 0.29609375 0.8583984375
vt 0.32265625 0.8583984375
vt 0.40234375 0.8583984375
vt 0.37578125 0.8583984375
vt 0.37578125 0.7744140625
vt 0.40234375 0.7744140625
vt 0.37578125 0.8583984375
vt 0.34921875 0.8583984375
vt 0.34921875 0.7744140625
vt 0.37578125 0.7744140625
vt 0.34921875 0.8583984375
vt 0.32265625 0.8583984375
vt 0.32265625 0.7744140625
vt 0.34921875 0.7744140625
vt 0.32265625 0.8583984375
vt 0.29609375 0.8583984375
vt 0.29609375 0.7744140625
vt 0.32265625 0.7744140625
vt 0.40234375 0.7744140625
vt 0.37578125 0.7744140625
vt 0.37578125 0.75
vt 0.40234375 0.75
vt 0.37578125 0.7744140625
vt 0.34921875 0.7744140625
vt 0.34921875 0.75
vt 0.37578125 0.75
vt 0.34921875 0.7744140625
vt 0.32265625 0.7744140625
vt 0.32265625 0.75
vt 0.34921875 0.75
vt 0.32265625 0.7744140625
vt 0.29609375 0.7744140625
vt 0.29609375 0.75
vt 0.32265625 0.75
vt 0.17578125 0.6015625
vt 0.14921875 0.6015625
vt 0.14921875 0.5703125
vt 0.17578125 0.5703125
vt 0.14921875 0.6015625
vt 0.12265625 0.6015625
vt 0.12265625 0.5703125
vt 0.14921875 0.5703125
vt 0.12265625 0.6015625
vt 0.09609375 0.6015625
vt 0.09609375 0.5703125
vt 0.12265625 0.5703125
vt 0.09609375 0.6015625
vt 0.06953125 0.6015625
vt 0.06953125 0.5703125
vt 0.09609375 0.5703125
vt 0.43359375 0.7109375
vt 0.40703125 0.7109375
vt 0.40703125 0.6953125
vt 0.43359375 0.6953125
vt 0.40703125 0.7109375
vt 0.38046875 0.7109375
vt 0.38046875 0.6953125
vt 0.40703125 0.6953125
vt 0.38046875 0.7109375
vt 0.35390625 0.7109375
vt 0.35390625 0.6953125
vt 0.38046875 0.6953125
vt 0.35390625 0.7109375
vt 0.32734375 0.7109375
vt 0.32734375 0.6953125
vt 0.35390625 0.6953125
vt 0.07421875 0.609375
vt 0.10078125 0.609375
vt 0.10078125 0.640625
vt 0.07421875 0.640625
vt 0.10078125 0.609375
vt 0.12734375 0.609375
vt 0.12734375 0.640625
vt 0.10078125 0.640625
vt 0.12734375 0.609375
vt 0.15390625 0.609375
vt 0.15390625 0.640625
vt 0.12734375 0.640625
vt 0.15390625 0.609375
vt 0.18046875 0.609375
vt 0.18046875 0.640625
vt 0.15390625 0.640625
vt 0.07421875 0.640625
vt 0.10078125 0.640625
vt 0.10078125 0.65625
vt 0.07421875 0.65625
vt 0.10078125 0.640625
vt 0.12734375 0.640625
vt 0.12734375 0.65625
vt 0.10078125 0.65625
vt 0.12734375 0.640625
vt 0.15390625 0.640625
vt 0.15390625 0.65625
vt 0.12734375 0.65625
vt 0.15390625 0.640625
vt 0.18046875 0.640625
vt 0.18046875 0.65625
vt 0.15390625 0.65625
vt 0.17578125 1
vt 0.14921875 1
vt 0.14921875 0.984375
vt 0.17578125 0.984375
vt 0.14921875 1
vt 0.12265625 1
vt 0.12265625 0.984375
vt 0.14921875 0.984375
vt 0.12265625 1
vt 0.09609375 1
vt 0.09609375 0.984375
vt 0.12265625 0.984375
vt 0.09609375 1
vt 0.06953125 1
vt 0.06953125 0.984375
vt 0.09609375 0.984375
vt 0.171875 0.4765625
vt 0.1984375 0.4765625
vt 0.1984375 0.4921875
vt 0.171875 0.4921875
vt 0.1984375 0.4765625
vt 0.225 0.4765625
vt 0.225 0.4921875
vt 0.1984375 0.4921875
vt 0.225 0.4765625
vt 0.2515625 0.4765625
vt 0.2515625 0.4921875
vt 0.225 0.4921875
vt 0.2515625 0.4765625
vt 0.278125 0.4765625
vt 0.278125 0.4921875
vt 0.2515625 0.4921875
vt 0.2578125 0.375
vt 0.234375 0.375
vt 0.234375 0.3515625
vt 0.2578125 0.3515625
vt 0.2890625 0.375
vt 0.265625 0.375
vt 0.265625 0.3515625
vt 0.2890625 0.3515625
vt 0.65625 0.875
vt 0.6328125 0.875
vt 0.6328125 0.8515625
vt 0.65625 0.8515625
vt 0.65625 0.84375
vt 0.6328125 0.84375
vt 0.6328125 0.8203125
vt 0.65625 0.8203125
vt 0.6171875 0.578125
vt 0.590625 0.578125
vt 0.590625 0.5625
vt 0.6171875 0.5625
vt 0.590625 0.578125
vt 0.5640625 0.578125
vt 0.5640625 0.5625
vt 0.590625 0.5625
vt 0.5640625 0.578125
vt 0.5375 0.578125
vt 0.5375 0.5625
vt 0.5640625 0.5625
vt 0.5375 0.578125
vt 0.5109375 0.578125
vt 0.5109375 0.5625
vt 0.5375 0.5625
vt 0.17578125 0.9599609375
vt 0.14921875 0.9599609375
vt 0.14921875 0.8759765625
vt 0.17578125 0.8759765625
vt 0.14921875 0.9599609375
vt 0.12265625 0.9599609375
vt 0.12265625 0.8759765625
vt 0.14921875 0.8759765625
vt 0.12265625 0.9599609375
vt 0.09609375 0.9599609375
vt 0.09609375 0.8759765625
vt 0.12265625 0.8759765625
vt 0.09609375 0.9599609375
vt 0.06953125 0.9599609375
vt 0.06953125 0.8759765625
vt 0.09609375 0.8759765625
vt 0.17578125 0.8759765625
vt 0.14921875 0.8759765625
vt 0.14921875 0.841796875
vt 0.17578125 0.841796875
vt 0.14921875 0.8759765625
vt 0.12265625 0.8759765625
vt 0.12265625 0.841796875
vt 0.14921875 0.841796875
vt 0.12265625 0.8759765625
vt 0.09609375 0.8759765625
vt 0.09609375 0.841796875
vt 0.12265625 0.841796875
vt 0.09609375 0.8759765625
vt 0.06953125 0.8759765625
vt 0.06953125 0.841796875
vt 0.09609375 0.841796875
vt 0.17578125 0.841796875
vt 0.14921875 0.841796875
vt 0.14921875 0.7578125
vt 0.17578125 0.7578125
vt 0.14921875 0.841796875
vt 0.12265625 0.841796875
vt 0.12265625 0.7578125
vt 0.14921875 0.7578125
vt 0.12265625 0.841796875
vt 0.09609375 0.841796875
vt 0.09609375 0.7578125
vt 0.12265625 0.7578125
vt 0.09609375 0.841796875
vt 0.06953125 0.841796875
vt 0.06953125 0.7578125
vt 0.09609375 0.7578125
vt 0.4609375 0.4921875
vt 0.4875 0.4921875
vt 0.4875 0.5078125
vt 0.4609375 0.5078125
vt 0.4875 0.4921875
vt 0.5140625 0.4921875
vt 0.5140625 0.5078125
vt 0.4875 0.5078125
vt 0.5140625 0.4921875
vt 0.540625 0.4921875
vt 0.540625 0.5078125
vt 0.5140625 0.5078125
vt 0.540625 0.4921875
vt 0.5671875 0.4921875
vt 0.5671875 0.5078125
vt 0.540625 0.5078125
vt 0.5140625 0.5234375
vt 0.4875 0.5234375
vt 0.4875 0.5078125
vt 0.5140625 0.5078125
vt 0.6953125 0.3984375
vt 0.671875 0.3984375
vt 0.671875 0.3828125
vt 0.6953125 0.3828125
vt 0.590625 0.6328125
vt 0.5640625 0.6328125
vt 0.5640625 0.6171875
vt 0.590625 0.6171875
vt 0.6953125 0.375
vt 0.671875 0.375
vt 0.671875 0.359375
vt 0.6953125 0.359375
vt 0.5671875 0.5234375
vt 0.540625 0.5234375
vt 0.540625 0.5078125
vt 0.5671875 0.5078125
vt 0.1796875 0.3203125
vt 0.15625 0.3203125
vt 0.15625 0.3046875
vt 0.1796875 0.3046875
vt 0.5375 0.6328125
vt 0.5109375 0.6328125
vt 0.5109375 0.6171875
vt 0.5375 0.6171875
vt 0.2109375 0.3203125
vt 0.1875 0.3203125
vt 0.1875 0.3046875
vt 0.2109375 0.3046875
vt 0.278125 0.5078125
vt 0.2515625 0.5078125
vt 0.2515625 0.4921875
vt 0.278125 0.4921875
vt 0.2421875 0.3203125
vt 0.21875 0.3203125
vt 0.21875 0.3046875
vt 0.2421875 0.3046875
vt 0.5375 0.59375
vt 0.5109375 0.59375
vt 0.5109375 0.578125
vt 0.5375 0.578125
vt 0.2734375 0.3203125
vt 0.25 0.3203125
vt 0.25 0.3046875
vt 0.2734375 0.3046875
vt 0.225 0.5078125
vt 0.1984375 0.5078125
vt 0.1984375 0.4921875
vt 0.225 0.4921875
vt 0.3046875 0.3203125
vt 0.28125 0.3203125
vt 0.28125 0.3046875
vt 0.3046875 0.3046875
vt 0.590625 0.59375
vt 0.5640625 0.59375
vt 0.5640625 0.578125
vt 0.590625 0.578125
vt 0.703125 0.6484375
vt 0.6796875 0.6484375
vt 0.6796875 0.6328125
vt 0.703125 0.6328125
vn 1 0 0
vn -1 0 0
vn 0 1 0
vn 0 -1 0
vn 0 0 1
vn 0 0 -1
vn 0 -1 0
vn 0 0 -1
vn 0 1 0
vn 0 0 1
vn 0 -1 0
vn 0 0 1
vn 0 1 0
vn 0 0 -1
vn 0 -1 0
vn 0 0 1
vn 0 1 0
vn 0 0 -1
vn 0 -1 0
vn 0 0 -1
vn 0 1 0
vn 0 0 1
vn 0 -1 0
vn 0 -1 0
vn 0 -1 0
vn -1 0 0
vn 0 1 0
vn 0 1 0
vn 0 1 0
vn 0 1 0
vn 0 1 0
vn 1 0 0
vn 0 -1 0
vn 0 -1 0
vn 0 -1 0
vn 0 -1 0
vn 0 -1 0
vn 1 0 0
vn 0 1 0
vn 0 1 0
vn 0 1 0
vn 0 1 0
vn 0 1 0
vn -1 0 0
vn 0 -1 0
vn 0 -1 0
vn 0 -1 0
vn 0 -1 0
vn 0 -1 0
vn -1 0 0
vn 0 1 0
vn 0 1 0
vn 0 1 0
vn 0 1 0
vn 0 1 0
vn 1 0 0
vn 0 -1 0
vn 0 -1 0
vn 0 -1 0
vn 0 -1 0
vn 0 -1 0
vn -1 0 0
vn 0 1 0
vn 0 1 0
vn 0 1 0
vn 0 1 0
vn 0 1 0
vn 1 0 0
vn 0 -1 0
vn 0 -1 0
vn 0 1 0
vn 0 -1 0
vn 0 -1 0
vn 0 1 0
vn 0 -1 0
vn 0 -1 0
vn 0 -1 0
vn 0 -1 0
vn 0 0 -1
vn 1 0 0
vn 0 0 1
vn -1 0 0
vn 0 0 -1
vn 1 0 0
vn 0 0 1
vn -1 0 0
vn 0 0 1
vn 1 0 0
vn 0 0 -1
vn -1 0 0
vn 0 0 1
vn -1 0 0
vn 0 0 -1
vn 1 0 0
vn 0 0 1
vn -1 0 0
vn 0 0 -1
vn 1 0 0
vn 0 0 -1
vn 1 0 0
vn 0 0 1
vn -1 0 0
vn 0 0 -1
vn 1 0 0
vn 0 0 1
vn -1 0 0
vn 0 0 1
vn 1 0 0
vn 0 0 -1
vn -1 0 0
vn 0 -1 0
vn 0 -1 0
vn 0 -1 0
vn 0 -1 0
vn 0 -1 0
vn 0 -1 0
vn 0 -1 0
vn 0 -1 0
vn 1 0 0
vn 0 0 1
vn -1 0 0
vn 0 0 -1
vn 1 0 0
vn 0 0 1
vn -1 0 0
vn 0 0 -1
vn 1 0 0
vn 0 0 1
vn -1 0 0
vn 0 0 -1
vn 1 0 0
vn 0 0 1
vn -1 0 0
vn 0 0 -1
vn -1 0 0
vn 0 0 -1
vn 1 0 0
vn 0 0 1
vn -1 0 0
vn 0 0 -1
vn 1 0 0
vn 0 0 1
vn 0 1 0
vn 0 1 0
vn 0 1 0
vn 0 1 0
vn 0 1 0
vn 0 1 0
vn 0 -1 0
vn 0 -1 0
vn 0 -1 0
vn 0 -1 0
vn 0 -1 0
vn 0 -1 0
vn -1 0 0
vn 0 1 0
vn 1 0 0
vn 0 -1 0
vn 0 0 -1
vn 0 0 1
vn 1 0 0
vn 0 1 0
vn -1 0 0
vn 0 -1 0
vn 0 0 -1
vn 0 0 1
vn 0 -1 0
vn 0 1 0
vn -1 0 0
vn 0 1 0
vn 0 -1 0
vn 0 -1 0
vn 0 1 0
vn 0 -1 0
vn 0 1 0
vn 0 1 0
vn 0 -1 0
vn 1 0 0
vn 0 0 1
vn -1 0 0
vn 0 0 -1
vn 0 0 1
vn 0 0 -1
vn 0 0 1
vn 0 0 -1
vn 0 0 1
vn 0 0 -1
vn 0 0 1
vn 0 0 -1
vn 1 0 0
vn 0 -1 0
vn 0 1 0
vn 1 0 0
vn 0 1 0
vn 0 -1 0
vn 0 1 0
vn 0 -1 0
vn 0 -1 0
vn 0 1 0
vn 0 1 0
vn 0 -1 0
vn -1 0 0
vn 0 0 -1
vn 1 0 0
vn 0 0 1
vn 0 0 -1
vn 0 0 1
vn 0 0 -1
vn 0 0 1
vn 0 0 -1
vn 0 0 1
vn 0 0 -1
vn 0 0 1
vn -1 0 0
vn 1 0 0
vn 0 0 -1
vn -1 0 0
vn 0 0 1
vn -1 0 0
vn 0 0 1
vn 1 0 0
vn 0 0 -1
vn 0 1 0
vn 0 1 0
vn 0 1 0
vn 0 1 0
vn 0 0 1
vn 0 0 1
vn 0 0 1
vn 0 0 1
vn 0 1 0
vn 0 1 0
vn 0 1 0
vn 0 1 0
vn 0 0 1
vn 0 0 1
vn 0 0 1
vn 0 0 1
vn 0 0 1
vn 0 0 1
vn 0 0 1
vn 0 0 1
vn 0 -1 0
vn 0 -1 0
vn 0 -1 0
vn 0 -1 0
vn 0 0 -1
vn 0 0 -1
vn 0 0 -1
vn 0 0 -1
vn 0 -1 0
vn 0 -1 0
vn 0 -1 0
vn 0 -1 0
vn 0 -1 0
vn 0 -1 0
vn 0 -1 0
vn 0 -1 0
vn 0 -1 0
vn 0 -1 0
vn 0 -1 0
vn 0 -1 0
vn 0 -1 0
vn 0 -1 0
vn 0 -1 0
vn 0 -1 0
vn 0 -1 0
vn 0 -1 0
vn 0 -1 0
vn 0 -1 0
vn 0 0 1
vn 0 0 1
vn 0 0 1
vn 0 0 1
vn 0 -1 0
vn 0 -1 0
vn 0 -1 0
vn 0 -1 0
vn 0 0 -1
vn 0 0 -1
vn 0 0 -1
vn 0 0 -1
vn 0 0 -1
vn 0 0 -1
vn 0 0 -1
vn 0 0 -1
vn 0 1 0
vn 0 1 0
vn 0 1 0
vn 0 1 0
vn 0 0 -1
vn 0 0 -1
vn 0 0 -1
vn 0 0 -1
vn 0 1 0
vn 0 1 0
vn 0 1 0
vn 0 1 0
vn 0 0 1
vn 0 0 1
vn 0 0 1
vn 0 0 1
vn 0 1 0
vn 0 1 0
vn 0 1 0
vn 0 1 0
vn 0 1 0
vn 0 1 0
vn 0 1 0
vn 0 1 0
vn 0 1 0
vn 0 1 0
vn 0 1 0
vn 0 1 0
vn 0 0 -1
vn 0 0 -1
vn 0 0 -1
vn 0 0 -1
vn 0 0 -1
vn -1 0 0
vn 0 0 1
vn 1 0 0
vn 0 0 -1
vn -1 0 0
vn 0 0 1
vn 1 0 0
vn 0 0 -1
vn -1 0 0
vn 0 0 1
vn 1 0 0
vn 0 0 -1
vn -1 0 0
vn 0 0 1
vn 1 0 0
usemtl m_7e3ab7cf-27c2-e2e7-097a-74cd770501f6
f 3/1/1 71/2/1 70/3/1 1/4/1
f 5/5/2 65/6/2 64/7/2 7/8/2
f 12/9/3 67/10/3 66/11/3 19/12/3
f 165/13/4 167/14/4 166/15/4 168/16/4
f 205/17/5 203/18/5 202/19/5 206/20/5
f 232/21/6 234/22/6 233/23/6 231/24/6
f 169/25/7 171/26/7 170/27/7 172/28/7
f 229/29/8 227/30/8 226/31/8 230/32/8
f 24/33/9 69/34/9 68/35/9 15/36/9
f 207/37/10 210/38/10 209/39/10 208/40/10
f 62/41/11 292/42/11 288/43/11 9/44/11
f 206/45/12 276/46/12 272/47/12 205/48/12
f 252/49/13 264/50/13 263/51/13 250/52/13
f 231/53/14 324/54/14 320/55/14 232/56/14
f 7/57/15 64/58/15 63/59/15 18/60/15
f 201/61/16 202/62/16 203/63/16 204/64/16
f 19/65/17 66/66/17 65/67/17 5/68/17
f 235/69/18 233/70/18 234/71/18 236/72/18
f 21/73/19 72/74/19 71/75/19 3/76/19
f 225/77/20 226/78/20 227/79/20 228/80/20
f 1/81/21 70/82/21 69/83/21 24/84/21
f 211/85/22 209/86/22 210/87/22 212/88/22
f 50/89/23 304/90/23 300/91/23 37/92/23
f 81/93/24 83/94/24 82/95/24 84/96/24
f 47/97/25 52/98/25 51/99/25 48/100/25
f 46/101/26 53/102/26 52/103/26 47/104/26
f 45/105/27 54/106/27 53/107/27 46/108/27
f 44/109/28 55/110/28 54/111/28 45/112/28
f 44/113/29 344/114/29 340/115/29 55/116/29
f 42/117/30 57/118/30 56/119/30 43/120/30
f 41/121/31 58/122/31 57/123/31 42/124/31
f 40/125/32 59/126/32 58/127/32 41/128/32
f 39/129/33 60/130/33 59/131/33 40/132/33
f 85/133/34 87/134/34 86/135/34 88/136/34
f 37/137/35 300/138/35 296/139/35 26/140/35
f 175/141/36 187/142/36 192/143/36 174/144/36
f 36/145/37 39/146/37 40/147/37 35/148/37
f 35/149/38 40/150/38 41/151/38 34/152/38
f 34/153/39 41/154/39 42/155/39 33/156/39
f 33/157/40 42/158/40 43/159/40 32/160/40
f 31/161/41 348/162/41 344/163/41 44/164/41
f 31/165/42 44/166/42 45/167/42 30/168/42
f 30/169/43 45/170/43 46/171/43 29/172/43
f 29/173/44 46/174/44 47/175/44 28/176/44
f 28/177/45 47/178/45 48/179/45 27/180/45
f 161/181/46 195/182/46 200/183/46 164/184/46
f 10/185/47 308/186/47 304/187/47 50/188/47
f 177/189/48 178/190/48 179/191/48 180/192/48
f 17/193/49 51/194/49 52/195/49 8/196/49
f 8/197/50 52/198/50 53/199/50 6/200/50
f 6/201/51 53/202/51 54/203/51 20/204/51
f 20/205/52 54/206/52 55/207/52 11/208/52
f 254/209/53 336/210/53 332/211/53 253/212/53
f 16/213/54 56/214/54 57/215/54 23/216/54
f 23/217/55 57/218/55 58/219/55 2/220/55
f 2/221/56 58/222/56 59/223/56 4/224/56
f 4/225/57 59/226/57 60/227/57 22/228/57
f 181/229/58 182/230/58 183/231/58 184/232/58
f 26/233/59 296/234/59 292/235/59 62/236/59
f 77/237/60 78/238/60 79/239/60 80/240/60
f 27/241/61 63/242/61 64/243/61 28/244/61
f 28/245/62 64/246/62 65/247/62 29/248/62
f 29/249/63 65/250/63 66/251/63 30/252/63
f 30/253/64 66/254/64 67/255/64 31/256/64
f 67/257/65 352/258/65 348/259/65 31/260/65
f 32/261/66 68/262/66 69/263/66 33/264/66
f 33/265/67 69/266/67 70/267/67 34/268/67
f 34/269/68 70/270/68 71/271/68 35/272/68
f 35/273/69 71/274/69 72/275/69 36/276/69
f 73/277/70 74/278/70 75/279/70 76/280/70
f 115/281/71 113/282/71 114/283/71 116/284/71
f 119/285/72 117/286/72 118/287/72 120/288/72
f 123/289/73 121/290/73 122/291/73 124/292/73
f 135/293/74 133/294/74 134/295/74 136/296/74
f 107/297/75 105/298/75 106/299/75 108/300/75
f 111/301/76 109/302/76 110/303/76 112/304/76
f 131/305/77 129/306/77 130/307/77 132/308/77
f 127/309/78 125/310/78 126/311/78 128/312/78
f 105/313/79 107/314/79 82/315/79 97/316/79
f 106/317/80 105/318/80 97/319/80 98/320/80
f 108/321/81 106/322/81 98/323/81 84/324/81
f 107/325/82 108/326/82 84/327/82 82/328/82
f 109/329/83 111/330/83 77/331/83 99/332/83
f 110/333/84 109/334/84 99/335/84 100/336/84
f 112/337/85 110/338/85 100/339/85 78/340/85
f 111/341/86 112/342/86 78/343/86 77/344/86
f 113/345/87 115/346/87 83/347/87 90/348/87
f 114/349/88 113/350/88 90/351/88 89/352/88
f 116/353/89 114/354/89 89/355/89 81/356/89
f 115/357/90 116/358/90 81/359/90 83/360/90
f 117/361/91 119/362/91 79/363/91 91/364/91
f 118/365/92 117/366/92 91/367/92 92/368/92
f 120/369/93 118/370/93 92/371/93 80/372/93
f 119/373/94 120/374/94 80/375/94 79/376/94
f 121/377/95 123/378/95 75/379/95 93/380/95
f 122/381/96 121/382/96 93/383/96 94/384/96
f 124/385/97 122/386/97 94/387/97 76/388/97
f 123/389/98 124/390/98 76/391/98 75/392/98
f 125/393/99 127/394/99 73/395/99 103/396/99
f 126/397/100 125/398/100 103/399/100 104/400/100
f 128/401/101 126/402/101 104/403/101 74/404/101
f 127/405/102 128/406/102 74/407/102 73/408/102
f 129/409/103 131/410/103 86/411/103 101/412/103
f 130/413/104 129/414/104 101/415/104 102/416/104
f 132/417/105 130/418/105 102/419/105 88/420/105
f 131/421/106 132/422/106 88/423/106 86/424/106
f 133/425/107 135/426/107 87/427/107 96/428/107
f 134/429/108 133/430/108 96/431/108 95/432/108
f 136/433/109 134/434/109 95/435/109 85/436/109
f 135/437/110 136/438/110 85/439/110 87/440/110
f 73/441/111 103/442/111 104/443/111 74/444/111
f 86/445/112 101/446/112 102/447/112 88/448/112
f 76/449/113 75/450/113 93/451/113 94/452/113
f 85/453/114 95/454/114 96/455/114 87/456/114
f 82/457/115 97/458/115 98/459/115 84/460/115
f 90/461/116 83/462/116 81/463/116 89/464/116
f 78/465/117 77/466/117 99/467/117 100/468/117
f 80/469/118 79/470/118 91/471/118 92/472/118
f 157/473/119 196/474/119 195/475/119 161/476/119
f 163/477/120 162/478/120 158/479/120 159/480/120
f 164/481/121 200/482/121 198/483/121 160/484/121
f 161/485/122 164/486/122 160/487/122 157/488/122
f 167/489/123 165/490/123 149/491/123 151/492/123
f 166/493/124 167/494/124 151/495/124 150/496/124
f 168/497/125 166/498/125 150/499/125 152/500/125
f 165/501/126 168/502/126 152/503/126 149/504/126
f 171/505/127 169/506/127 137/507/127 139/508/127
f 170/509/128 171/510/128 139/511/128 138/512/128
f 172/513/129 170/514/129 138/515/129 140/516/129
f 169/517/130 172/518/130 140/519/130 137/520/130
f 174/521/131 192/522/131 190/523/131 154/524/131
f 175/525/132 174/526/132 154/527/132 155/528/132
f 155/529/133 188/530/133 187/531/133 175/532/133
f 173/533/134 176/534/134 156/535/134 153/536/134
f 178/537/135 177/538/135 145/539/135 146/540/135
f 179/541/136 178/542/136 146/543/136 147/544/136
f 180/545/137 179/546/137 147/547/137 148/548/137
f 177/549/138 180/550/138 148/551/138 145/552/138
f 182/553/139 181/554/139 141/555/139 142/556/139
f 183/557/140 182/558/140 142/559/140 143/560/140
f 184/561/141 183/562/141 143/563/141 144/564/141
f 181/565/142 184/566/142 144/567/142 141/568/142
f 152/569/143 150/570/143 151/571/143 149/572/143
f 139/573/144 137/574/144 140/575/144 138/576/144
f 154/577/145 190/578/145 188/579/145 155/580/145
f 142/581/146 141/582/146 144/583/146 143/584/146
f 146/585/147 145/586/147 148/587/147 147/588/147
f 160/589/148 198/590/148 196/591/148 157/592/148
f 14/593/149 61/594/149 72/595/149 21/596/149
f 39/597/150 36/598/150 25/599/150 38/600/150
f 49/601/151 13/602/151 22/603/151 60/604/151
f 51/605/152 17/606/152 10/607/152 50/608/152
f 37/609/153 26/610/153 27/611/153 48/612/153
f 62/613/154 9/614/154 18/615/154 63/616/154
f 176/617/155 185/618/155 186/619/155 156/620/155
f 156/621/156 186/622/156 189/623/156 153/624/156
f 153/625/157 189/626/157 191/627/157 173/628/157
f 173/629/158 191/630/158 185/631/158 176/632/158
f 190/633/159 192/634/159 187/635/159 188/636/159
f 186/637/160 185/638/160 191/639/160 189/640/160
f 162/641/161 193/642/161 194/643/161 158/644/161
f 158/645/162 194/646/162 197/647/162 159/648/162
f 159/649/163 197/650/163 199/651/163 163/652/163
f 163/653/164 199/654/164 193/655/164 162/656/164
f 194/657/165 193/658/165 199/659/165 197/660/165
f 198/661/166 200/662/166 195/663/166 196/664/166
f 213/665/167 214/666/167 215/667/167 216/668/167
f 204/669/168 203/670/168 19/671/168 5/672/168
f 201/673/169 204/674/169 5/675/169 7/676/169
f 203/677/170 205/678/170 12/679/170 19/680/170
f 217/681/171 213/682/171 216/683/171 218/684/171
f 218/685/172 284/686/172 280/687/172 217/688/172
f 205/689/173 272/690/173 268/691/173 12/692/173
f 221/693/174 219/694/174 220/695/174 222/696/174
f 208/697/175 209/698/175 24/699/175 15/700/175
f 209/701/176 211/702/176 1/703/176 24/704/176
f 223/705/177 221/706/177 222/707/177 224/708/177
f 211/709/178 212/710/178 3/711/178 1/712/178
f 214/713/179 213/714/179 202/715/179 201/716/179
f 215/717/180 214/718/180 201/719/180 7/720/180
f 216/721/181 215/722/181 7/723/181 18/724/181
f 213/725/182 217/726/182 206/727/182 202/728/182
f 218/729/183 216/730/183 18/731/183 9/732/183
f 217/733/184 280/734/184 276/735/184 206/736/184
f 9/737/185 288/738/185 284/739/185 218/740/185
f 219/741/186 221/742/186 210/743/186 207/744/186
f 222/745/187 220/746/187 14/747/187 21/748/187
f 221/749/188 223/750/188 212/751/188 210/752/188
f 224/753/189 222/754/189 21/755/189 3/756/189
f 223/757/190 224/758/190 3/759/190 212/760/190
f 237/761/191 238/762/191 239/763/191 240/764/191
f 228/765/192 227/766/192 23/767/192 2/768/192
f 225/769/193 228/770/193 2/771/193 4/772/193
f 227/773/194 229/774/194 16/775/194 23/776/194
f 241/777/195 237/778/195 240/779/195 242/780/195
f 11/781/196 328/782/196 324/783/196 231/784/196
f 243/785/197 316/786/197 312/787/197 244/788/197
f 245/789/198 243/790/198 244/791/198 246/792/198
f 231/793/199 233/794/199 20/795/199 11/796/199
f 233/797/200 235/798/200 6/799/200 20/800/200
f 247/801/201 245/802/201 246/803/201 248/804/201
f 235/805/202 236/806/202 8/807/202 6/808/202
f 238/809/203 237/810/203 226/811/203 225/812/203
f 239/813/204 238/814/204 225/815/204 4/816/204
f 240/817/205 239/818/205 4/819/205 22/820/205
f 237/821/206 241/822/206 230/823/206 226/824/206
f 242/825/207 240/826/207 22/827/207 13/828/207
f 232/829/208 320/830/208 316/831/208 243/832/208
f 244/833/209 312/834/209 308/835/209 10/836/209
f 243/837/210 245/838/210 234/839/210 232/840/210
f 246/841/211 244/842/211 10/843/211 17/844/211
f 245/845/212 247/846/212 236/847/212 234/848/212
f 248/849/213 246/850/213 17/851/213 8/852/213
f 247/853/214 248/854/214 8/855/214 236/856/214
f 251/857/215 249/858/215 15/859/215 68/860/215
f 250/861/216 263/862/216 352/863/216 67/864/216
f 252/865/217 250/866/217 67/867/217 12/868/217
f 12/869/218 268/870/218 264/871/218 252/872/218
f 254/873/219 253/874/219 11/875/219 55/876/219
f 55/877/220 340/878/220 336/879/220 254/880/220
f 256/881/221 255/882/221 56/883/221 16/884/221
f 253/885/222 332/886/222 328/887/222 11/888/222
f 251/889/223 257/890/223 258/891/223 249/892/223
f 353/893/224 354/894/224 355/895/224 356/896/224
f 259/897/225 261/898/225 262/899/225 260/900/225
f 357/901/226 358/902/226 359/903/226 360/904/226
f 249/905/227 258/906/227 265/907/227 15/908/227
f 258/909/228 260/910/228 266/911/228 265/912/228
f 260/913/229 262/914/229 267/915/229 266/916/229
f 262/917/230 264/918/230 268/919/230 267/920/230
f 15/921/231 265/922/231 269/923/231 208/924/231
f 265/925/232 266/926/232 270/927/232 269/928/232
f 266/929/233 267/930/233 271/931/233 270/932/233
f 267/933/234 268/934/234 272/935/234 271/936/234
f 208/937/235 269/938/235 273/939/235 207/940/235
f 269/941/236 270/942/236 274/943/236 273/944/236
f 270/945/237 271/946/237 275/947/237 274/948/237
f 271/949/238 272/950/238 276/951/238 275/952/238
f 207/953/239 273/954/239 277/955/239 219/956/239
f 273/957/240 274/958/240 278/959/240 277/960/240
f 274/961/241 275/962/241 279/963/241 278/964/241
f 275/965/242 276/966/242 280/967/242 279/968/242
f 219/969/243 277/970/243 281/971/243 220/972/243
f 277/973/244 278/974/244 282/975/244 281/976/244
f 278/977/245 279/978/245 283/979/245 282/980/245
f 279/981/246 280/982/246 284/983/246 283/984/246
f 220/985/247 281/986/247 285/987/247 14/988/247
f 281/989/248 282/990/248 286/991/248 285/992/248
f 282/993/249 283/994/249 287/995/249 286/996/249
f 283/997/250 284/998/250 288/999/250 287/1000/250
f 14/1001/251 285/1002/251 289/1003/251 61/1004/251
f 285/1005/252 286/1006/252 290/1007/252 289/1008/252
f 286/1009/253 287/1010/253 291/1011/253 290/1012/253
f 287/1013/254 288/1014/254 292/1015/254 291/1016/254
f 61/1017/255 289/1018/255 293/1019/255 25/1020/255
f 289/1021/256 290/1022/256 294/1023/256 293/1024/256
f 290/1025/257 291/1026/257 295/1027/257 294/1028/257
f 291/1029/258 292/1030/258 296/1031/258 295/1032/258
f 25/1033/259 293/1034/259 297/1035/259 38/1036/259
f 293/1037/260 294/1038/260 298/1039/260 297/1040/260
f 294/1041/261 295/1042/261 299/1043/261 298/1044/261
f 295/1045/262 296/1046/262 300/1047/262 299/1048/262
f 38/1049/263 297/1050/263 301/1051/263 49/1052/263
f 297/1053/264 298/1054/264 302/1055/264 301/1056/264
f 298/1057/265 299/1058/265 303/1059/265 302/1060/265
f 299/1061/266 300/1062/266 304/1063/266 303/1064/266
f 49/1065/267 301/1066/267 305/1067/267 13/1068/267
f 301/1069/268 302/1070/268 306/1071/268 305/1072/268
f 302/1073/269 303/1074/269 307/1075/269 306/1076/269
f 303/1077/270 304/1078/270 308/1079/270 307/1080/270
f 13/1081/271 305/1082/271 309/1083/271 242/1084/271
f 305/1085/272 306/1086/272 310/1087/272 309/1088/272
f 306/1089/273 307/1090/273 311/1091/273 310/1092/273
f 307/1093/274 308/1094/274 312/1095/274 311/1096/274
f 242/1097/275 309/1098/275 313/1099/275 241/1100/275
f 309/1101/276 310/1102/276 314/1103/276 313/1104/276
f 310/1105/277 311/1106/277 315/1107/277 314/1108/277
f 311/1109/278 312/1110/278 316/1111/278 315/1112/278
f 241/1113/279 313/1114/279 317/1115/279 230/1116/279
f 313/1117/280 314/1118/280 318/1119/280 317/1120/280
f 314/1121/281 315/1122/281 319/1123/281 318/1124/281
f 315/1125/282 316/1126/282 320/1127/282 319/1128/282
f 230/1129/283 317/1130/283 321/1131/283 229/1132/283
f 317/1133/284 318/1134/284 322/1135/284 321/1136/284
f 318/1137/285 319/1138/285 323/1139/285 322/1140/285
f 319/1141/286 320/1142/286 324/1143/286 323/1144/286
f 229/1145/287 321/1146/287 325/1147/287 16/1148/287
f 321/1149/288 322/1150/288 326/1151/288 325/1152/288
f 322/1153/289 323/1154/289 327/1155/289 326/1156/289
f 323/1157/290 324/1158/290 328/1159/290 327/1160/290
f 16/1161/291 325/1162/291 329/1163/291 256/1164/291
f 325/1165/292 326/1166/292 330/1167/292 329/1168/292
f 326/1169/293 327/1170/293 331/1171/293 330/1172/293
f 327/1173/294 328/1174/294 332/1175/294 331/1176/294
f 256/1177/295 329/1178/295 333/1179/295 255/1180/295
f 365/1181/296 366/1182/296 367/1183/296 368/1184/296
f 330/1185/297 331/1186/297 335/1187/297 334/1188/297
f 361/1189/298 362/1190/298 363/1191/298 364/1192/298
f 255/1193/299 333/1194/299 337/1195/299 56/1196/299
f 333/1197/300 334/1198/300 338/1199/300 337/1200/300
f 334/1201/301 335/1202/301 339/1203/301 338/1204/301
f 335/1205/302 336/1206/302 340/1207/302 339/1208/302
f 56/1209/303 337/1210/303 341/1211/303 43/1212/303
f 337/1213/304 338/1214/304 342/1215/304 341/1216/304
f 338/1217/305 339/1218/305 343/1219/305 342/1220/305
f 339/1221/306 340/1222/306 344/1223/306 343/1224/306
f 43/1225/307 341/1226/307 345/1227/307 32/1228/307
f 341/1229/308 342/1230/308 346/1231/308 345/1232/308
f 342/1233/309 343/1234/309 347/1235/309 346/1236/309
f 343/1237/310 344/1238/310 348/1239/310 347/1240/310
f 32/1241/311 345/1242/311 349/1243/311 68/1244/311
f 345/1245/312 346/1246/312 350/1247/312 349/1248/312
f 346/1249/313 347/1250/313 351/1251/313 350/1252/313
f 347/1253/314 348/1254/314 352/1255/314 351/1256/314
f 68/1257/315 349/1258/315 257/1259/315 251/1260/315
f 349/1261/316 350/1262/316 259/1263/316 257/1264/316
f 350/1265/317 351/1266/317 261/1267/317 259/1268/317
f 351/1269/318 352/1270/318 263/1271/318 261/1272/318
f 354/1273/319 353/1274/319 257/1275/319 259/1276/319
f 355/1277/320 354/1278/320 259/1279/320 260/1280/320
f 356/1281/321 355/1282/321 260/1283/321 258/1284/321
f 353/1285/322 356/1286/322 258/1287/322 257/1288/322
f 358/1289/323 357/1290/323 261/1291/323 263/1292/323
f 359/1293/324 358/1294/324 263/1295/324 264/1296/324
f 360/1297/325 359/1298/325 264/1299/325 262/1300/325
f 357/1301/326 360/1302/326 262/1303/326 261/1304/326
f 362/1305/327 361/1306/327 331/1307/327 332/1308/327
f 363/1309/328 362/1310/328 332/1311/328 336/1312/328
f 364/1313/329 363/1314/329 336/1315/329 335/1316/329
f 361/1317/330 364/1318/330 335/1319/330 331/1320/330
f 366/1321/331 365/1322/331 329/1323/331 330/1324/331
f 367/1325/332 366/1326/332 330/1327/332 334/1328/332
f 368/1329/333 367/1330/333 334/1331/333 333/1332/333
f 365/1333/334 368/1334/334 333/1335/334 329/1336/334
o 3_L
v -0.53125 0.31250000000000006 -0.46875
v -0.53125 0.396234375 -0.15625
v -0.6875 0.3962343750000001 -0.15625
v -0.53125 0.5412656250000001 -0.239984375
v -0.6875 0.5412656250000001 -0.239984375
v -0.53125 0.625 -0.385015625
v -0.6875 0.6250000000000001 -0.385015625
v -0.53125 0.625 -0.552484375
v -0.6875 0.6250000000000001 -0.552484375
v -0.53125 0.5412656250000001 -0.697515625
v -0.6875 0.5412656250000001 -0.697515625
v -0.53125 0.396234375 -0.78125
v -0.6875 0.3962343750000001 -0.78125
v -0.53125 0.22876562500000006 -0.78125
v -0.6875 0.22876562500000008 -0.78125
v -0.53125 0.08373437500000006 -0.697515625
v -0.6875 0.08373437500000008 -0.697515625
v -0.53125 5.551115123125783e-17 -0.552484375
v -0.6875 1.1102230246251565e-16 -0.552484375
v -0.53125 5.551115123125783e-17 -0.385015625
v -0.6875 1.1102230246251565e-16 -0.385015625
v -0.53125 0.08373437500000006 -0.239984375
v -0.6875 0.08373437500000008 -0.239984375
v -0.53125 0.22876562500000006 -0.15625
v -0.6875 0.22876562500000008 -0.15625
v -0.6875 0.24551250000000008 -0.21875
v -0.6875 0.3794875000000001 -0.21875
v -0.6875 0.4955125000000001 -0.2857375
v -0.6875 0.5625000000000001 -0.4017625
v -0.6875 0.5625000000000001 -0.5357375
v -0.6875 0.4955125000000001 -0.6517625
v -0.6875 0.3794875000000001 -0.71875
v -0.6875 0.24551250000000008 -0.71875
v -0.6875 0.1294875000000001 -0.6517625
v -0.6875 0.06250000000000008 -0.5357375
v -0.6875 0.06250000000000008 -0.4017625
v -0.6875 0.1294875000000001 -0.2857375
v -0.625 0.24551250000000008 -0.21875
v -0.625 0.3794875000000001 -0.21875
v -0.625 0.31250000000000006 -0.46875
v -0.625 0.4955125000000001 -0.2857375
v -0.625 0.5625 -0.4017625
v -0.625 0.5625 -0.5357375
v -0.625 0.4955125000000001 -0.6517625
v -0.625 0.3794875000000001 -0.71875
v -0.625 0.24551250000000008 -0.71875
v -0.625 0.1294875000000001 -0.6517625
v -0.625 0.06250000000000006 -0.5357375
v -0.625 0.06250000000000006 -0.4017625
v -0.625 0.1294875000000001 -0.2857375
vt 0.4660953125 0.58328359375
vt 0.44796640625 0.59375
vt 0.4375 0.5546875
vt 0.639373046875 0.41796875
vt 0.660306640625 0.41796875
vt 0.660306640625 0.4375
vt 0.639373046875 0.4375
vt 0.3521234375 0.4453125
vt 0.3666265625 0.45368593749999997
vt 0.34375 0.4765625
vt 0.4765625 0.5651546875
vt 0.4660953125 0.58328359375
vt 0.4375 0.5546875
vt 0.581880859375 0.53515625
vt 0.602814453125 0.53515625
vt 0.602814453125 0.5546875
vt 0.581880859375 0.5546875
vt 0.3666265625 0.45368593749999997
vt 0.375 0.46818906250000003
vt 0.34375 0.4765625
vt 0.4765625 0.54422109375
vt 0.4765625 0.5651546875
vt 0.4375 0.5546875
vt 0.602814453125 0.53515625
vt 0.623748046875 0.53515625
vt 0.623748046875 0.5546875
vt 0.602814453125 0.5546875
vt 0.375 0.46818906250000003
vt 0.375 0.48493593749999997
vt 0.34375 0.4765625
vt 0.46609609375 0.5260921875
vt 0.4765625 0.54422109375
vt 0.4375 0.5546875
vt 0.623748046875 0.53515625
vt 0.644681640625 0.53515625
vt 0.644681640625 0.5546875
vt 0.623748046875 0.5546875
vt 0.375 0.48493593749999997
vt 0.3666265625 0.49943906250000003
vt 0.34375 0.4765625
vt 0.4479671875 0.515625
vt 0.46609609375 0.5260921875
vt 0.4375 0.5546875
vt 0.589693359375 0.72265625
vt 0.610626953125 0.72265625
vt 0.610626953125 0.7421875
vt 0.589693359375 0.7421875
vt 0.3666265625 0.49943906250000003
vt 0.3521234375 0.5078125
vt 0.34375 0.4765625
vt 0.42703359375 0.515625
vt 0.4479671875 0.515625
vt 0.4375 0.5546875
vt 0.610626953125 0.72265625
vt 0.631560546875 0.72265625
vt 0.631560546875 0.7421875
vt 0.610626953125 0.7421875
vt 0.3521234375 0.5078125
vt 0.3353765625 0.5078125
vt 0.34375 0.4765625
vt 0.4089046875 0.52609140625
vt 0.42703359375 0.515625
vt 0.4375 0.5546875
vt 0.631560546875 0.72265625
vt 0.652494140625 0.72265625
vt 0.652494140625 0.7421875
vt 0.631560546875 0.7421875
vt 0.3353765625 0.5078125
vt 0.3208734375 0.49943906250000003
vt 0.34375 0.4765625
vt 0.3984375 0.5442203125
vt 0.4089046875 0.52609140625
vt 0.4375 0.5546875
vt 0.589693359375 0.69140625
vt 0.610626953125 0.69140625
vt 0.610626953125 0.7109375
vt 0.589693359375 0.7109375
vt 0.3208734375 0.49943906250000003
vt 0.3125 0.48493593749999997
vt 0.34375 0.4765625
vt 0.3984375 0.56515390625
vt 0.3984375 0.5442203125
vt 0.4375 0.5546875
vt 0.610626953125 0.69140625
vt 0.631560546875 0.69140625
vt 0.631560546875 0.7109375
vt 0.610626953125 0.7109375
vt 0.3125 0.48493593749999997
vt 0.3125 0.46818906250000003
vt 0.34375 0.4765625
vt 0.40890390625 0.5832828125
vt 0.3984375 0.56515390625
vt 0.4375 0.5546875
vt 0.631560546875 0.69140625
vt 0.652494140625 0.69140625
vt 0.652494140625 0.7109375
vt 0.631560546875 0.7109375
vt 0.3125 0.46818906250000003
vt 0.3208734375 0.45368593749999997
vt 0.34375 0.4765625
vt 0.4270328125 0.59375
vt 0.40890390625 0.5832828125
vt 0.4375 0.5546875
vt 0.597505859375 0.41796875
vt 0.618439453125 0.41796875
vt 0.618439453125 0.4375
vt 0.597505859375 0.4375
vt 0.3208734375 0.45368593749999997
vt 0.3353765625 0.4453125
vt 0.34375 0.4765625
vt 0.44796640625 0.59375
vt 0.4270328125 0.59375
vt 0.4375 0.5546875
vt 0.618439453125 0.41796875
vt 0.639373046875 0.41796875
vt 0.639373046875 0.4375
vt 0.618439453125 0.4375
vt 0.3353765625 0.4453125
vt 0.3521234375 0.4453125
vt 0.34375 0.4765625
vt 0.0474359375 0.4921875
vt 0.0306890625 0.4921875
vt 0.0285953125 0.484375
vt 0.04952890625 0.484375
vt 0.0619390625 0.5005609375
vt 0.0474359375 0.4921875
vt 0.04952890625 0.484375
vt 0.0676578125 0.49484140624999995
vt 0.0703125 0.5150640625
vt 0.0619390625 0.5005609375
vt 0.0676578125 0.49484140624999995
vt 0.078125 0.5129703125
vt 0.0703125 0.5318109375
vt 0.0703125 0.5150640625
vt 0.078125 0.5129703125
vt 0.078125 0.53390390625
vt 0.0619390625 0.5463140625
vt 0.0703125 0.5318109375
vt 0.078125 0.53390390625
vt 0.06765859375 0.5520328125
vt 0.0474359375 0.5546875
vt 0.0619390625 0.5463140625
vt 0.06765859375 0.5520328125
vt 0.0495296875 0.5625
vt 0.0306890625 0.5546875
vt 0.0474359375 0.5546875
vt 0.0495296875 0.5625
vt 0.02859609375 0.5625
vt 0.0161859375 0.5463140625
vt 0.0306890625 0.5546875
vt 0.02859609375 0.5625
vt 0.0104671875 0.55203359375
vt 0.0078125 0.5318109375
vt 0.0161859375 0.5463140625
vt 0.0104671875 0.55203359375
vt 0 0.5339046875
vt 0.0078125 0.5150640625
vt 0.0078125 0.5318109375
vt 0 0.5339046875
vt 0 0.51297109375
vt 0.0161859375 0.5005609375
vt 0.0078125 0.5150640625
vt 0 0.51297109375
vt 0.01046640625 0.4948421875
vt 0.0306890625 0.4921875
vt 0.0161859375 0.5005609375
vt 0.01046640625 0.4948421875
vt 0.0285953125 0.484375
vt 0.5345953125 0.640625
vt 0.5513421875 0.640625
vt 0.5513421875 0.6484375
vt 0.5345953125 0.6484375
vt 0.5178484375 0.640625
vt 0.5345953125 0.640625
vt 0.5345953125 0.6484375
vt 0.5178484375 0.6484375
vt 0.4966546875 0.40625
vt 0.5134015625 0.40625
vt 0.5134015625 0.4140625
vt 0.4966546875 0.4140625
vt 0.4799078125 0.40625
vt 0.4966546875 0.40625
vt 0.4966546875 0.4140625
vt 0.4799078125 0.4140625
vt 0.4631609375 0.40625
vt 0.4799078125 0.40625
vt 0.4799078125 0.4140625
vt 0.4631609375 0.4140625
vt 0.6685296875 0.8046875
vt 0.6852765625 0.8046875
vt 0.6852765625 0.8125
vt 0.6685296875 0.8125
vt 0.6517828125 0.8046875
vt 0.6685296875 0.8046875
vt 0.6685296875 0.8125
vt 0.6517828125 0.8125
vt 0.6350359375 0.8046875
vt 0.6517828125 0.8046875
vt 0.6517828125 0.8125
vt 0.6350359375 0.8125
vt 0.6685296875 0.7890625
vt 0.6852765625 0.7890625
vt 0.6852765625 0.796875
vt 0.6685296875 0.796875
vt 0.6517828125 0.7890625
vt 0.6685296875 0.7890625
vt 0.6685296875 0.796875
vt 0.6517828125 0.796875
vt 0.6350359375 0.7890625
vt 0.6517828125 0.7890625
vt 0.6517828125 0.796875
vt 0.6350359375 0.796875
vt 0.5513421875 0.640625
vt 0.5680890625 0.640625
vt 0.5680890625 0.6484375
vt 0.5513421875 0.6484375
vn 1 -2.220446049250313e-16 0
vn 1.1102284319939225e-16 0.500002435262396 0.8660239977804737
vn -1 2.220446049250313e-16 0
vn 1 -2.220446049250313e-16 0
vn 1.9229595644276147e-16 0.8660239977804737 0.500002435262396
vn -1 2.220446049250313e-16 0
vn 1 -2.220446049250313e-16 0
vn 2.220446049250313e-16 1 0
vn -1 2.220446049250313e-16 0
vn 1 -2.220446049250313e-16 0
vn 1.9229595644276147e-16 0.8660239977804737 -0.500002435262396
vn -1 2.220446049250313e-16 0
vn 1 -2.220446049250313e-16 0
vn 1.1102284319939225e-16 0.500002435262396 -0.8660239977804737
vn -1 2.220446049250313e-16 0
vn 1 -2.220446049250313e-16 0
vn 0 0 -1
vn -1 2.220446049250313e-16 0
vn 1 -2.220446049250313e-16 0
vn -1.1102284319939225e-16 -0.500002435262396 -0.8660239977804737
vn -1 2.220446049250313e-16 0
vn 1 -2.220446049250313e-16 0
vn -1.9229595644276147e-16 -0.8660239977804737 -0.500002435262396
vn -1 2.220446049250313e-16 0
vn 1 -2.220446049250313e-16 0
vn -2.220446049250313e-16 -1 0
vn -1 2.220446049250313e-16 0
vn 1 -2.220446049250313e-16 0
vn -1.9229595644276147e-16 -0.8660239977804737 0.500002435262396
vn -1 2.220446049250313e-16 0
vn 1 -2.220446049250313e-16 0
vn -1.1102284319939225e-16 -0.500002435262396 0.8660239977804737
vn -1 2.220446049250313e-16 0
vn 1 -2.220446049250313e-16 0
vn 0 0 1
vn -1 2.220446049250313e-16 0
vn -1 2.220446049250313e-16 0
vn -1 2.220446049250313e-16 0
vn -1 2.220446049250313e-16 0
vn -1 2.220446049250313e-16 0
vn -1 2.220446049250313e-16 0
vn -1 2.220446049250313e-16 0
vn -1 2.220446049250313e-16 0
vn -1 2.220446049250313e-16 0
vn -1 2.220446049250313e-16 0
vn -1 2.220446049250313e-16 0
vn -1 2.220446049250313e-16 0
vn -1 2.220446049250313e-16 0
vn 0 0 -1
vn -1.1102284319939223e-16 -0.5000024352623959 -0.8660239977804736
vn -1.9229595644276144e-16 -0.8660239977804736 -0.5000024352623959
vn -2.220446049250313e-16 -1 0
vn -1.9229595644276144e-16 -0.8660239977804736 0.5000024352623959
vn -1.1102284319939223e-16 -0.5000024352623959 0.8660239977804736
vn 0 0 1
vn 1.1102284319939223e-16 0.5000024352623959 0.8660239977804736
vn 1.9229595644276144e-16 0.8660239977804736 0.5000024352623959
vn 2.220446049250313e-16 1 0
vn 1.9229595644276144e-16 0.8660239977804736 -0.5000024352623959
vn 1.1102284319939223e-16 0.5000024352623959 -0.8660239977804736
usemtl m_7e3ab7cf-27c2-e2e7-097a-74cd770501f6
f 372/1337/335 370/1338/335 369/1339/335
f 370/1340/336 372/1341/336 373/1342/336 371/1343/336
f 407/1344/337 409/1345/337 408/1346/337
f 374/1347/338 372/1348/338 369/1349/338
f 372/1350/339 374/1351/339 375/1352/339 373/1353/339
f 409/1354/340 410/1355/340 408/1356/340
f 376/1357/341 374/1358/341 369/1359/341
f 374/1360/342 376/1361/342 377/1362/342 375/1363/342
f 410/1364/343 411/1365/343 408/1366/343
f 378/1367/344 376/1368/344 369/1369/344
f 376/1370/345 378/1371/345 379/1372/345 377/1373/345
f 411/1374/346 412/1375/346 408/1376/346
f 380/1377/347 378/1378/347 369/1379/347
f 378/1380/348 380/1381/348 381/1382/348 379/1383/348
f 412/1384/349 413/1385/349 408/1386/349
f 382/1387/350 380/1388/350 369/1389/350
f 380/1390/351 382/1391/351 383/1392/351 381/1393/351
f 413/1394/352 414/1395/352 408/1396/352
f 384/1397/353 382/1398/353 369/1399/353
f 382/1400/354 384/1401/354 385/1402/354 383/1403/354
f 414/1404/355 415/1405/355 408/1406/355
f 386/1407/356 384/1408/356 369/1409/356
f 384/1410/357 386/1411/357 387/1412/357 385/1413/357
f 415/1414/358 416/1415/358 408/1416/358
f 388/1417/359 386/1418/359 369/1419/359
f 386/1420/360 388/1421/360 389/1422/360 387/1423/360
f 416/1424/361 417/1425/361 408/1426/361
f 390/1427/362 388/1428/362 369/1429/362
f 388/1430/363 390/1431/363 391/1432/363 389/1433/363
f 417/1434/364 418/1435/364 408/1436/364
f 392/1437/365 390/1438/365 369/1439/365
f 390/1440/366 392/1441/366 393/1442/366 391/1443/366
f 418/1444/367 406/1445/367 408/1446/367
f 370/1447/368 392/1448/368 369/1449/368
f 392/1450/369 370/1451/369 371/1452/369 393/1453/369
f 406/1454/370 407/1455/370 408/1456/370
f 395/1457/371 394/1458/371 393/1459/371 371/1460/371
f 396/1461/372 395/1462/372 371/1463/372 373/1464/372
f 397/1465/373 396/1466/373 373/1467/373 375/1468/373
f 398/1469/374 397/1470/374 375/1471/374 377/1472/374
f 399/1473/375 398/1474/375 377/1475/375 379/1476/375
f 400/1477/376 399/1478/376 379/1479/376 381/1480/376
f 401/1481/377 400/1482/377 381/1483/377 383/1484/377
f 402/1485/378 401/1486/378 383/1487/378 385/1488/378
f 403/1489/379 402/1490/379 385/1491/379 387/1492/379
f 404/1493/380 403/1494/380 387/1495/380 389/1496/380
f 405/1497/381 404/1498/381 389/1499/381 391/1500/381
f 394/1501/382 405/1502/382 391/1503/382 393/1504/382
f 407/1505/383 406/1506/383 394/1507/383 395/1508/383
f 409/1509/384 407/1510/384 395/1511/384 396/1512/384
f 410/1513/385 409/1514/385 396/1515/385 397/1516/385
f 411/1517/386 410/1518/386 397/1519/386 398/1520/386
f 412/1521/387 411/1522/387 398/1523/387 399/1524/387
f 413/1525/388 412/1526/388 399/1527/388 400/1528/388
f 414/1529/389 413/1530/389 400/1531/389 401/1532/389
f 415/1533/390 414/1534/390 401/1535/390 402/1536/390
f 416/1537/391 415/1538/391 402/1539/391 403/1540/391
f 417/1541/392 416/1542/392 403/1543/392 404/1544/392
f 418/1545/393 417/1546/393 404/1547/393 405/1548/393
f 406/1549/394 418/1550/394 405/1551/394 394/1552/394
o 3_R
v 0.53125 0.31250000000000006 -0.46875
v 0.6875 0.396234375 -0.15625
v 0.53125 0.3962343750000001 -0.15625
v 0.6875 0.5412656250000001 -0.239984375
v 0.53125 0.5412656250000001 -0.239984375
v 0.6875 0.625 -0.385015625
v 0.53125 0.625 -0.385015625
v 0.6875 0.625 -0.552484375
v 0.53125 0.625 -0.552484375
v 0.6875 0.5412656250000001 -0.697515625
v 0.53125 0.5412656250000001 -0.697515625
v 0.6875 0.396234375 -0.78125
v 0.53125 0.3962343750000001 -0.78125
v 0.6875 0.22876562500000003 -0.78125
v 0.53125 0.22876562500000008 -0.78125
v 0.6875 0.08373437500000003 -0.697515625
v 0.53125 0.08373437500000008 -0.697515625
v 0.6875 5.551115123125783e-17 -0.552484375
v 0.53125 5.551115123125783e-17 -0.552484375
v 0.6875 5.551115123125783e-17 -0.385015625
v 0.53125 5.551115123125783e-17 -0.385015625
v 0.6875 0.08373437500000003 -0.239984375
v 0.53125 0.08373437500000008 -0.239984375
v 0.6875 0.22876562500000003 -0.15625
v 0.53125 0.22876562500000008 -0.15625
v 0.6875 0.37948750000000003 -0.71875
v 0.6875 0.4955125 -0.6517625
v 0.6875 0.5625 -0.5357375
v 0.6875 0.5625 -0.4017625
v 0.6875 0.24551250000000002 -0.71875
v 0.6875 0.12948750000000003 -0.6517625
v 0.6875 0.06250000000000006 -0.5357375
v 0.6875 0.06250000000000006 -0.4017625
v 0.6875 0.12948750000000003 -0.2857375
v 0.6875 0.24551250000000002 -0.21875
v 0.6875 0.37948750000000003 -0.21875
v 0.6875 0.4955125 -0.2857375
v 0.625 0.3794875000000001 -0.71875
v 0.625 0.4955125 -0.6517625
v 0.625 0.31250000000000006 -0.46875
v 0.625 0.5625 -0.5357375
v 0.625 0.5625 -0.4017625
v 0.625 0.24551250000000005 -0.71875
v 0.625 0.12948750000000006 -0.6517625
v 0.625 0.06250000000000006 -0.5357375
v 0.625 0.06250000000000006 -0.4017625
v 0.625 0.12948750000000006 -0.2857375
v 0.625 0.24551250000000005 -0.21875
v 0.625 0.3794875000000001 -0.21875
v 0.625 0.4955125 -0.2857375
vt 0.4369390625 0.49943906250000003
vt 0.4224359375 0.5078125
vt 0.4140625 0.4765625
vt 0.654998046875 0.66015625
vt 0.675931640625 0.66015625
vt 0.675931640625 0.6796875
vt 0.654998046875 0.6796875
vt 0.13546640625 0.484375
vt 0.1535953125 0.49484140624999995
vt 0.125 0.5234375
vt 0.4453125 0.48493593749999997
vt 0.4369390625 0.49943906250000003
vt 0.4140625 0.4765625
vt 0.597505859375 0.38671875
vt 0.618439453125 0.38671875
vt 0.618439453125 0.40625
vt 0.597505859375 0.40625
vt 0.1535953125 0.49484140624999995
vt 0.1640625 0.5129703125
vt 0.125 0.5234375
vt 0.4453125 0.46818906250000003
vt 0.4453125 0.48493593749999997
vt 0.4140625 0.4765625
vt 0.618439453125 0.38671875
vt 0.639373046875 0.38671875
vt 0.639373046875 0.40625
vt 0.618439453125 0.40625
vt 0.1640625 0.5129703125
vt 0.1640625 0.53390390625
vt 0.125 0.5234375
vt 0.4369390625 0.45368593749999997
vt 0.4453125 0.46818906250000003
vt 0.4140625 0.4765625
vt 0.639373046875 0.38671875
vt 0.660306640625 0.38671875
vt 0.660306640625 0.40625
vt 0.639373046875 0.40625
vt 0.1640625 0.53390390625
vt 0.15359609375 0.5520328125
vt 0.125 0.5234375
vt 0.4224359375 0.4453125
vt 0.4369390625 0.45368593749999997
vt 0.4140625 0.4765625
vt 0.605318359375 0.62890625
vt 0.626251953125 0.62890625
vt 0.626251953125 0.6484375
vt 0.605318359375 0.6484375
vt 0.15359609375 0.5520328125
vt 0.1354671875 0.5625
vt 0.125 0.5234375
vt 0.4056890625 0.4453125
vt 0.4224359375 0.4453125
vt 0.4140625 0.4765625
vt 0.626251953125 0.62890625
vt 0.647185546875 0.62890625
vt 0.647185546875 0.6484375
vt 0.626251953125 0.6484375
vt 0.1354671875 0.5625
vt 0.11453359375 0.5625
vt 0.125 0.5234375
vt 0.3911859375 0.45368593749999997
vt 0.4056890625 0.4453125
vt 0.4140625 0.4765625
vt 0.647185546875 0.62890625
vt 0.668119140625 0.62890625
vt 0.668119140625 0.6484375
vt 0.647185546875 0.6484375
vt 0.11453359375 0.5625
vt 0.0964046875 0.55203359375
vt 0.125 0.5234375
vt 0.3828125 0.46818906250000003
vt 0.3911859375 0.45368593749999997
vt 0.4140625 0.4765625
vt 0.605318359375 0.50390625
vt 0.626251953125 0.50390625
vt 0.626251953125 0.5234375
vt 0.605318359375 0.5234375
vt 0.0964046875 0.55203359375
vt 0.0859375 0.5339046875
vt 0.125 0.5234375
vt 0.3828125 0.48493593749999997
vt 0.3828125 0.46818906250000003
vt 0.4140625 0.4765625
vt 0.626251953125 0.50390625
vt 0.647185546875 0.50390625
vt 0.647185546875 0.5234375
vt 0.626251953125 0.5234375
vt 0.0859375 0.5339046875
vt 0.0859375 0.51297109375
vt 0.125 0.5234375
vt 0.3911859375 0.49943906250000003
vt 0.3828125 0.48493593749999997
vt 0.4140625 0.4765625
vt 0.647185546875 0.50390625
vt 0.668119140625 0.50390625
vt 0.668119140625 0.5234375
vt 0.647185546875 0.5234375
vt 0.0859375 0.51297109375
vt 0.09640390625 0.4948421875
vt 0.125 0.5234375
vt 0.4056890625 0.5078125
vt 0.3911859375 0.49943906250000003
vt 0.4140625 0.4765625
vt 0.613130859375 0.66015625
vt 0.634064453125 0.66015625
vt 0.634064453125 0.6796875
vt 0.613130859375 0.6796875
vt 0.09640390625 0.4948421875
vt 0.1145328125 0.484375
vt 0.125 0.5234375
vt 0.4224359375 0.5078125
vt 0.4056890625 0.5078125
vt 0.4140625 0.4765625
vt 0.634064453125 0.66015625
vt 0.654998046875 0.66015625
vt 0.654998046875 0.6796875
vt 0.634064453125 0.6796875
vt 0.1145328125 0.484375
vt 0.13546640625 0.484375
vt 0.125 0.5234375
vt 0.2885015625 0.5318109375
vt 0.2739984375 0.5234375
vt 0.2760921875 0.515625
vt 0.29422109375 0.5260921875
vt 0.296875 0.5630609375
vt 0.296875 0.5463140625
vt 0.3046875 0.54422109375
vt 0.3046875 0.5651546875
vt 0.296875 0.5463140625
vt 0.2885015625 0.5318109375
vt 0.29422109375 0.5260921875
vt 0.3046875 0.54422109375
vt 0.2739984375 0.5234375
vt 0.2572515625 0.5234375
vt 0.25515859375 0.515625
vt 0.2760921875 0.515625
vt 0.2572515625 0.5234375
vt 0.2427484375 0.5318109375
vt 0.2370296875 0.52609140625
vt 0.25515859375 0.515625
vt 0.2427484375 0.5318109375
vt 0.234375 0.5463140625
vt 0.2265625 0.5442203125
vt 0.2370296875 0.52609140625
vt 0.234375 0.5463140625
vt 0.234375 0.5630609375
vt 0.2265625 0.56515390625
vt 0.2265625 0.5442203125
vt 0.234375 0.5630609375
vt 0.2427484375 0.5775640625
vt 0.23702890625 0.5832828125
vt 0.2265625 0.56515390625
vt 0.2427484375 0.5775640625
vt 0.2572515625 0.5859375
vt 0.2551578125 0.59375
vt 0.23702890625 0.5832828125
vt 0.2572515625 0.5859375
vt 0.2739984375 0.5859375
vt 0.27609140625 0.59375
vt 0.2551578125 0.59375
vt 0.2739984375 0.5859375
vt 0.2885015625 0.5775640625
vt 0.2942203125 0.58328359375
vt 0.27609140625 0.59375
vt 0.2885015625 0.5775640625
vt 0.296875 0.5630609375
vt 0.3046875 0.5651546875
vt 0.2942203125 0.58328359375
vt 0.6852765625 0.765625
vt 0.6685296875 0.765625
vt 0.6685296875 0.7578125
vt 0.6852765625 0.7578125
vt 0.6685296875 0.78125
vt 0.6517828125 0.78125
vt 0.6517828125 0.7734375
vt 0.6685296875 0.7734375
vt 0.6517828125 0.78125
vt 0.6350359375 0.78125
vt 0.6350359375 0.7734375
vt 0.6517828125 0.7734375
vt 0.6685296875 0.765625
vt 0.6517828125 0.765625
vt 0.6517828125 0.7578125
vt 0.6685296875 0.7578125
vt 0.6517828125 0.765625
vt 0.6350359375 0.765625
vt 0.6350359375 0.7578125
vt 0.6517828125 0.7578125
vt 0.5134015625 0.359375
vt 0.4966546875 0.359375
vt 0.4966546875 0.3515625
vt 0.5134015625 0.3515625
vt 0.4966546875 0.359375
vt 0.4799078125 0.359375
vt 0.4799078125 0.3515625
vt 0.4966546875 0.3515625
vt 0.4799078125 0.359375
vt 0.4631609375 0.359375
vt 0.4631609375 0.3515625
vt 0.4799078125 0.3515625
vt 0.6930890625 0.4921875
vt 0.6763421875 0.4921875
vt 0.6763421875 0.484375
vt 0.6930890625 0.484375
vt 0.6763421875 0.4921875
vt 0.6595953125 0.4921875
vt 0.6595953125 0.484375
vt 0.6763421875 0.484375
vt 0.6595953125 0.4921875
vt 0.6428484375 0.4921875
vt 0.6428484375 0.484375
vt 0.6595953125 0.484375
vt 0.6852765625 0.78125
vt 0.6685296875 0.78125
vt 0.6685296875 0.7734375
vt 0.6852765625 0.7734375
vn 1 -2.220446049250313e-16 0
vn 1.1102284319939225e-16 0.500002435262396 0.8660239977804737
vn -1 2.220446049250313e-16 0
vn 1 -2.220446049250313e-16 0
vn 1.9229595644276147e-16 0.8660239977804737 0.500002435262396
vn -1 2.220446049250313e-16 0
vn 1 -2.220446049250313e-16 0
vn 2.220446049250313e-16 1 0
vn -1 2.220446049250313e-16 0
vn 1 -2.220446049250313e-16 0
vn 1.9229595644276147e-16 0.8660239977804737 -0.500002435262396
vn -1 2.220446049250313e-16 0
vn 1 -2.220446049250313e-16 0
vn 1.1102284319939225e-16 0.500002435262396 -0.8660239977804737
vn -1 2.220446049250313e-16 0
vn 1 -2.220446049250313e-16 0
vn 0 0 -1
vn -1 2.220446049250313e-16 0
vn 1 -2.220446049250313e-16 0
vn -1.1102284319939225e-16 -0.500002435262396 -0.8660239977804737
vn -1 2.220446049250313e-16 0
vn 1 -2.220446049250313e-16 0
vn -1.9229595644276147e-16 -0.8660239977804737 -0.500002435262396
vn -1 2.220446049250313e-16 0
vn 1 -2.220446049250313e-16 0
vn -2.220446049250313e-16 -1 0
vn -1 2.220446049250313e-16 0
vn 1 -2.220446049250313e-16 0
vn -1.9229595644276147e-16 -0.8660239977804737 0.500002435262396
vn -1 2.220446049250313e-16 0
vn 1 -2.220446049250313e-16 0
vn -1.1102284319939225e-16 -0.500002435262396 0.8660239977804737
vn -1 2.220446049250313e-16 0
vn 1 -2.220446049250313e-16 0
vn 0 0 1
vn -1 2.220446049250313e-16 0
vn 1 -2.220446049250313e-16 0
vn 1 -2.220446049250313e-16 0
vn 1 -2.220446049250313e-16 0
vn 1 -2.220446049250313e-16 0
vn 1 -2.220446049250313e-16 0
vn 1 -2.220446049250313e-16 0
vn 1 -2.220446049250313e-16 0
vn 1 -2.220446049250313e-16 0
vn 1 -2.220446049250313e-16 0
vn 1 -2.220446049250313e-16 0
vn 1 -2.220446049250313e-16 0
vn 1 -2.220446049250313e-16 0
vn -1.1102284319939223e-16 -0.5000024352623959 0.8660239977804736
vn -2.220446049250313e-16 -1 0
vn -1.9229595644276144e-16 -0.8660239977804736 0.5000024352623959
vn 0 0 1
vn 1.1102284319939223e-16 0.5000024352623959 0.8660239977804736
vn 1.9229595644276144e-16 0.8660239977804736 0.5000024352623959
vn 2.220446049250313e-16 1 0
vn 1.9229595644276144e-16 0.8660239977804736 -0.5000024352623959
vn 1.1102284319939223e-16 0.5000024352623959 -0.8660239977804736
vn 0 0 -1
vn -1.1102284319939223e-16 -0.5000024352623959 -0.8660239977804736
vn -1.9229595644276144e-16 -0.8660239977804736 -0.5000024352623959
usemtl m_7e3ab7cf-27c2-e2e7-097a-74cd770501f6
f 468/1553/395 467/1554/395 458/1555/395
f 420/1556/396 422/1557/396 423/1558/396 421/1559/396
f 421/1560/397 423/1561/397 419/1562/397
f 460/1563/398 468/1564/398 458/1565/398
f 422/1566/399 424/1567/399 425/1568/399 423/1569/399
f 423/1570/400 425/1571/400 419/1572/400
f 459/1573/401 460/1574/401 458/1575/401
f 424/1576/402 426/1577/402 427/1578/402 425/1579/402
f 425/1580/403 427/1581/403 419/1582/403
f 457/1583/404 459/1584/404 458/1585/404
f 426/1586/405 428/1587/405 429/1588/405 427/1589/405
f 427/1590/406 429/1591/406 419/1592/406
f 456/1593/407 457/1594/407 458/1595/407
f 428/1596/408 430/1597/408 431/1598/408 429/1599/408
f 429/1600/409 431/1601/409 419/1602/409
f 461/1603/410 456/1604/410 458/1605/410
f 430/1606/411 432/1607/411 433/1608/411 431/1609/411
f 431/1610/412 433/1611/412 419/1612/412
f 462/1613/413 461/1614/413 458/1615/413
f 432/1616/414 434/1617/414 435/1618/414 433/1619/414
f 433/1620/415 435/1621/415 419/1622/415
f 463/1623/416 462/1624/416 458/1625/416
f 434/1626/417 436/1627/417 437/1628/417 435/1629/417
f 435/1630/418 437/1631/418 419/1632/418
f 464/1633/419 463/1634/419 458/1635/419
f 436/1636/420 438/1637/420 439/1638/420 437/1639/420
f 437/1640/421 439/1641/421 419/1642/421
f 465/1643/422 464/1644/422 458/1645/422
f 438/1646/423 440/1647/423 441/1648/423 439/1649/423
f 439/1650/424 441/1651/424 419/1652/424
f 466/1653/425 465/1654/425 458/1655/425
f 440/1656/426 442/1657/426 443/1658/426 441/1659/426
f 441/1660/427 443/1661/427 419/1662/427
f 467/1663/428 466/1664/428 458/1665/428
f 442/1666/429 420/1667/429 421/1668/429 443/1669/429
f 443/1670/430 421/1671/430 419/1672/430
f 445/1673/431 444/1674/431 430/1675/431 428/1676/431
f 447/1677/432 446/1678/432 426/1679/432 424/1680/432
f 446/1681/433 445/1682/433 428/1683/433 426/1684/433
f 444/1685/434 448/1686/434 432/1687/434 430/1688/434
f 448/1689/435 449/1690/435 434/1691/435 432/1692/435
f 449/1693/436 450/1694/436 436/1695/436 434/1696/436
f 450/1697/437 451/1698/437 438/1699/437 436/1700/437
f 451/1701/438 452/1702/438 440/1703/438 438/1704/438
f 452/1705/439 453/1706/439 442/1707/439 440/1708/439
f 453/1709/440 454/1710/440 420/1711/440 442/1712/440
f 454/1713/441 455/1714/441 422/1715/441 420/1716/441
f 455/1717/442 447/1718/442 424/1719/442 422/1720/442
f 457/1721/443 456/1722/443 444/1723/443 445/1724/443
f 460/1725/444 459/1726/444 446/1727/444 447/1728/444
f 459/1729/445 457/1730/445 445/1731/445 446/1732/445
f 456/1733/446 461/1734/446 448/1735/446 444/1736/446
f 461/1737/447 462/1738/447 449/1739/447 448/1740/447
f 462/1741/448 463/1742/448 450/1743/448 449/1744/448
f 463/1745/449 464/1746/449 451/1747/449 450/1748/449
f 464/1749/450 465/1750/450 452/1751/450 451/1752/450
f 465/1753/451 466/1754/451 453/1755/451 452/1756/451
f 466/1757/452 467/1758/452 454/1759/452 453/1760/452
f 467/1761/453 468/1762/453 455/1763/453 454/1764/453
f 468/1765/454 460/1766/454 447/1767/454 455/1768/454
o 2_R
v 0.53125 0.31250000000000006 0.46875
v 0.6875 0.396234375 0.78125
v 0.53125 0.3962343750000001 0.78125
v 0.6875 0.5412656250000001 0.697515625
v 0.53125 0.5412656250000001 0.697515625
v 0.6875 0.625 0.552484375
v 0.53125 0.625 0.552484375
v 0.6875 0.625 0.385015625
v 0.53125 0.625 0.385015625
v 0.6875 0.5412656250000001 0.239984375
v 0.53125 0.5412656250000001 0.239984375
v 0.6875 0.396234375 0.15625
v 0.53125 0.3962343750000001 0.15625
v 0.6875 0.22876562500000003 0.15625
v 0.53125 0.22876562500000008 0.15625
v 0.6875 0.08373437500000003 0.239984375
v 0.53125 0.08373437500000008 0.239984375
v 0.6875 5.551115123125783e-17 0.385015625
v 0.53125 5.551115123125783e-17 0.385015625
v 0.6875 5.551115123125783e-17 0.552484375
v 0.53125 5.551115123125783e-17 0.552484375
v 0.6875 0.08373437500000003 0.697515625
v 0.53125 0.08373437500000008 0.697515625
v 0.6875 0.22876562500000003 0.78125
v 0.53125 0.22876562500000008 0.78125
v 0.6875 0.37948750000000003 0.21875
v 0.6875 0.4955125 0.2857375
v 0.6875 0.5625 0.4017625
v 0.6875 0.5625 0.5357375
v 0.6875 0.24551250000000002 0.21875
v 0.6875 0.12948750000000003 0.2857375
v 0.6875 0.06250000000000006 0.4017625
v 0.6875 0.06250000000000006 0.5357375
v 0.6875 0.12948750000000003 0.6517625
v 0.6875 0.24551250000000002 0.71875
v 0.6875 0.37948750000000003 0.71875
v 0.6875 0.4955125 0.6517625
v 0.625 0.3794875000000001 0.21875
v 0.625 0.4955125 0.2857375
v 0.625 0.31250000000000006 0.46875
v 0.625 0.5625 0.4017625
v 0.625 0.5625 0.5357375
v 0.625 0.24551250000000005 0.21875
v 0.625 0.12948750000000006 0.2857375
v 0.625 0.06250000000000006 0.4017625
v 0.625 0.06250000000000006 0.5357375
v 0.625 0.12948750000000006 0.6517625
v 0.625 0.24551250000000005 0.71875
v 0.625 0.3794875000000001 0.71875
v 0.625 0.4955125 0.6517625
vt 0.5697515625 0.7338140625
vt 0.5552484375 0.7421875
vt 0.546875 0.7109375
vt 0.201873046875 0.35546875
vt 0.222806640625 0.35546875
vt 0.222806640625 0.375
vt 0.201873046875 0.375
vt 0.50265390625 0.921875
vt 0.5207828125 0.93234140625
vt 0.4921875 0.9609375
vt 0.578125 0.7193109375
vt 0.5697515625 0.7338140625
vt 0.546875 0.7109375
vt 0.464693359375 0.37109375
vt 0.485626953125 0.37109375
vt 0.485626953125 0.390625
vt 0.464693359375 0.390625
vt 0.5207828125 0.93234140625
vt 0.53125 0.9504703125
vt 0.4921875 0.9609375
vt 0.578125 0.7025640625
vt 0.578125 0.7193109375
vt 0.546875 0.7109375
vt 0.485626953125 0.37109375
vt 0.506560546875 0.37109375
vt 0.506560546875 0.390625
vt 0.485626953125 0.390625
vt 0.53125 0.9504703125
vt 0.53125 0.97140390625
vt 0.4921875 0.9609375
vt 0.5697515625 0.6880609375
vt 0.578125 0.7025640625
vt 0.546875 0.7109375
vt 0.506560546875 0.37109375
vt 0.527494140625 0.37109375
vt 0.527494140625 0.390625
vt 0.506560546875 0.390625
vt 0.53125 0.97140390625
vt 0.52078359375 0.9895328125
vt 0.4921875 0.9609375
vt 0.5552484375 0.6796875
vt 0.5697515625 0.6880609375
vt 0.546875 0.7109375
vt 0.003755859375 0.36328125
vt 0.024689453125 0.36328125
vt 0.024689453125 0.3828125
vt 0.003755859375 0.3828125
vt 0.52078359375 0.9895328125
vt 0.5026546875 1
vt 0.4921875 0.9609375
vt 0.5385015625 0.6796875
vt 0.5552484375 0.6796875
vt 0.546875 0.7109375
vt 0.024689453125 0.36328125
vt 0.045623046875 0.36328125
vt 0.045623046875 0.3828125
vt 0.024689453125 0.3828125
vt 0.5026546875 1
vt 0.48172109375 1
vt 0.4921875 0.9609375
vt 0.5239984375 0.6880609375
vt 0.5385015625 0.6796875
vt 0.546875 0.7109375
vt 0.045623046875 0.36328125
vt 0.066556640625 0.36328125
vt 0.066556640625 0.3828125
vt 0.045623046875 0.3828125
vt 0.48172109375 1
vt 0.4635921875 0.98953359375
vt 0.4921875 0.9609375
vt 0.515625 0.7025640625
vt 0.5239984375 0.6880609375
vt 0.546875 0.7109375
vt 0.081880859375 0.36328125
vt 0.102814453125 0.36328125
vt 0.102814453125 0.3828125
vt 0.081880859375 0.3828125
vt 0.4635921875 0.98953359375
vt 0.453125 0.9714046875
vt 0.4921875 0.9609375
vt 0.515625 0.7193109375
vt 0.515625 0.7025640625
vt 0.546875 0.7109375
vt 0.102814453125 0.36328125
vt 0.123748046875 0.36328125
vt 0.123748046875 0.3828125
vt 0.102814453125 0.3828125
vt 0.453125 0.9714046875
vt 0.453125 0.95047109375
vt 0.4921875 0.9609375
vt 0.5239984375 0.7338140625
vt 0.515625 0.7193109375
vt 0.546875 0.7109375
vt 0.123748046875 0.36328125
vt 0.144681640625 0.36328125
vt 0.144681640625 0.3828125
vt 0.123748046875 0.3828125
vt 0.453125 0.95047109375
vt 0.46359140625 0.9323421875
vt 0.4921875 0.9609375
vt 0.5385015625 0.7421875
vt 0.5239984375 0.7338140625
vt 0.546875 0.7109375
vt 0.160005859375 0.35546875
vt 0.180939453125 0.35546875
vt 0.180939453125 0.375
vt 0.160005859375 0.375
vt 0.46359140625 0.9323421875
vt 0.4817203125 0.921875
vt 0.4921875 0.9609375
vt 0.5552484375 0.7421875
vt 0.5385015625 0.7421875
vt 0.546875 0.7109375
vt 0.180939453125 0.35546875
vt 0.201873046875 0.35546875
vt 0.201873046875 0.375
vt 0.180939453125 0.375
vt 0.4817203125 0.921875
vt 0.50265390625 0.921875
vt 0.4921875 0.9609375
vt 0.3744390625 0.5318109375
vt 0.3599359375 0.5234375
vt 0.3620296875 0.515625
vt 0.38015859375 0.5260921875
vt 0.3828125 0.5630609375
vt 0.3828125 0.5463140625
vt 0.390625 0.54422109375
vt 0.390625 0.5651546875
vt 0.3828125 0.5463140625
vt 0.3744390625 0.5318109375
vt 0.38015859375 0.5260921875
vt 0.390625 0.54422109375
vt 0.3599359375 0.5234375
vt 0.3431890625 0.5234375
vt 0.34109609375 0.515625
vt 0.3620296875 0.515625
vt 0.3431890625 0.5234375
vt 0.3286859375 0.5318109375
vt 0.3229671875 0.52609140625
vt 0.34109609375 0.515625
vt 0.3286859375 0.5318109375
vt 0.3203125 0.5463140625
vt 0.3125 0.5442203125
vt 0.3229671875 0.52609140625
vt 0.3203125 0.5463140625
vt 0.3203125 0.5630609375
vt 0.3125 0.56515390625
vt 0.3125 0.5442203125
vt 0.3203125 0.5630609375
vt 0.3286859375 0.5775640625
vt 0.32296640625 0.5832828125
vt 0.3125 0.56515390625
vt 0.3286859375 0.5775640625
vt 0.3431890625 0.5859375
vt 0.3410953125 0.59375
vt 0.32296640625 0.5832828125
vt 0.3431890625 0.5859375
vt 0.3599359375 0.5859375
vt 0.36202890625 0.59375
vt 0.3410953125 0.59375
vt 0.3599359375 0.5859375
vt 0.3744390625 0.5775640625
vt 0.3801578125 0.58328359375
vt 0.36202890625 0.59375
vt 0.3744390625 0.5775640625
vt 0.3828125 0.5630609375
vt 0.390625 0.5651546875
vt 0.3801578125 0.58328359375
vt 0.6930890625 0.4609375
vt 0.6763421875 0.4609375
vt 0.6763421875 0.453125
vt 0.6930890625 0.453125
vt 0.6763421875 0.4765625
vt 0.6595953125 0.4765625
vt 0.6595953125 0.46875
vt 0.6763421875 0.46875
vt 0.6595953125 0.4765625
vt 0.6428484375 0.4765625
vt 0.6428484375 0.46875
vt 0.6595953125 0.46875
vt 0.6763421875 0.4609375
vt 0.6595953125 0.4609375
vt 0.6595953125 0.453125
vt 0.6763421875 0.453125
vt 0.6595953125 0.4609375
vt 0.6428484375 0.4609375
vt 0.6428484375 0.453125
vt 0.6595953125 0.453125
vt 0.0524640625 0.3515625
vt 0.0357171875 0.3515625
vt 0.0357171875 0.34375
vt 0.0524640625 0.34375
vt 0.0357171875 0.3515625
vt 0.0189703125 0.3515625
vt 0.0189703125 0.34375
vt 0.0357171875 0.34375
vt 0.0189703125 0.3515625
vt 0.0022234375 0.3515625
vt 0.0022234375 0.34375
vt 0.0189703125 0.34375
vt 0.1149640625 0.3515625
vt 0.0982171875 0.3515625
vt 0.0982171875 0.34375
vt 0.1149640625 0.34375
vt 0.0982171875 0.3515625
vt 0.0814703125 0.3515625
vt 0.0814703125 0.34375
vt 0.0982171875 0.34375
vt 0.0814703125 0.3515625
vt 0.0647234375 0.3515625
vt 0.0647234375 0.34375
vt 0.0814703125 0.34375
vt 0.6930890625 0.4765625
vt 0.6763421875 0.4765625
vt 0.6763421875 0.46875
vt 0.6930890625 0.46875
vn 1 -2.220446049250313e-16 0
vn 1.1102284319939225e-16 0.500002435262396 0.8660239977804737
vn -1 2.220446049250313e-16 0
vn 1 -2.220446049250313e-16 0
vn 1.9229595644276147e-16 0.8660239977804737 0.500002435262396
vn -1 2.220446049250313e-16 0
vn 1 -2.220446049250313e-16 0
vn 2.220446049250313e-16 1 0
vn -1 2.220446049250313e-16 0
vn 1 -2.220446049250313e-16 0
vn 1.9229595644276147e-16 0.8660239977804737 -0.500002435262396
vn -1 2.220446049250313e-16 0
vn 1 -2.220446049250313e-16 0
vn 1.1102284319939225e-16 0.500002435262396 -0.8660239977804737
vn -1 2.220446049250313e-16 0
vn 1 -2.220446049250313e-16 0
vn 0 0 -1
vn -1 2.220446049250313e-16 0
vn 1 -2.220446049250313e-16 0
vn -1.1102284319939225e-16 -0.500002435262396 -0.8660239977804737
vn -1 2.220446049250313e-16 0
vn 1 -2.220446049250313e-16 0
vn -1.9229595644276147e-16 -0.8660239977804737 -0.500002435262396
vn -1 2.220446049250313e-16 0
vn 1 -2.220446049250313e-16 0
vn -2.220446049250313e-16 -1 0
vn -1 2.220446049250313e-16 0
vn 1 -2.220446049250313e-16 0
vn -1.9229595644276147e-16 -0.8660239977804737 0.500002435262396
vn -1 2.220446049250313e-16 0
vn 1 -2.220446049250313e-16 0
vn -1.1102284319939225e-16 -0.500002435262396 0.8660239977804737
vn -1 2.220446049250313e-16 0
vn 1 -2.220446049250313e-16 0
vn 0 0 1
vn -1 2.220446049250313e-16 0
vn 1 -2.220446049250313e-16 0
vn 1 -2.220446049250313e-16 0
vn 1 -2.220446049250313e-16 0
vn 1 -2.220446049250313e-16 0
vn 1 -2.220446049250313e-16 0
vn 1 -2.220446049250313e-16 0
vn 1 -2.220446049250313e-16 0
vn 1 -2.220446049250313e-16 0
vn 1 -2.220446049250313e-16 0
vn 1 -2.220446049250313e-16 0
vn 1 -2.220446049250313e-16 0
vn 1 -2.220446049250313e-16 0
vn -1.1102284319939223e-16 -0.5000024352623959 0.8660239977804736
vn -2.220446049250313e-16 -1 0
vn -1.9229595644276144e-16 -0.8660239977804736 0.5000024352623959
vn 0 0 1
vn 1.1102284319939223e-16 0.5000024352623959 0.8660239977804736
vn 1.9229595644276144e-16 0.8660239977804736 0.5000024352623959
vn 2.220446049250313e-16 1 0
vn 1.9229595644276144e-16 0.8660239977804736 -0.5000024352623959
vn 1.1102284319939223e-16 0.5000024352623959 -0.8660239977804736
vn 0 0 -1
vn -1.1102284319939223e-16 -0.5000024352623959 -0.8660239977804736
vn -1.9229595644276144e-16 -0.8660239977804736 -0.5000024352623959
usemtl m_7e3ab7cf-27c2-e2e7-097a-74cd770501f6
f 518/1769/455 517/1770/455 508/1771/455
f 470/1772/456 472/1773/456 473/1774/456 471/1775/456
f 471/1776/457 473/1777/457 469/1778/457
f 510/1779/458 518/1780/458 508/1781/458
f 472/1782/459 474/1783/459 475/1784/459 473/1785/459
f 473/1786/460 475/1787/460 469/1788/460
f 509/1789/461 510/1790/461 508/1791/461
f 474/1792/462 476/1793/462 477/1794/462 475/1795/462
f 475/1796/463 477/1797/463 469/1798/463
f 507/1799/464 509/1800/464 508/1801/464
f 476/1802/465 478/1803/465 479/1804/465 477/1805/465
f 477/1806/466 479/1807/466 469/1808/466
f 506/1809/467 507/1810/467 508/1811/467
f 478/1812/468 480/1813/468 481/1814/468 479/1815/468
f 479/1816/469 481/1817/469 469/1818/469
f 511/1819/470 506/1820/470 508/1821/470
f 480/1822/471 482/1823/471 483/1824/471 481/1825/471
f 481/1826/472 483/1827/472 469/1828/472
f 512/1829/473 511/1830/473 508/1831/473
f 482/1832/474 484/1833/474 485/1834/474 483/1835/474
f 483/1836/475 485/1837/475 469/1838/475
f 513/1839/476 512/1840/476 508/1841/476
f 484/1842/477 486/1843/477 487/1844/477 485/1845/477
f 485/1846/478 487/1847/478 469/1848/478
f 514/1849/479 513/1850/479 508/1851/479
f 486/1852/480 488/1853/480 489/1854/480 487/1855/480
f 487/1856/481 489/1857/481 469/1858/481
f 515/1859/482 514/1860/482 508/1861/482
f 488/1862/483 490/1863/483 491/1864/483 489/1865/483
f 489/1866/484 491/1867/484 469/1868/484
f 516/1869/485 515/1870/485 508/1871/485
f 490/1872/486 492/1873/486 493/1874/486 491/1875/486
f 491/1876/487 493/1877/487 469/1878/487
f 517/1879/488 516/1880/488 508/1881/488
f 492/1882/489 470/1883/489 471/1884/489 493/1885/489
f 493/1886/490 471/1887/490 469/1888/490
f 495/1889/491 494/1890/491 480/1891/491 478/1892/491
f 497/1893/492 496/1894/492 476/1895/492 474/1896/492
f 496/1897/493 495/1898/493 478/1899/493 476/1900/493
f 494/1901/494 498/1902/494 482/1903/494 480/1904/494
f 498/1905/495 499/1906/495 484/1907/495 482/1908/495
f 499/1909/496 500/1910/496 486/1911/496 484/1912/496
f 500/1913/497 501/1914/497 488/1915/497 486/1916/497
f 501/1917/498 502/1918/498 490/1919/498 488/1920/498
f 502/1921/499 503/1922/499 492/1923/499 490/1924/499
f 503/1925/500 504/1926/500 470/1927/500 492/1928/500
f 504/1929/501 505/1930/501 472/1931/501 470/1932/501
f 505/1933/502 497/1934/502 474/1935/502 472/1936/502
f 507/1937/503 506/1938/503 494/1939/503 495/1940/503
f 510/1941/504 509/1942/504 496/1943/504 497/1944/504
f 509/1945/505 507/1946/505 495/1947/505 496/1948/505
f 506/1949/506 511/1950/506 498/1951/506 494/1952/506
f 511/1953/507 512/1954/507 499/1955/507 498/1956/507
f 512/1957/508 513/1958/508 500/1959/508 499/1960/508
f 513/1961/509 514/1962/509 501/1963/509 500/1964/509
f 514/1965/510 515/1966/510 502/1967/510 501/1968/510
f 515/1969/511 516/1970/511 503/1971/511 502/1972/511
f 516/1973/512 517/1974/512 504/1975/512 503/1976/512
f 517/1977/513 518/1978/513 505/1979/513 504/1980/513
f 518/1981/514 510/1982/514 497/1983/514 505/1984/514
o 2_L
v -0.53125 0.31250000000000006 0.46875
v -0.53125 0.396234375 0.78125
v -0.6875 0.3962343750000001 0.78125
v -0.53125 0.5412656250000001 0.697515625
v -0.6875 0.5412656250000001 0.697515625
v -0.53125 0.625 0.552484375
v -0.6875 0.6250000000000001 0.552484375
v -0.53125 0.625 0.385015625
v -0.6875 0.6250000000000001 0.385015625
v -0.53125 0.5412656250000001 0.239984375
v -0.6875 0.5412656250000001 0.239984375
v -0.53125 0.396234375 0.15625
v -0.6875 0.3962343750000001 0.15625
v -0.53125 0.22876562500000006 0.15625
v -0.6875 0.22876562500000008 0.15625
v -0.53125 0.08373437500000006 0.239984375
v -0.6875 0.08373437500000008 0.239984375
v -0.53125 5.551115123125783e-17 0.385015625
v -0.6875 1.1102230246251565e-16 0.385015625
v -0.53125 5.551115123125783e-17 0.552484375
v -0.6875 1.1102230246251565e-16 0.552484375
v -0.53125 0.08373437500000006 0.697515625
v -0.6875 0.08373437500000008 0.697515625
v -0.53125 0.22876562500000006 0.78125
v -0.6875 0.22876562500000008 0.78125
v -0.6875 0.24551250000000008 0.71875
v -0.6875 0.3794875000000001 0.71875
v -0.6875 0.4955125000000001 0.6517625
v -0.6875 0.5625000000000001 0.5357375
v -0.6875 0.5625000000000001 0.4017625
v -0.6875 0.4955125000000001 0.2857375
v -0.6875 0.3794875000000001 0.21875
v -0.6875 0.24551250000000008 0.21875
v -0.6875 0.1294875000000001 0.2857375
v -0.6875 0.06250000000000008 0.4017625
v -0.6875 0.06250000000000008 0.5357375
v -0.6875 0.1294875000000001 0.6517625
v -0.625 0.24551250000000008 0.71875
v -0.625 0.3794875000000001 0.71875
v -0.625 0.31250000000000006 0.46875
v -0.625 0.4955125000000001 0.6517625
v -0.625 0.5625 0.5357375
v -0.625 0.5625 0.4017625
v -0.625 0.4955125000000001 0.2857375
v -0.625 0.3794875000000001 0.21875
v -0.625 0.24551250000000008 0.21875
v -0.625 0.1294875000000001 0.2857375
v -0.625 0.06250000000000006 0.4017625
v -0.625 0.06250000000000006 0.5357375
v -0.625 0.1294875000000001 0.6517625
vt 0.5207828125 0.90359609375
vt 0.50265390625 0.9140625
vt 0.4921875 0.875
vt 0.678435546875 0.88671875
vt 0.699369140625 0.88671875
vt 0.699369140625 0.90625
vt 0.678435546875 0.90625
vt 0.4927484375 0.421875
vt 0.5072515625 0.43024843749999997
vt 0.484375 0.453125
vt 0.53125 0.8854671875
vt 0.5207828125 0.90359609375
vt 0.4921875 0.875
vt 0.628755859375 0.59765625
vt 0.649689453125 0.59765625
vt 0.649689453125 0.6171875
vt 0.628755859375 0.6171875
vt 0.5072515625 0.43024843749999997
vt 0.515625 0.44475156250000003
vt 0.484375 0.453125
vt 0.53125 0.86453359375
vt 0.53125 0.8854671875
vt 0.4921875 0.875
vt 0.649689453125 0.59765625
vt 0.670623046875 0.59765625
vt 0.670623046875 0.6171875
vt 0.649689453125 0.6171875
vt 0.515625 0.44475156250000003
vt 0.515625 0.46149843749999997
vt 0.484375 0.453125
vt 0.52078359375 0.8464046875
vt 0.53125 0.86453359375
vt 0.4921875 0.875
vt 0.670623046875 0.59765625
vt 0.691556640625 0.59765625
vt 0.691556640625 0.6171875
vt 0.670623046875 0.6171875
vt 0.515625 0.46149843749999997
vt 0.5072515625 0.47600156250000003
vt 0.484375 0.453125
vt 0.5026546875 0.8359375
vt 0.52078359375 0.8464046875
vt 0.4921875 0.875
vt 0.628755859375 0.56640625
vt 0.649689453125 0.56640625
vt 0.649689453125 0.5859375
vt 0.628755859375 0.5859375
vt 0.5072515625 0.47600156250000003
vt 0.4927484375 0.484375
vt 0.484375 0.453125
vt 0.48172109375 0.8359375
vt 0.5026546875 0.8359375
vt 0.4921875 0.875
vt 0.649689453125 0.56640625
vt 0.670623046875 0.56640625
vt 0.670623046875 0.5859375
vt 0.649689453125 0.5859375
vt 0.4927484375 0.484375
vt 0.4760015625 0.484375
vt 0.484375 0.453125
vt 0.4635921875 0.84640390625
vt 0.48172109375 0.8359375
vt 0.4921875 0.875
vt 0.670623046875 0.56640625
vt 0.691556640625 0.56640625
vt 0.691556640625 0.5859375
vt 0.670623046875 0.5859375
vt 0.4760015625 0.484375
vt 0.4614984375 0.47600156250000003
vt 0.484375 0.453125
vt 0.453125 0.8645328125
vt 0.4635921875 0.84640390625
vt 0.4921875 0.875
vt 0.597505859375 0.35546875
vt 0.618439453125 0.35546875
vt 0.618439453125 0.375
vt 0.597505859375 0.375
vt 0.4614984375 0.47600156250000003
vt 0.453125 0.46149843749999997
vt 0.484375 0.453125
vt 0.453125 0.88546640625
vt 0.453125 0.8645328125
vt 0.4921875 0.875
vt 0.618439453125 0.35546875
vt 0.639373046875 0.35546875
vt 0.639373046875 0.375
vt 0.618439453125 0.375
vt 0.453125 0.46149843749999997
vt 0.453125 0.44475156250000003
vt 0.484375 0.453125
vt 0.46359140625 0.9035953125
vt 0.453125 0.88546640625
vt 0.4921875 0.875
vt 0.639373046875 0.35546875
vt 0.660306640625 0.35546875
vt 0.660306640625 0.375
vt 0.639373046875 0.375
vt 0.453125 0.44475156250000003
vt 0.4614984375 0.43024843749999997
vt 0.484375 0.453125
vt 0.4817203125 0.9140625
vt 0.46359140625 0.9035953125
vt 0.4921875 0.875
vt 0.636568359375 0.88671875
vt 0.657501953125 0.88671875
vt 0.657501953125 0.90625
vt 0.636568359375 0.90625
vt 0.4614984375 0.43024843749999997
vt 0.4760015625 0.421875
vt 0.484375 0.453125
vt 0.50265390625 0.9140625
vt 0.4817203125 0.9140625
vt 0.4921875 0.875
vt 0.657501953125 0.88671875
vt 0.678435546875 0.88671875
vt 0.678435546875 0.90625
vt 0.657501953125 0.90625
vt 0.4760015625 0.421875
vt 0.4927484375 0.421875
vt 0.484375 0.453125
vt 0.5005609375 0.7578125
vt 0.4838140625 0.7578125
vt 0.4817203125 0.75
vt 0.50265390625 0.75
vt 0.5150640625 0.7661859375
vt 0.5005609375 0.7578125
vt 0.50265390625 0.75
vt 0.5207828125 0.76046640625
vt 0.5234375 0.7806890625
vt 0.5150640625 0.7661859375
vt 0.5207828125 0.76046640625
vt 0.53125 0.7785953125
vt 0.5234375 0.7974359375
vt 0.5234375 0.7806890625
vt 0.53125 0.7785953125
vt 0.53125 0.79952890625
vt 0.5150640625 0.8119390625
vt 0.5234375 0.7974359375
vt 0.53125 0.79952890625
vt 0.52078359375 0.8176578125
vt 0.5005609375 0.8203125
vt 0.5150640625 0.8119390625
vt 0.52078359375 0.8176578125
vt 0.5026546875 0.828125
vt 0.4838140625 0.8203125
vt 0.5005609375 0.8203125
vt 0.5026546875 0.828125
vt 0.48172109375 0.828125
vt 0.4693109375 0.8119390625
vt 0.4838140625 0.8203125
vt 0.48172109375 0.828125
vt 0.4635921875 0.81765859375
vt 0.4609375 0.7974359375
vt 0.4693109375 0.8119390625
vt 0.4635921875 0.81765859375
vt 0.453125 0.7995296875
vt 0.4609375 0.7806890625
vt 0.4609375 0.7974359375
vt 0.453125 0.7995296875
vt 0.453125 0.77859609375
vt 0.4693109375 0.7661859375
vt 0.4609375 0.7806890625
vt 0.453125 0.77859609375
vt 0.46359140625 0.7604671875
vt 0.4838140625 0.7578125
vt 0.4693109375 0.7661859375
vt 0.46359140625 0.7604671875
vt 0.4817203125 0.75
vt 0.3392828125 0.34375
vt 0.3560296875 0.34375
vt 0.3560296875 0.3515625
vt 0.3392828125 0.3515625
vt 0.3225359375 0.34375
vt 0.3392828125 0.34375
vt 0.3392828125 0.3515625
vt 0.3225359375 0.3515625
vt 0.6919671875 0.9921875
vt 0.7087140625 0.9921875
vt 0.7087140625 1
vt 0.6919671875 1
vt 0.6752203125 0.9921875
vt 0.6919671875 0.9921875
vt 0.6919671875 1
vt 0.6752203125 1
vt 0.6584734375 0.9921875
vt 0.6752203125 0.9921875
vt 0.6752203125 1
vt 0.6584734375 1
vt 0.6919671875 0.9765625
vt 0.7087140625 0.9765625
vt 0.7087140625 0.984375
vt 0.6919671875 0.984375
vt 0.6752203125 0.9765625
vt 0.6919671875 0.9765625
vt 0.6919671875 0.984375
vt 0.6752203125 0.984375
vt 0.6584734375 0.9765625
vt 0.6752203125 0.9765625
vt 0.6752203125 0.984375
vt 0.6584734375 0.984375
vt 0.6919671875 0.9609375
vt 0.7087140625 0.9609375
vt 0.7087140625 0.96875
vt 0.6919671875 0.96875
vt 0.6752203125 0.9609375
vt 0.6919671875 0.9609375
vt 0.6919671875 0.96875
vt 0.6752203125 0.96875
vt 0.6584734375 0.9609375
vt 0.6752203125 0.9609375
vt 0.6752203125 0.96875
vt 0.6584734375 0.96875
vt 0.3560296875 0.34375
vt 0.3727765625 0.34375
vt 0.3727765625 0.3515625
vt 0.3560296875 0.3515625
vn 1 -2.220446049250313e-16 0
vn 1.1102284319939225e-16 0.500002435262396 0.8660239977804737
vn -1 2.220446049250313e-16 0
vn 1 -2.220446049250313e-16 0
vn 1.9229595644276147e-16 0.8660239977804737 0.500002435262396
vn -1 2.220446049250313e-16 0
vn 1 -2.220446049250313e-16 0
vn 2.220446049250313e-16 1 0
vn -1 2.220446049250313e-16 0
vn 1 -2.220446049250313e-16 0
vn 1.9229595644276147e-16 0.8660239977804737 -0.500002435262396
vn -1 2.220446049250313e-16 0
vn 1 -2.220446049250313e-16 0
vn 1.1102284319939225e-16 0.500002435262396 -0.8660239977804737
vn -1 2.220446049250313e-16 0
vn 1 -2.220446049250313e-16 0
vn 0 0 -1
vn -1 2.220446049250313e-16 0
vn 1 -2.220446049250313e-16 0
vn -1.1102284319939225e-16 -0.500002435262396 -0.8660239977804737
vn -1 2.220446049250313e-16 0
vn 1 -2.220446049250313e-16 0
vn -1.9229595644276147e-16 -0.8660239977804737 -0.500002435262396
vn -1 2.220446049250313e-16 0
vn 1 -2.220446049250313e-16 0
vn -2.220446049250313e-16 -1 0
vn -1 2.220446049250313e-16 0
vn 1 -2.220446049250313e-16 0
vn -1.9229595644276147e-16 -0.8660239977804737 0.500002435262396
vn -1 2.220446049250313e-16 0
vn 1 -2.220446049250313e-16 0
vn -1.1102284319939225e-16 -0.500002435262396 0.8660239977804737
vn -1 2.220446049250313e-16 0
vn 1 -2.220446049250313e-16 0
vn 0 0 1
vn -1 2.220446049250313e-16 0
vn -1 2.220446049250313e-16 0
vn -1 2.220446049250313e-16 0
vn -1 2.220446049250313e-16 0
vn -1 2.220446049250313e-16 0
vn -1 2.220446049250313e-16 0
vn -1 2.220446049250313e-16 0
vn -1 2.220446049250313e-16 0
vn -1 2.220446049250313e-16 0
vn -1 2.220446049250313e-16 0
vn -1 2.220446049250313e-16 0
vn -1 2.220446049250313e-16 0
vn -1 2.220446049250313e-16 0
vn 0 0 -1
vn -1.1102284319939223e-16 -0.5000024352623959 -0.8660239977804736
vn -1.9229595644276144e-16 -0.8660239977804736 -0.5000024352623959
vn -2.220446049250313e-16 -1 0
vn -1.9229595644276144e-16 -0.8660239977804736 0.5000024352623959
vn -1.1102284319939223e-16 -0.5000024352623959 0.8660239977804736
vn 0 0 1
vn 1.1102284319939223e-16 0.5000024352623959 0.8660239977804736
vn 1.9229595644276144e-16 0.8660239977804736 0.5000024352623959
vn 2.220446049250313e-16 1 0
vn 1.9229595644276144e-16 0.8660239977804736 -0.5000024352623959
vn 1.1102284319939223e-16 0.5000024352623959 -0.8660239977804736
usemtl m_7e3ab7cf-27c2-e2e7-097a-74cd770501f6
f 522/1985/515 520/1986/515 519/1987/515
f 520/1988/516 522/1989/516 523/1990/516 521/1991/516
f 557/1992/517 559/1993/517 558/1994/517
f 524/1995/518 522/1996/518 519/1997/518
f 522/1998/519 524/1999/519 525/2000/519 523/2001/519
f 559/2002/520 560/2003/520 558/2004/520
f 526/2005/521 524/2006/521 519/2007/521
f 524/2008/522 526/2009/522 527/2010/522 525/2011/522
f 560/2012/523 561/2013/523 558/2014/523
f 528/2015/524 526/2016/524 519/2017/524
f 526/2018/525 528/2019/525 529/2020/525 527/2021/525
f 561/2022/526 562/2023/526 558/2024/526
f 530/2025/527 528/2026/527 519/2027/527
f 528/2028/528 530/2029/528 531/2030/528 529/2031/528
f 562/2032/529 563/2033/529 558/2034/529
f 532/2035/530 530/2036/530 519/2037/530
f 530/2038/531 532/2039/531 533/2040/531 531/2041/531
f 563/2042/532 564/2043/532 558/2044/532
f 534/2045/533 532/2046/533 519/2047/533
f 532/2048/534 534/2049/534 535/2050/534 533/2051/534
f 564/2052/535 565/2053/535 558/2054/535
f 536/2055/536 534/2056/536 519/2057/536
f 534/2058/537 536/2059/537 537/2060/537 535/2061/537
f 565/2062/538 566/2063/538 558/2064/538
f 538/2065/539 536/2066/539 519/2067/539
f 536/2068/540 538/2069/540 539/2070/540 537/2071/540
f 566/2072/541 567/2073/541 558/2074/541
f 540/2075/542 538/2076/542 519/2077/542
f 538/2078/543 540/2079/543 541/2080/543 539/2081/543
f 567/2082/544 568/2083/544 558/2084/544
f 542/2085/545 540/2086/545 519/2087/545
f 540/2088/546 542/2089/546 543/2090/546 541/2091/546
f 568/2092/547 556/2093/547 558/2094/547
f 520/2095/548 542/2096/548 519/2097/548
f 542/2098/549 520/2099/549 521/2100/549 543/2101/549
f 556/2102/550 557/2103/550 558/2104/550
f 545/2105/551 544/2106/551 543/2107/551 521/2108/551
f 546/2109/552 545/2110/552 521/2111/552 523/2112/552
f 547/2113/553 546/2114/553 523/2115/553 525/2116/553
f 548/2117/554 547/2118/554 525/2119/554 527/2120/554
f 549/2121/555 548/2122/555 527/2123/555 529/2124/555
f 550/2125/556 549/2126/556 529/2127/556 531/2128/556
f 551/2129/557 550/2130/557 531/2131/557 533/2132/557
f 552/2133/558 551/2134/558 533/2135/558 535/2136/558
f 553/2137/559 552/2138/559 535/2139/559 537/2140/559
f 554/2141/560 553/2142/560 537/2143/560 539/2144/560
f 555/2145/561 554/2146/561 539/2147/561 541/2148/561
f 544/2149/562 555/2150/562 541/2151/562 543/2152/562
f 557/2153/563 556/2154/563 544/2155/563 545/2156/563
f 559/2157/564 557/2158/564 545/2159/564 546/2160/564
f 560/2161/565 559/2162/565 546/2163/565 547/2164/565
f 561/2165/566 560/2166/566 547/2167/566 548/2168/566
f 562/2169/567 561/2170/567 548/2171/567 549/2172/567
f 563/2173/568 562/2174/568 549/2175/568 550/2176/568
f 564/2177/569 563/2178/569 550/2179/569 551/2180/569
f 565/2181/570 564/2182/570 551/2183/570 552/2184/570
f 566/2185/571 565/2186/571 552/2187/571 553/2188/571
f 567/2189/572 566/2190/572 553/2191/572 554/2192/572
f 568/2193/573 567/2194/573 554/2195/573 555/2196/573
f 556/2197/574 568/2198/574 555/2199/574 544/2200/574