# Made in Blockbench 5.1.4
mtllib MakingCompartment.mtl

o 3_L
v -0.53125 0.31250000000000006 0.40625
v -0.53125 0.396234375 0.71875
v -0.6875 0.3962343750000001 0.71875
v -0.53125 0.5412656250000001 0.635015625
v -0.6875 0.5412656250000001 0.635015625
v -0.53125 0.625 0.489984375
v -0.6875 0.6250000000000001 0.489984375
v -0.53125 0.625 0.322515625
v -0.6875 0.6250000000000001 0.322515625
v -0.53125 0.5412656250000001 0.177484375
v -0.6875 0.5412656250000001 0.177484375
v -0.53125 0.396234375 0.09375
v -0.6875 0.3962343750000001 0.09375
v -0.53125 0.22876562500000006 0.09375
v -0.6875 0.22876562500000008 0.09375
v -0.53125 0.08373437500000006 0.177484375
v -0.6875 0.08373437500000008 0.177484375
v -0.53125 5.551115123125783e-17 0.322515625
v -0.6875 1.1102230246251565e-16 0.322515625
v -0.53125 5.551115123125783e-17 0.489984375
v -0.6875 1.1102230246251565e-16 0.489984375
v -0.53125 0.08373437500000006 0.635015625
v -0.6875 0.08373437500000008 0.635015625
v -0.53125 0.22876562500000006 0.71875
v -0.6875 0.22876562500000008 0.71875
v -0.6875 0.24551250000000008 0.65625
v -0.6875 0.3794875000000001 0.65625
v -0.6875 0.4955125000000001 0.5892625
v -0.6875 0.5625000000000001 0.4732375
v -0.6875 0.5625000000000001 0.3392625
v -0.6875 0.4955125000000001 0.2232375
v -0.6875 0.3794875000000001 0.15625
v -0.6875 0.24551250000000008 0.15625
v -0.6875 0.1294875000000001 0.2232375
v -0.6875 0.06250000000000008 0.3392625
v -0.6875 0.06250000000000008 0.4732375
v -0.6875 0.1294875000000001 0.5892625
v -0.625 0.24551250000000008 0.65625
v -0.625 0.3794875000000001 0.65625
v -0.625 0.31250000000000006 0.40625
v -0.625 0.4955125000000001 0.5892625
v -0.625 0.5625 0.4732375
v -0.625 0.5625 0.3392625
v -0.625 0.4955125000000001 0.2232375
v -0.625 0.3794875000000001 0.15625
v -0.625 0.24551250000000008 0.15625
v -0.625 0.1294875000000001 0.2232375
v -0.625 0.06250000000000006 0.3392625
v -0.625 0.06250000000000006 0.4732375
v -0.625 0.1294875000000001 0.5892625
vt 0.2395328125 0.45047109375000005
vt 0.22140390625 0.4609375
vt 0.2109375 0.421875
vt 0.498748046875 0.95703125
vt 0.519681640625 0.95703125
vt 0.519681640625 0.9765625
vt 0.498748046875 0.9765625
vt 0.6255609375 0.734375
vt 0.6400640625 0.7427484375
vt 0.6171875 0.765625
vt 0.25 0.4323421875
vt 0.2395328125 0.45047109375000005
vt 0.2109375 0.421875
vt 0.378755859375 0.95703125
vt 0.399689453125 0.95703125
vt 0.399689453125 0.9765625
vt 0.378755859375 0.9765625
vt 0.6400640625 0.7427484375
vt 0.6484375 0.7572515625
vt 0.6171875 0.765625
vt 0.25 0.41140859375000005
vt 0.25 0.4323421875
vt 0.2109375 0.421875
vt 0.399689453125 0.95703125
vt 0.420623046875 0.95703125
vt 0.420623046875 0.9765625
vt 0.399689453125 0.9765625
vt 0.6484375 0.7572515625
vt 0.6484375 0.7739984375
vt 0.6171875 0.765625
vt 0.23953359375 0.3932796875
vt 0.25 0.41140859375000005
vt 0.2109375 0.421875
vt 0.420623046875 0.95703125
vt 0.441556640625 0.95703125
vt 0.441556640625 0.9765625
vt 0.420623046875 0.9765625
vt 0.6484375 0.7739984375
vt 0.6400640625 0.7885015625
vt 0.6171875 0.765625
vt 0.22140468749999997 0.3828125
vt 0.23953359375 0.3932796875
vt 0.2109375 0.421875
vt 0.378755859375 0.86328125
vt 0.399689453125 0.86328125
vt 0.399689453125 0.8828125
vt 0.378755859375 0.8828125
vt 0.6400640625 0.7885015625
vt 0.6255609375 0.796875
vt 0.6171875 0.765625
vt 0.20047109375 0.3828125
vt 0.22140468749999997 0.3828125
vt 0.2109375 0.421875
vt 0.399689453125 0.86328125
vt 0.420623046875 0.86328125
vt 0.420623046875 0.8828125
vt 0.399689453125 0.8828125
vt 0.6255609375 0.796875
vt 0.6088140625 0.796875
vt 0.6171875 0.765625
vt 0.18234218749999997 0.39327890624999995
vt 0.20047109375 0.3828125
vt 0.2109375 0.421875
vt 0.420623046875 0.86328125
vt 0.441556640625 0.86328125
vt 0.441556640625 0.8828125
vt 0.420623046875 0.8828125
vt 0.6088140625 0.796875
vt 0.5943109375 0.7885015625
vt 0.6171875 0.765625
vt 0.171875 0.4114078125
vt 0.18234218750000003 0.39327890624999995
vt 0.2109375 0.421875
vt 0.175630859375 0.56640625
vt 0.196564453125 0.56640625
vt 0.196564453125 0.5859375
vt 0.175630859375 0.5859375
vt 0.5943109375 0.7885015625
vt 0.5859375 0.7739984375
vt 0.6171875 0.765625
vt 0.171875 0.43234140624999995
vt 0.171875 0.4114078125
vt 0.2109375 0.421875
vt 0.196564453125 0.56640625
vt 0.21749804687500002 0.56640625
vt 0.21749804687500002 0.5859375
vt 0.196564453125 0.5859375
vt 0.5859375 0.7739984375
vt 0.5859375 0.7572515625
vt 0.6171875 0.765625
vt 0.18234140625 0.4504703125
vt 0.171875 0.43234140624999995
vt 0.2109375 0.421875
vt 0.21749804687500002 0.56640625
vt 0.238431640625 0.56640625
vt 0.238431640625 0.5859375
vt 0.21749804687500002 0.5859375
vt 0.5859375 0.7572515625
vt 0.5943109375 0.7427484375
vt 0.6171875 0.765625
vt 0.2004703125 0.4609375
vt 0.18234140625 0.4504703125
vt 0.2109375 0.421875
vt 0.456880859375 0.95703125
vt 0.477814453125 0.95703125
vt 0.477814453125 0.9765625
vt 0.456880859375 0.9765625
vt 0.5943109375 0.7427484375
vt 0.6088140625 0.734375
vt 0.6171875 0.765625
vt 0.22140390625 0.4609375
vt 0.2004703125 0.4609375
vt 0.2109375 0.421875
vt 0.477814453125 0.95703125
vt 0.498748046875 0.95703125
vt 0.498748046875 0.9765625
vt 0.477814453125 0.9765625
vt 0.6088140625 0.734375
vt 0.6255609375 0.734375
vt 0.6171875 0.765625
vt 0.6021234375 0.9296875
vt 0.5853765625 0.9296875
vt 0.5832828125 0.921875
vt 0.60421640625 0.921875
vt 0.6166265625 0.9380609375
vt 0.6021234375 0.9296875
vt 0.60421640625 0.921875
vt 0.6223453125 0.93234140625
vt 0.625 0.9525640625
vt 0.6166265625 0.9380609375
vt 0.6223453125 0.93234140625
vt 0.6328125 0.9504703125
vt 0.625 0.9693109375
vt 0.625 0.9525640625
vt 0.6328125 0.9504703125
vt 0.6328125 0.97140390625
vt 0.6166265625 0.9838140625
vt 0.625 0.9693109375
vt 0.6328125 0.97140390625
vt 0.62234609375 0.9895328125
vt 0.6021234375 0.9921875
vt 0.6166265625 0.9838140625
vt 0.62234609375 0.9895328125
vt 0.6042171875 1
vt 0.5853765625 0.9921875
vt 0.6021234375 0.9921875
vt 0.6042171875 1
vt 0.5832835937499999 1
vt 0.5708734375 0.9838140625
vt 0.5853765625 0.9921875
vt 0.5832835937499999 1
vt 0.5651546875 0.98953359375
vt 0.5625 0.9693109375
vt 0.5708734375 0.9838140625
vt 0.5651546875 0.98953359375
vt 0.5546875 0.9714046875
vt 0.5625 0.9525640625
vt 0.5625 0.9693109375
vt 0.5546875 0.9714046875
vt 0.5546875 0.95047109375
vt 0.5708734375 0.9380609375
vt 0.5625 0.9525640625
vt 0.5546875 0.95047109375
vt 0.56515390625 0.9323421875
vt 0.5853765625 0.9296875
vt 0.5708734375 0.9380609375
vt 0.56515390625 0.9323421875
vt 0.5832828125 0.921875
vt 0.6595953125 0.8359375
vt 0.6763421875 0.8359375
vt 0.6763421875 0.84375
vt 0.6595953125 0.84375
vt 0.6428484375 0.8359375
vt 0.6595953125 0.8359375
vt 0.6595953125 0.84375
vt 0.6428484375 0.84375
vt 0.7075921875 0.3203125
vt 0.7243390625 0.3203125
vt 0.7243390625 0.328125
vt 0.7075921875 0.328125
vt 0.6908453125 0.3203125
vt 0.7075921875 0.3203125
vt 0.7075921875 0.328125
vt 0.6908453125 0.328125
vt 0.6740984375 0.3203125
vt 0.6908453125 0.3203125
vt 0.6908453125 0.328125
vt 0.6740984375 0.328125
vt 0.27790468749999997 0.3125
vt 0.2946515625 0.3125
vt 0.2946515625 0.3203125
vt 0.27790468749999997 0.3203125
vt 0.2611578125 0.3125
vt 0.27790468749999997 0.3125
vt 0.27790468749999997 0.3203125
vt 0.2611578125 0.3203125
vt 0.2444109375 0.3125
vt 0.2611578125 0.3125
vt 0.2611578125 0.3203125
vt 0.2444109375 0.3203125
vt 0.34040468749999997 0.3125
vt 0.3571515625 0.3125
vt 0.3571515625 0.3203125
vt 0.34040468749999997 0.3203125
vt 0.3236578125 0.3125
vt 0.34040468749999997 0.3125
vt 0.34040468749999997 0.3203125
vt 0.3236578125 0.3203125
vt 0.3069109375 0.3125
vt 0.3236578125 0.3125
vt 0.3236578125 0.3203125
vt 0.3069109375 0.3203125
vt 0.6763421875 0.8359375
vt 0.6930890625 0.8359375
vt 0.6930890625 0.84375
vt 0.6763421875 0.84375
vn 1 -2.220446049250313e-16 0
vn 1.1102284319939225e-16 0.500002435262396 0.8660239977804737
vn -1 2.220446049250313e-16 0
vn 1 -2.220446049250313e-16 0
vn 1.9229595644276147e-16 0.8660239977804737 0.500002435262396
vn -1 2.220446049250313e-16 0
vn 1 -2.220446049250313e-16 0
vn 2.220446049250313e-16 1 0
vn -1 2.220446049250313e-16 0
vn 1 -2.220446049250313e-16 0
vn 1.9229595644276147e-16 0.8660239977804737 -0.500002435262396
vn -1 2.220446049250313e-16 0
vn 1 -2.220446049250313e-16 0
vn 1.1102284319939225e-16 0.500002435262396 -0.8660239977804737
vn -1 2.220446049250313e-16 0
vn 1 -2.220446049250313e-16 0
vn 0 0 -1
vn -1 2.220446049250313e-16 0
vn 1 -2.220446049250313e-16 0
vn -1.1102284319939225e-16 -0.500002435262396 -0.8660239977804737
vn -1 2.220446049250313e-16 0
vn 1 -2.220446049250313e-16 0
vn -1.9229595644276147e-16 -0.8660239977804737 -0.500002435262396
vn -1 2.220446049250313e-16 0
vn 1 -2.220446049250313e-16 0
vn -2.220446049250313e-16 -1 0
vn -1 2.220446049250313e-16 0
vn 1 -2.220446049250313e-16 0
vn -1.9229595644276147e-16 -0.8660239977804737 0.500002435262396
vn -1 2.220446049250313e-16 0
vn 1 -2.220446049250313e-16 0
vn -1.1102284319939225e-16 -0.500002435262396 0.8660239977804737
vn -1 2.220446049250313e-16 0
vn 1 -2.220446049250313e-16 0
vn 0 0 1
vn -1 2.220446049250313e-16 0
vn -1 2.220446049250313e-16 0
vn -1 2.220446049250313e-16 0
vn -1 2.220446049250313e-16 0
vn -1 2.220446049250313e-16 0
vn -1 2.220446049250313e-16 0
vn -1 2.220446049250313e-16 0
vn -1 2.220446049250313e-16 0
vn -1 2.220446049250313e-16 0
vn -1 2.220446049250313e-16 0
vn -1 2.220446049250313e-16 0
vn -1 2.220446049250313e-16 0
vn -1 2.220446049250313e-16 0
vn 0 0 -1
vn -1.1102284319939223e-16 -0.5000024352623959 -0.8660239977804736
vn -1.9229595644276144e-16 -0.8660239977804736 -0.5000024352623959
vn -2.220446049250313e-16 -1 0
vn -1.9229595644276144e-16 -0.8660239977804736 0.5000024352623959
vn -1.1102284319939223e-16 -0.5000024352623959 0.8660239977804736
vn 0 0 1
vn 1.1102284319939223e-16 0.5000024352623959 0.8660239977804736
vn 1.9229595644276144e-16 0.8660239977804736 0.5000024352623959
vn 2.220446049250313e-16 1 0
vn 1.9229595644276144e-16 0.8660239977804736 -0.5000024352623959
vn 1.1102284319939223e-16 0.5000024352623959 -0.8660239977804736
usemtl m_62f8f30c-eb80-e2d8-c1ab-420580141a02
f 4/1/1 2/2/1 1/3/1
f 2/4/2 4/5/2 5/6/2 3/7/2
f 39/8/3 41/9/3 40/10/3
f 6/11/4 4/12/4 1/13/4
f 4/14/5 6/15/5 7/16/5 5/17/5
f 41/18/6 42/19/6 40/20/6
f 8/21/7 6/22/7 1/23/7
f 6/24/8 8/25/8 9/26/8 7/27/8
f 42/28/9 43/29/9 40/30/9
f 10/31/10 8/32/10 1/33/10
f 8/34/11 10/35/11 11/36/11 9/37/11
f 43/38/12 44/39/12 40/40/12
f 12/41/13 10/42/13 1/43/13
f 10/44/14 12/45/14 13/46/14 11/47/14
f 44/48/15 45/49/15 40/50/15
f 14/51/16 12/52/16 1/53/16
f 12/54/17 14/55/17 15/56/17 13/57/17
f 45/58/18 46/59/18 40/60/18
f 16/61/19 14/62/19 1/63/19
f 14/64/20 16/65/20 17/66/20 15/67/20
f 46/68/21 47/69/21 40/70/21
f 18/71/22 16/72/22 1/73/22
f 16/74/23 18/75/23 19/76/23 17/77/23
f 47/78/24 48/79/24 40/80/24
f 20/81/25 18/82/25 1/83/25
f 18/84/26 20/85/26 21/86/26 19/87/26
f 48/88/27 49/89/27 40/90/27
f 22/91/28 20/92/28 1/93/28
f 20/94/29 22/95/29 23/96/29 21/97/29
f 49/98/30 50/99/30 40/100/30
f 24/101/31 22/102/31 1/103/31
f 22/104/32 24/105/32 25/106/32 23/107/32
f 50/108/33 38/109/33 40/110/33
f 2/111/34 24/112/34 1/113/34
f 24/114/35 2/115/35 3/116/35 25/117/35
f 38/118/36 39/119/36 40/120/36
f 27/121/37 26/122/37 25/123/37 3/124/37
f 28/125/38 27/126/38 3/127/38 5/128/38
f 29/129/39 28/130/39 5/131/39 7/132/39
f 30/133/40 29/134/40 7/135/40 9/136/40
f 31/137/41 30/138/41 9/139/41 11/140/41
f 32/141/42 31/142/42 11/143/42 13/144/42
f 33/145/43 32/146/43 13/147/43 15/148/43
f 34/149/44 33/150/44 15/151/44 17/152/44
f 35/153/45 34/154/45 17/155/45 19/156/45
f 36/157/46 35/158/46 19/159/46 21/160/46
f 37/161/47 36/162/47 21/163/47 23/164/47
f 26/165/48 37/166/48 23/167/48 25/168/48
f 39/169/49 38/170/49 26/171/49 27/172/49
f 41/173/50 39/174/50 27/175/50 28/176/50
f 42/177/51 41/178/51 28/179/51 29/180/51
f 43/181/52 42/182/52 29/183/52 30/184/52
f 44/185/53 43/186/53 30/187/53 31/188/53
f 45/189/54 44/190/54 31/191/54 32/192/54
f 46/193/55 45/194/55 32/195/55 33/196/55
f 47/197/56 46/198/56 33/199/56 34/200/56
f 48/201/57 47/202/57 34/203/57 35/204/57
f 49/205/58 48/206/58 35/207/58 36/208/58
f 50/209/59 49/210/59 36/211/59 37/212/59
f 38/213/60 50/214/60 37/215/60 26/216/60
o 3_R
v 0.53125 0.31250000000000006 0.40625
v 0.6875 0.396234375 0.71875
v 0.53125 0.3962343750000001 0.71875
v 0.6875 0.5412656250000001 0.635015625
v 0.53125 0.5412656250000001 0.635015625
v 0.6875 0.625 0.489984375
v 0.53125 0.625 0.489984375
v 0.6875 0.625 0.322515625
v 0.53125 0.625 0.322515625
v 0.6875 0.5412656250000001 0.177484375
v 0.53125 0.5412656250000001 0.177484375
v 0.6875 0.396234375 0.09375
v 0.53125 0.3962343750000001 0.09375
v 0.6875 0.22876562500000003 0.09375
v 0.53125 0.22876562500000008 0.09375
v 0.6875 0.08373437500000003 0.177484375
v 0.53125 0.08373437500000008 0.177484375
v 0.6875 5.551115123125783e-17 0.322515625
v 0.53125 5.551115123125783e-17 0.322515625
v 0.6875 5.551115123125783e-17 0.489984375
v 0.53125 5.551115123125783e-17 0.489984375
v 0.6875 0.08373437500000003 0.635015625
v 0.53125 0.08373437500000008 0.635015625
v 0.6875 0.22876562500000003 0.71875
v 0.53125 0.22876562500000008 0.71875
v 0.6875 0.37948750000000003 0.15625
v 0.6875 0.4955125 0.2232375
v 0.6875 0.5625 0.3392625
v 0.6875 0.5625 0.4732375
v 0.6875 0.24551250000000002 0.15625
v 0.6875 0.12948750000000003 0.2232375
v 0.6875 0.06250000000000006 0.3392625
v 0.6875 0.06250000000000006 0.4732375
v 0.6875 0.12948750000000003 0.5892625
v 0.6875 0.24551250000000002 0.65625
v 0.6875 0.37948750000000003 0.65625
v 0.6875 0.4955125 0.5892625
v 0.625 0.3794875000000001 0.15625
v 0.625 0.4955125 0.2232375
v 0.625 0.31250000000000006 0.40625
v 0.625 0.5625 0.3392625
v 0.625 0.5625 0.4732375
v 0.625 0.24551250000000005 0.15625
v 0.625 0.12948750000000006 0.2232375
v 0.625 0.06250000000000006 0.3392625
v 0.625 0.06250000000000006 0.4732375
v 0.625 0.12948750000000006 0.5892625
v 0.625 0.24551250000000005 0.65625
v 0.625 0.3794875000000001 0.65625
v 0.625 0.4955125 0.5892625
vt 0.6400640625 0.7181890625
vt 0.6255609375 0.7265625
vt 0.6171875 0.6953125
vt 0.686248046875 0.88671875
vt 0.707181640625 0.88671875
vt 0.707181640625 0.90625
vt 0.686248046875 0.90625
vt 0.60421640625 0.8359375
vt 0.6223453125 0.84640390625
vt 0.59375 0.875
vt 0.6484375 0.7036859375
vt 0.6400640625 0.7181890625
vt 0.6171875 0.6953125
vt 0.456880859375 0.86328125
vt 0.477814453125 0.86328125
vt 0.477814453125 0.8828125
vt 0.456880859375 0.8828125
vt 0.6223453125 0.84640390625
vt 0.6328125 0.8645328125
vt 0.59375 0.875
vt 0.6484375 0.6869390625
vt 0.6484375 0.7036859375
vt 0.6171875 0.6953125
vt 0.477814453125 0.86328125
vt 0.498748046875 0.86328125
vt 0.498748046875 0.8828125
vt 0.477814453125 0.8828125
vt 0.6328125 0.8645328125
vt 0.6328125 0.88546640625
vt 0.59375 0.875
vt 0.6400640625 0.6724359375
vt 0.6484375 0.6869390625
vt 0.6171875 0.6953125
vt 0.498748046875 0.86328125
vt 0.519681640625 0.86328125
vt 0.519681640625 0.8828125
vt 0.498748046875 0.8828125
vt 0.6328125 0.88546640625
vt 0.62234609375 0.9035953125
vt 0.59375 0.875
vt 0.6255609375 0.6640625
vt 0.6400640625 0.6724359375
vt 0.6171875 0.6953125
vt 0.136568359375 0.35546875
vt 0.157501953125 0.35546875
vt 0.157501953125 0.375
vt 0.136568359375 0.375
vt 0.62234609375 0.9035953125
vt 0.6042171875 0.9140625
vt 0.59375 0.875
vt 0.6088140625 0.6640625
vt 0.6255609375 0.6640625
vt 0.6171875 0.6953125
vt 0.157501953125 0.35546875
vt 0.17843554687500002 0.35546875
vt 0.17843554687500002 0.375
vt 0.157501953125 0.375
vt 0.6042171875 0.9140625
vt 0.58328359375 0.9140625
vt 0.59375 0.875
vt 0.5943109375 0.6724359375
vt 0.6088140625 0.6640625
vt 0.6171875 0.6953125
vt 0.17843554687500002 0.35546875
vt 0.199369140625 0.35546875
vt 0.199369140625 0.375
vt 0.17843554687500002 0.375
vt 0.58328359375 0.9140625
vt 0.5651546875 0.90359609375
vt 0.59375 0.875
vt 0.5859375 0.6869390625
vt 0.5943109375 0.6724359375
vt 0.6171875 0.6953125
vt 0.644380859375 0.93359375
vt 0.665314453125 0.93359375
vt 0.665314453125 0.953125
vt 0.644380859375 0.953125
vt 0.5651546875 0.90359609375
vt 0.5546875 0.8854671875
vt 0.59375 0.875
vt 0.5859375 0.7036859375
vt 0.5859375 0.6869390625
vt 0.6171875 0.6953125
vt 0.665314453125 0.93359375
vt 0.686248046875 0.93359375
vt 0.686248046875 0.953125
vt 0.665314453125 0.953125
vt 0.5546875 0.8854671875
vt 0.5546875 0.86453359375
vt 0.59375 0.875
vt 0.5943109375 0.7181890625
vt 0.5859375 0.7036859375
vt 0.6171875 0.6953125
vt 0.686248046875 0.93359375
vt 0.707181640625 0.93359375
vt 0.707181640625 0.953125
vt 0.686248046875 0.953125
vt 0.5546875 0.86453359375
vt 0.56515390625 0.8464046875
vt 0.59375 0.875
vt 0.6088140625 0.7265625
vt 0.5943109375 0.7181890625
vt 0.6171875 0.6953125
vt 0.644380859375 0.88671875
vt 0.665314453125 0.88671875
vt 0.665314453125 0.90625
vt 0.644380859375 0.90625
vt 0.56515390625 0.8464046875
vt 0.5832828125 0.8359375
vt 0.59375 0.875
vt 0.6255609375 0.7265625
vt 0.6088140625 0.7265625
vt 0.6171875 0.6953125
vt 0.665314453125 0.88671875
vt 0.686248046875 0.88671875
vt 0.686248046875 0.90625
vt 0.665314453125 0.90625
vt 0.5832828125 0.8359375
vt 0.60421640625 0.8359375
vt 0.59375 0.875
vt 0.0619390625 0.39899843749999997
vt 0.0474359375 0.390625
vt 0.0495296875 0.3828125
vt 0.06765859375 0.3932796875
vt 0.0703125 0.43024843749999997
vt 0.0703125 0.41350156250000003
vt 0.078125 0.41140859375000005
vt 0.078125 0.4323421875
vt 0.0703125 0.41350156250000003
vt 0.0619390625 0.39899843749999997
vt 0.06765859375 0.3932796875
vt 0.078125 0.41140859375000005
vt 0.0474359375 0.390625
vt 0.0306890625 0.390625
vt 0.02859609375 0.3828125
vt 0.0495296875 0.3828125
vt 0.0306890625 0.390625
vt 0.0161859375 0.39899843749999997
vt 0.010467187499999999 0.39327890624999995
vt 0.028596093750000003 0.3828125
vt 0.0161859375 0.39899843749999997
vt 0.0078125 0.41350156250000003
vt 0 0.4114078125
vt 0.010467187499999999 0.39327890624999995
vt 0.0078125 0.41350156250000003
vt 0.0078125 0.43024843749999997
vt 0 0.43234140624999995
vt 0 0.4114078125
vt 0.0078125 0.43024843749999997
vt 0.016185937500000004 0.44475156250000003
vt 0.010466406250000004 0.4504703125
vt 0 0.43234140624999995
vt 0.016185937500000004 0.44475156250000003
vt 0.030689062500000006 0.453125
vt 0.02859531250000001 0.4609375
vt 0.010466406250000004 0.4504703125
vt 0.030689062500000006 0.453125
vt 0.04743593750000001 0.453125
vt 0.04952890625000001 0.4609375
vt 0.02859531250000001 0.4609375
vt 0.04743593750000001 0.453125
vt 0.0619390625 0.44475156250000003
vt 0.0676578125 0.45047109375000005
vt 0.049528906250000004 0.4609375
vt 0.0619390625 0.44475156250000003
vt 0.0703125 0.43024843749999997
vt 0.078125 0.4323421875
vt 0.0676578125 0.45047109375000005
vt 0.4821515625 0.3203125
vt 0.46540468749999997 0.3203125
vt 0.46540468749999997 0.3125
vt 0.4821515625 0.3125
vt 0.40290468749999997 0.3203125
vt 0.3861578125 0.3203125
vt 0.3861578125 0.3125
vt 0.40290468749999997 0.3125
vt 0.3861578125 0.3203125
vt 0.3694109375 0.3203125
vt 0.3694109375 0.3125
vt 0.3861578125 0.3125
vt 0.46540468749999997 0.3203125
vt 0.4486578125 0.3203125
vt 0.4486578125 0.3125
vt 0.46540468749999997 0.3125
vt 0.4486578125 0.3203125
vt 0.4319109375 0.3203125
vt 0.4319109375 0.3125
vt 0.4486578125 0.3125
vt 0.18527656250000002 0.3125
vt 0.1685296875 0.3125
vt 0.1685296875 0.3046875
vt 0.18527656250000002 0.3046875
vt 0.1685296875 0.3125
vt 0.1517828125 0.3125
vt 0.1517828125 0.3046875
vt 0.1685296875 0.3046875
vt 0.1517828125 0.3125
vt 0.1350359375 0.3125
vt 0.1350359375 0.3046875
vt 0.1517828125 0.3046875
vt 0.7399640625 0.765625
vt 0.7232171875 0.765625
vt 0.7232171875 0.7578125
vt 0.7399640625 0.7578125
vt 0.7232171875 0.765625
vt 0.7064703125 0.765625
vt 0.7064703125 0.7578125
vt 0.7232171875 0.7578125
vt 0.7064703125 0.765625
vt 0.6897234375 0.765625
vt 0.6897234375 0.7578125
vt 0.7064703125 0.7578125
vt 0.4196515625 0.3203125
vt 0.40290468749999997 0.3203125
vt 0.40290468749999997 0.3125
vt 0.4196515625 0.3125
vn 1 -2.220446049250313e-16 0
vn 1.1102284319939225e-16 0.500002435262396 0.8660239977804737
vn -1 2.220446049250313e-16 0
vn 1 -2.220446049250313e-16 0
vn 1.9229595644276147e-16 0.8660239977804737 0.500002435262396
vn -1 2.220446049250313e-16 0
vn 1 -2.220446049250313e-16 0
vn 2.220446049250313e-16 1 0
vn -1 2.220446049250313e-16 0
vn 1 -2.220446049250313e-16 0
vn 1.9229595644276147e-16 0.8660239977804737 -0.500002435262396
vn -1 2.220446049250313e-16 0
vn 1 -2.220446049250313e-16 0
vn 1.1102284319939225e-16 0.500002435262396 -0.8660239977804737
vn -1 2.220446049250313e-16 0
vn 1 -2.220446049250313e-16 0
vn 0 0 -1
vn -1 2.220446049250313e-16 0
vn 1 -2.220446049250313e-16 0
vn -1.1102284319939225e-16 -0.500002435262396 -0.8660239977804737
vn -1 2.220446049250313e-16 0
vn 1 -2.220446049250313e-16 0
vn -1.9229595644276147e-16 -0.8660239977804737 -0.500002435262396
vn -1 2.220446049250313e-16 0
vn 1 -2.220446049250313e-16 0
vn -2.220446049250313e-16 -1 0
vn -1 2.220446049250313e-16 0
vn 1 -2.220446049250313e-16 0
vn -1.9229595644276147e-16 -0.8660239977804737 0.500002435262396
vn -1 2.220446049250313e-16 0
vn 1 -2.220446049250313e-16 0
vn -1.1102284319939225e-16 -0.500002435262396 0.8660239977804737
vn -1 2.220446049250313e-16 0
vn 1 -2.220446049250313e-16 0
vn 0 0 1
vn -1 2.220446049250313e-16 0
vn 1 -2.220446049250313e-16 0
vn 1 -2.220446049250313e-16 0
vn 1 -2.220446049250313e-16 0
vn 1 -2.220446049250313e-16 0
vn 1 -2.220446049250313e-16 0
vn 1 -2.220446049250313e-16 0
vn 1 -2.220446049250313e-16 0
vn 1 -2.220446049250313e-16 0
vn 1 -2.220446049250313e-16 0
vn 1 -2.220446049250313e-16 0
vn 1 -2.220446049250313e-16 0
vn 1 -2.220446049250313e-16 0
vn -1.1102284319939223e-16 -0.5000024352623959 0.8660239977804736
vn -2.220446049250313e-16 -1 0
vn -1.9229595644276144e-16 -0.8660239977804736 0.5000024352623959
vn 0 0 1
vn 1.1102284319939223e-16 0.5000024352623959 0.8660239977804736
vn 1.9229595644276144e-16 0.8660239977804736 0.5000024352623959
vn 2.220446049250313e-16 1 0
vn 1.9229595644276144e-16 0.8660239977804736 -0.5000024352623959
vn 1.1102284319939223e-16 0.5000024352623959 -0.8660239977804736
vn 0 0 -1
vn -1.1102284319939223e-16 -0.5000024352623959 -0.8660239977804736
vn -1.9229595644276144e-16 -0.8660239977804736 -0.5000024352623959
usemtl m_62f8f30c-eb80-e2d8-c1ab-420580141a02
f 100/217/61 99/218/61 90/219/61
f 52/220/62 54/221/62 55/222/62 53/223/62
f 53/224/63 55/225/63 51/226/63
f 92/227/64 100/228/64 90/229/64
f 54/230/65 56/231/65 57/232/65 55/233/65
f 55/234/66 57/235/66 51/236/66
f 91/237/67 92/238/67 90/239/67
f 56/240/68 58/241/68 59/242/68 57/243/68
f 57/244/69 59/245/69 51/246/69
f 89/247/70 91/248/70 90/249/70
f 58/250/71 60/251/71 61/252/71 59/253/71
f 59/254/72 61/255/72 51/256/72
f 88/257/73 89/258/73 90/259/73
f 60/260/74 62/261/74 63/262/74 61/263/74
f 61/264/75 63/265/75 51/266/75
f 93/267/76 88/268/76 90/269/76
f 62/270/77 64/271/77 65/272/77 63/273/77
f 63/274/78 65/275/78 51/276/78
f 94/277/79 93/278/79 90/279/79
f 64/280/80 66/281/80 67/282/80 65/283/80
f 65/284/81 67/285/81 51/286/81
f 95/287/82 94/288/82 90/289/82
f 66/290/83 68/291/83 69/292/83 67/293/83
f 67/294/84 69/295/84 51/296/84
f 96/297/85 95/298/85 90/299/85
f 68/300/86 70/301/86 71/302/86 69/303/86
f 69/304/87 71/305/87 51/306/87
f 97/307/88 96/308/88 90/309/88
f 70/310/89 72/311/89 73/312/89 71/313/89
f 71/314/90 73/315/90 51/316/90
f 98/317/91 97/318/91 90/319/91
f 72/320/92 74/321/92 75/322/92 73/323/92
f 73/324/93 75/325/93 51/326/93
f 99/327/94 98/328/94 90/329/94
f 74/330/95 52/331/95 53/332/95 75/333/95
f 75/334/96 53/335/96 51/336/96
f 77/337/97 76/338/97 62/339/97 60/340/97
f 79/341/98 78/342/98 58/343/98 56/344/98
f 78/345/99 77/346/99 60/347/99 58/348/99
f 76/349/100 80/350/100 64/351/100 62/352/100
f 80/353/101 81/354/101 66/355/101 64/356/101
f 81/357/102 82/358/102 68/359/102 66/360/102
f 82/361/103 83/362/103 70/363/103 68/364/103
f 83/365/104 84/366/104 72/367/104 70/368/104
f 84/369/105 85/370/105 74/371/105 72/372/105
f 85/373/106 86/374/106 52/375/106 74/376/106
f 86/377/107 87/378/107 54/379/107 52/380/107
f 87/381/108 79/382/108 56/383/108 54/384/108
f 89/385/109 88/386/109 76/387/109 77/388/109
f 92/389/110 91/390/110 78/391/110 79/392/110
f 91/393/111 89/394/111 77/395/111 78/396/111
f 88/397/112 93/398/112 80/399/112 76/400/112
f 93/401/113 94/402/113 81/403/113 80/404/113
f 94/405/114 95/406/114 82/407/114 81/408/114
f 95/409/115 96/410/115 83/411/115 82/412/115
f 96/413/116 97/414/116 84/415/116 83/416/116
f 97/417/117 98/418/117 85/419/117 84/420/117
f 98/421/118 99/422/118 86/423/118 85/424/118
f 99/425/119 100/426/119 87/427/119 86/428/119
f 100/429/120 92/430/120 79/431/120 87/432/120
o 2_R
v 0.53125 0.31250000000000006 -0.40625
v 0.6875 0.396234375 -0.09375
v 0.53125 0.3962343750000001 -0.09375
v 0.6875 0.5412656250000001 -0.177484375
v 0.53125 0.5412656250000001 -0.177484375
v 0.6875 0.625 -0.322515625
v 0.53125 0.625 -0.322515625
v 0.6875 0.625 -0.489984375
v 0.53125 0.625 -0.489984375
v 0.6875 0.5412656250000001 -0.635015625
v 0.53125 0.5412656250000001 -0.635015625
v 0.6875 0.396234375 -0.71875
v 0.53125 0.3962343750000001 -0.71875
v 0.6875 0.22876562500000003 -0.71875
v 0.53125 0.22876562500000008 -0.71875
v 0.6875 0.08373437500000003 -0.635015625
v 0.53125 0.08373437500000008 -0.635015625
v 0.6875 5.551115123125783e-17 -0.489984375
v 0.53125 5.551115123125783e-17 -0.489984375
v 0.6875 5.551115123125783e-17 -0.322515625
v 0.53125 5.551115123125783e-17 -0.322515625
v 0.6875 0.08373437500000003 -0.177484375
v 0.53125 0.08373437500000008 -0.177484375
v 0.6875 0.22876562500000003 -0.09375
v 0.53125 0.22876562500000008 -0.09375
v 0.6875 0.37948750000000003 -0.65625
v 0.6875 0.4955125 -0.5892625
v 0.6875 0.5625 -0.4732375
v 0.6875 0.5625 -0.3392625
v 0.6875 0.24551250000000002 -0.65625
v 0.6875 0.12948750000000003 -0.5892625
v 0.6875 0.06250000000000006 -0.4732375
v 0.6875 0.06250000000000006 -0.3392625
v 0.6875 0.12948750000000003 -0.2232375
v 0.6875 0.24551250000000002 -0.15625
v 0.6875 0.37948750000000003 -0.15625
v 0.6875 0.4955125 -0.2232375
v 0.625 0.3794875000000001 -0.65625
v 0.625 0.4955125 -0.5892625
v 0.625 0.31250000000000006 -0.40625
v 0.625 0.5625 -0.4732375
v 0.625 0.5625 -0.3392625
v 0.625 0.24551250000000005 -0.65625
v 0.625 0.12948750000000006 -0.5892625
v 0.625 0.06250000000000006 -0.4732375
v 0.625 0.06250000000000006 -0.3392625
v 0.625 0.12948750000000006 -0.2232375
v 0.625 0.24551250000000005 -0.15625
v 0.625 0.3794875000000001 -0.15625
v 0.625 0.4955125 -0.2232375
vt 0.5697515625 0.39006406250000003
vt 0.5552484375 0.3984375
vt 0.546875 0.3671875
vt 0.686248046875 0.55859375
vt 0.707181640625 0.55859375
vt 0.707181640625 0.578125
vt 0.686248046875 0.578125
vt 0.30734140625 0.3515625
vt 0.3254703125 0.36202890624999995
vt 0.296875 0.390625
vt 0.578125 0.37556093749999997
vt 0.5697515625 0.39006406250000003
vt 0.546875 0.3671875
vt 0.644380859375 0.85546875
vt 0.665314453125 0.85546875
vt 0.665314453125 0.875
vt 0.644380859375 0.875
vt 0.3254703125 0.36202890624999995
vt 0.3359375 0.3801578125
vt 0.296875 0.390625
vt 0.578125 0.35881406250000003
vt 0.578125 0.37556093749999997
vt 0.546875 0.3671875
vt 0.665314453125 0.85546875
vt 0.686248046875 0.85546875
vt 0.686248046875 0.875
vt 0.665314453125 0.875
vt 0.3359375 0.3801578125
vt 0.3359375 0.40109140624999995
vt 0.296875 0.390625
vt 0.5697515625 0.34431093749999997
vt 0.578125 0.35881406250000003
vt 0.546875 0.3671875
vt 0.686248046875 0.85546875
vt 0.707181640625 0.85546875
vt 0.707181640625 0.875
vt 0.686248046875 0.875
vt 0.3359375 0.40109140624999995
vt 0.32547109375 0.4192203125
vt 0.296875 0.390625
vt 0.5552484375 0.3359375
vt 0.5697515625 0.34431093749999997
vt 0.546875 0.3671875
vt 0.644380859375 0.62109375
vt 0.665314453125 0.62109375
vt 0.665314453125 0.640625
vt 0.644380859375 0.640625
vt 0.32547109375 0.4192203125
vt 0.3073421875 0.4296875
vt 0.296875 0.390625
vt 0.5385015625 0.3359375
vt 0.5552484375 0.3359375
vt 0.546875 0.3671875
vt 0.665314453125 0.62109375
vt 0.686248046875 0.62109375
vt 0.686248046875 0.640625
vt 0.665314453125 0.640625
vt 0.3073421875 0.4296875
vt 0.28640859375 0.4296875
vt 0.296875 0.390625
vt 0.5239984375 0.34431093749999997
vt 0.5385015625 0.3359375
vt 0.546875 0.3671875
vt 0.686248046875 0.62109375
vt 0.707181640625 0.62109375
vt 0.707181640625 0.640625
vt 0.686248046875 0.640625
vt 0.28640859375 0.4296875
vt 0.2682796875 0.41922109375000005
vt 0.296875 0.390625
vt 0.515625 0.35881406250000003
vt 0.5239984375 0.34431093749999997
vt 0.546875 0.3671875
vt 0.644380859375 0.58984375
vt 0.665314453125 0.58984375
vt 0.665314453125 0.609375
vt 0.644380859375 0.609375
vt 0.2682796875 0.41922109375000005
vt 0.2578125 0.4010921875
vt 0.296875 0.390625
vt 0.515625 0.37556093749999997
vt 0.515625 0.35881406250000003
vt 0.546875 0.3671875
vt 0.665314453125 0.58984375
vt 0.686248046875 0.58984375
vt 0.686248046875 0.609375
vt 0.665314453125 0.609375
vt 0.2578125 0.4010921875
vt 0.2578125 0.38015859375000005
vt 0.296875 0.390625
vt 0.5239984375 0.39006406250000003
vt 0.515625 0.37556093749999997
vt 0.546875 0.3671875
vt 0.686248046875 0.58984375
vt 0.707181640625 0.58984375
vt 0.707181640625 0.609375
vt 0.686248046875 0.609375
vt 0.2578125 0.38015859375000005
vt 0.26827890625 0.3620296875
vt 0.296875 0.390625
vt 0.5385015625 0.3984375
vt 0.5239984375 0.39006406250000003
vt 0.546875 0.3671875
vt 0.644380859375 0.55859375
vt 0.665314453125 0.55859375
vt 0.665314453125 0.578125
vt 0.644380859375 0.578125
vt 0.26827890625 0.3620296875
vt 0.2864078125 0.3515625
vt 0.296875 0.390625
vt 0.5552484375 0.3984375
vt 0.5385015625 0.3984375
vt 0.546875 0.3671875
vt 0.665314453125 0.55859375
vt 0.686248046875 0.55859375
vt 0.686248046875 0.578125
vt 0.665314453125 0.578125
vt 0.2864078125 0.3515625
vt 0.30734140625 0.3515625
vt 0.296875 0.390625
vt 0.1478765625 0.39899843749999997
vt 0.1333734375 0.390625
vt 0.1354671875 0.3828125
vt 0.15359609375 0.3932796875
vt 0.15625 0.43024843749999997
vt 0.15625 0.41350156250000003
vt 0.1640625 0.41140859375000005
vt 0.1640625 0.4323421875
vt 0.15625 0.41350156250000003
vt 0.1478765625 0.39899843749999997
vt 0.15359609375 0.3932796875
vt 0.1640625 0.41140859375000005
vt 0.1333734375 0.390625
vt 0.1166265625 0.390625
vt 0.11453359375 0.3828125
vt 0.1354671875 0.3828125
vt 0.1166265625 0.390625
vt 0.1021234375 0.39899843749999997
vt 0.0964046875 0.39327890624999995
vt 0.11453359375 0.3828125
vt 0.1021234375 0.39899843749999997
vt 0.09375 0.41350156250000003
vt 0.0859375 0.4114078125
vt 0.0964046875 0.39327890624999995
vt 0.09375 0.41350156250000003
vt 0.09375 0.43024843749999997
vt 0.0859375 0.43234140624999995
vt 0.0859375 0.4114078125
vt 0.09375 0.43024843749999997
vt 0.1021234375 0.44475156250000003
vt 0.09640390625 0.4504703125
vt 0.0859375 0.43234140624999995
vt 0.1021234375 0.44475156250000003
vt 0.1166265625 0.453125
vt 0.11453281250000001 0.4609375
vt 0.09640390625 0.4504703125
vt 0.1166265625 0.453125
vt 0.13337343750000002 0.453125
vt 0.13546640625 0.4609375
vt 0.11453281250000001 0.4609375
vt 0.13337343750000002 0.453125
vt 0.1478765625 0.44475156250000003
vt 0.1535953125 0.45047109375000005
vt 0.13546640625 0.4609375
vt 0.1478765625 0.44475156250000003
vt 0.15625 0.43024843749999997
vt 0.1640625 0.4323421875
vt 0.1535953125 0.45047109375000005
vt 0.7477765625 0.796875
vt 0.7310296875 0.796875
vt 0.7310296875 0.7890625
vt 0.7477765625 0.7890625
vt 0.7075921875 0.3125
vt 0.6908453125 0.3125
vt 0.6908453125 0.3046875
vt 0.7075921875 0.3046875
vt 0.6908453125 0.3125
vt 0.6740984375 0.3125
vt 0.6740984375 0.3046875
vt 0.6908453125 0.3046875
vt 0.7310296875 0.796875
vt 0.7142828125 0.796875
vt 0.7142828125 0.7890625
vt 0.7310296875 0.7890625
vt 0.7142828125 0.796875
vt 0.6975359375 0.796875
vt 0.6975359375 0.7890625
vt 0.7142828125 0.7890625
vt 0.7477765625 0.78125
vt 0.7310296875 0.78125
vt 0.7310296875 0.7734375
vt 0.7477765625 0.7734375
vt 0.7310296875 0.78125
vt 0.7142828125 0.78125
vt 0.7142828125 0.7734375
vt 0.7310296875 0.7734375
vt 0.7142828125 0.78125
vt 0.6975359375 0.78125
vt 0.6975359375 0.7734375
vt 0.7142828125 0.7734375
vt 0.2946515625 0.3046875
vt 0.27790468749999997 0.3046875
vt 0.27790468749999997 0.296875
vt 0.2946515625 0.296875
vt 0.27790468749999997 0.3046875
vt 0.2611578125 0.3046875
vt 0.2611578125 0.296875
vt 0.27790468749999997 0.296875
vt 0.2611578125 0.3046875
vt 0.2444109375 0.3046875
vt 0.2444109375 0.296875
vt 0.2611578125 0.296875
vt 0.7243390625 0.3125
vt 0.7075921875 0.3125
vt 0.7075921875 0.3046875
vt 0.7243390625 0.3046875
vn 1 -2.220446049250313e-16 0
vn 1.1102284319939225e-16 0.500002435262396 0.8660239977804737
vn -1 2.220446049250313e-16 0
vn 1 -2.220446049250313e-16 0
vn 1.9229595644276147e-16 0.8660239977804737 0.500002435262396
vn -1 2.220446049250313e-16 0
vn 1 -2.220446049250313e-16 0
vn 2.220446049250313e-16 1 0
vn -1 2.220446049250313e-16 0
vn 1 -2.220446049250313e-16 0
vn 1.9229595644276147e-16 0.8660239977804737 -0.500002435262396
vn -1 2.220446049250313e-16 0
vn 1 -2.220446049250313e-16 0
vn 1.1102284319939225e-16 0.500002435262396 -0.8660239977804737
vn -1 2.220446049250313e-16 0
vn 1 -2.220446049250313e-16 0
vn 0 0 -1
vn -1 2.220446049250313e-16 0
vn 1 -2.220446049250313e-16 0
vn -1.1102284319939225e-16 -0.500002435262396 -0.8660239977804737
vn -1 2.220446049250313e-16 0
vn 1 -2.220446049250313e-16 0
vn -1.9229595644276147e-16 -0.8660239977804737 -0.500002435262396
vn -1 2.220446049250313e-16 0
vn 1 -2.220446049250313e-16 0
vn -2.220446049250313e-16 -1 0
vn -1 2.220446049250313e-16 0
vn 1 -2.220446049250313e-16 0
vn -1.9229595644276147e-16 -0.8660239977804737 0.500002435262396
vn -1 2.220446049250313e-16 0
vn 1 -2.220446049250313e-16 0
vn -1.1102284319939225e-16 -0.500002435262396 0.8660239977804737
vn -1 2.220446049250313e-16 0
vn 1 -2.220446049250313e-16 0
vn 0 0 1
vn -1 2.220446049250313e-16 0
vn 1 -2.220446049250313e-16 0
vn 1 -2.220446049250313e-16 0
vn 1 -2.220446049250313e-16 0
vn 1 -2.220446049250313e-16 0
vn 1 -2.220446049250313e-16 0
vn 1 -2.220446049250313e-16 0
vn 1 -2.220446049250313e-16 0
vn 1 -2.220446049250313e-16 0
vn 1 -2.220446049250313e-16 0
vn 1 -2.220446049250313e-16 0
vn 1 -2.220446049250313e-16 0
vn 1 -2.220446049250313e-16 0
vn -1.1102284319939223e-16 -0.5000024352623959 0.8660239977804736
vn -2.220446049250313e-16 -1 0
vn -1.9229595644276144e-16 -0.8660239977804736 0.5000024352623959
vn 0 0 1
vn 1.1102284319939223e-16 0.5000024352623959 0.8660239977804736
vn 1.9229595644276144e-16 0.8660239977804736 0.5000024352623959
vn 2.220446049250313e-16 1 0
vn 1.9229595644276144e-16 0.8660239977804736 -0.5000024352623959
vn 1.1102284319939223e-16 0.5000024352623959 -0.8660239977804736
vn 0 0 -1
vn -1.1102284319939223e-16 -0.5000024352623959 -0.8660239977804736
vn -1.9229595644276144e-16 -0.8660239977804736 -0.5000024352623959
usemtl m_62f8f30c-eb80-e2d8-c1ab-420580141a02
f 150/433/121 149/434/121 140/435/121
f 102/436/122 104/437/122 105/438/122 103/439/122
f 103/440/123 105/441/123 101/442/123
f 142/443/124 150/444/124 140/445/124
f 104/446/125 106/447/125 107/448/125 105/449/125
f 105/450/126 107/451/126 101/452/126
f 141/453/127 142/454/127 140/455/127
f 106/456/128 108/457/128 109/458/128 107/459/128
f 107/460/129 109/461/129 101/462/129
f 139/463/130 141/464/130 140/465/130
f 108/466/131 110/467/131 111/468/131 109/469/131
f 109/470/132 111/471/132 101/472/132
f 138/473/133 139/474/133 140/475/133
f 110/476/134 112/477/134 113/478/134 111/479/134
f 111/480/135 113/481/135 101/482/135
f 143/483/136 138/484/136 140/485/136
f 112/486/137 114/487/137 115/488/137 113/489/137
f 113/490/138 115/491/138 101/492/138
f 144/493/139 143/494/139 140/495/139
f 114/496/140 116/497/140 117/498/140 115/499/140
f 115/500/141 117/501/141 101/502/141
f 145/503/142 144/504/142 140/505/142
f 116/506/143 118/507/143 119/508/143 117/509/143
f 117/510/144 119/511/144 101/512/144
f 146/513/145 145/514/145 140/515/145
f 118/516/146 120/517/146 121/518/146 119/519/146
f 119/520/147 121/521/147 101/522/147
f 147/523/148 146/524/148 140/525/148
f 120/526/149 122/527/149 123/528/149 121/529/149
f 121/530/150 123/531/150 101/532/150
f 148/533/151 147/534/151 140/535/151
f 122/536/152 124/537/152 125/538/152 123/539/152
f 123/540/153 125/541/153 101/542/153
f 149/543/154 148/544/154 140/545/154
f 124/546/155 102/547/155 103/548/155 125/549/155
f 125/550/156 103/551/156 101/552/156
f 127/553/157 126/554/157 112/555/157 110/556/157
f 129/557/158 128/558/158 108/559/158 106/560/158
f 128/561/159 127/562/159 110/563/159 108/564/159
f 126/565/160 130/566/160 114/567/160 112/568/160
f 130/569/161 131/570/161 116/571/161 114/572/161
f 131/573/162 132/574/162 118/575/162 116/576/162
f 132/577/163 133/578/163 120/579/163 118/580/163
f 133/581/164 134/582/164 122/583/164 120/584/164
f 134/585/165 135/586/165 124/587/165 122/588/165
f 135/589/166 136/590/166 102/591/166 124/592/166
f 136/593/167 137/594/167 104/595/167 102/596/167
f 137/597/168 129/598/168 106/599/168 104/600/168
f 139/601/169 138/602/169 126/603/169 127/604/169
f 142/605/170 141/606/170 128/607/170 129/608/170
f 141/609/171 139/610/171 127/611/171 128/612/171
f 138/613/172 143/614/172 130/615/172 126/616/172
f 143/617/173 144/618/173 131/619/173 130/620/173
f 144/621/174 145/622/174 132/623/174 131/624/174
f 145/625/175 146/626/175 133/627/175 132/628/175
f 146/629/176 147/630/176 134/631/176 133/632/176
f 147/633/177 148/634/177 135/635/177 134/636/177
f 148/637/178 149/638/178 136/639/178 135/640/178
f 149/641/179 150/642/179 137/643/179 136/644/179
f 150/645/180 142/646/180 129/647/180 137/648/180
o 2_L
v -0.53125 0.31250000000000006 -0.40625
v -0.53125 0.396234375 -0.09375
v -0.6875 0.3962343750000001 -0.09375
v -0.53125 0.5412656250000001 -0.177484375
v -0.6875 0.5412656250000001 -0.177484375
v -0.53125 0.625 -0.322515625
v -0.6875 0.6250000000000001 -0.322515625
v -0.53125 0.625 -0.489984375
v -0.6875 0.6250000000000001 -0.489984375
v -0.53125 0.5412656250000001 -0.635015625
v -0.6875 0.5412656250000001 -0.635015625
v -0.53125 0.396234375 -0.71875
v -0.6875 0.3962343750000001 -0.71875
v -0.53125 0.22876562500000006 -0.71875
v -0.6875 0.22876562500000008 -0.71875
v -0.53125 0.08373437500000006 -0.635015625
v -0.6875 0.08373437500000008 -0.635015625
v -0.53125 5.551115123125783e-17 -0.489984375
v -0.6875 1.1102230246251565e-16 -0.489984375
v -0.53125 5.551115123125783e-17 -0.322515625
v -0.6875 1.1102230246251565e-16 -0.322515625
v -0.53125 0.08373437500000006 -0.177484375
v -0.6875 0.08373437500000008 -0.177484375
v -0.53125 0.22876562500000006 -0.09375
v -0.6875 0.22876562500000008 -0.09375
v -0.6875 0.24551250000000008 -0.15625
v -0.6875 0.3794875000000001 -0.15625
v -0.6875 0.4955125000000001 -0.2232375
v -0.6875 0.5625000000000001 -0.3392625
v -0.6875 0.5625000000000001 -0.4732375
v -0.6875 0.4955125000000001 -0.5892625
v -0.6875 0.3794875000000001 -0.65625
v -0.6875 0.24551250000000008 -0.65625
v -0.6875 0.1294875000000001 -0.5892625
v -0.6875 0.06250000000000008 -0.4732375
v -0.6875 0.06250000000000008 -0.3392625
v -0.6875 0.1294875000000001 -0.2232375
v -0.625 0.24551250000000008 -0.15625
v -0.625 0.3794875000000001 -0.15625
v -0.625 0.31250000000000006 -0.40625
v -0.625 0.4955125000000001 -0.2232375
v -0.625 0.5625 -0.3392625
v -0.625 0.5625 -0.4732375
v -0.625 0.4955125000000001 -0.5892625
v -0.625 0.3794875000000001 -0.65625
v -0.625 0.24551250000000008 -0.65625
v -0.625 0.1294875000000001 -0.5892625
v -0.625 0.06250000000000006 -0.4732375
v -0.625 0.06250000000000006 -0.3392625
v -0.625 0.1294875000000001 -0.2232375
vt 0.4114078125 0.41922109375000005
vt 0.39327890625 0.4296875
vt 0.3828125 0.390625
vt 0.17843554687500002 0.32421875
vt 0.199369140625 0.32421875
vt 0.199369140625 0.34375
vt 0.17843554687500002 0.34375
vt 0.6255609375 0.3359375
vt 0.6400640625 0.34431093749999997
vt 0.6171875 0.3671875
vt 0.421875 0.4010921875
vt 0.4114078125 0.41922109375000005
vt 0.3828125 0.390625
vt 0.652193359375 0.52734375
vt 0.673126953125 0.52734375
vt 0.673126953125 0.546875
vt 0.652193359375 0.546875
vt 0.6400640625 0.34431093749999997
vt 0.6484375 0.35881406250000003
vt 0.6171875 0.3671875
vt 0.421875 0.38015859375000005
vt 0.421875 0.4010921875
vt 0.3828125 0.390625
vt 0.673126953125 0.52734375
vt 0.694060546875 0.52734375
vt 0.694060546875 0.546875
vt 0.673126953125 0.546875
vt 0.6484375 0.35881406250000003
vt 0.6484375 0.37556093749999997
vt 0.6171875 0.3671875
vt 0.41140859375 0.3620296875
vt 0.421875 0.38015859375000005
vt 0.3828125 0.390625
vt 0.694060546875 0.52734375
vt 0.714994140625 0.52734375
vt 0.714994140625 0.546875
vt 0.694060546875 0.546875
vt 0.6484375 0.37556093749999997
vt 0.6400640625 0.39006406250000003
vt 0.6171875 0.3671875
vt 0.3932796875 0.3515625
vt 0.41140859375 0.3620296875
vt 0.3828125 0.390625
vt 0.652193359375 0.49609375
vt 0.673126953125 0.49609375
vt 0.673126953125 0.515625
vt 0.652193359375 0.515625
vt 0.6400640625 0.39006406250000003
vt 0.6255609375 0.3984375
vt 0.6171875 0.3671875
vt 0.37234609375 0.3515625
vt 0.3932796875 0.3515625
vt 0.3828125 0.390625
vt 0.673126953125 0.49609375
vt 0.694060546875 0.49609375
vt 0.694060546875 0.515625
vt 0.673126953125 0.515625
vt 0.6255609375 0.3984375
vt 0.6088140625 0.3984375
vt 0.6171875 0.3671875
vt 0.3542171875 0.36202890624999995
vt 0.37234609375 0.3515625
vt 0.3828125 0.390625
vt 0.694060546875 0.49609375
vt 0.714994140625 0.49609375
vt 0.714994140625 0.515625
vt 0.694060546875 0.515625
vt 0.6088140625 0.3984375
vt 0.5943109375 0.39006406250000003
vt 0.6171875 0.3671875
vt 0.34375 0.3801578125
vt 0.35421718750000003 0.36202890624999995
vt 0.3828125 0.390625
vt 0.652193359375 0.46484375
vt 0.673126953125 0.46484375
vt 0.673126953125 0.484375
vt 0.652193359375 0.484375
vt 0.5943109375 0.39006406250000003
vt 0.5859375 0.37556093749999997
vt 0.6171875 0.3671875
vt 0.34375 0.40109140624999995
vt 0.34375 0.3801578125
vt 0.3828125 0.390625
vt 0.673126953125 0.46484375
vt 0.694060546875 0.46484375
vt 0.694060546875 0.484375
vt 0.673126953125 0.484375
vt 0.5859375 0.37556093749999997
vt 0.5859375 0.35881406250000003
vt 0.6171875 0.3671875
vt 0.35421640625 0.4192203125
vt 0.34375 0.40109140624999995
vt 0.3828125 0.390625
vt 0.694060546875 0.46484375
vt 0.714994140625 0.46484375
vt 0.714994140625 0.484375
vt 0.694060546875 0.484375
vt 0.5859375 0.35881406250000003
vt 0.5943109375 0.34431093749999997
vt 0.6171875 0.3671875
vt 0.37234531249999997 0.4296875
vt 0.35421640625 0.4192203125
vt 0.3828125 0.390625
vt 0.136568359375 0.32421875
vt 0.157501953125 0.32421875
vt 0.157501953125 0.34375
vt 0.136568359375 0.34375
vt 0.5943109375 0.34431093749999997
vt 0.6088140625 0.3359375
vt 0.6171875 0.3671875
vt 0.39327890625 0.4296875
vt 0.37234531249999997 0.4296875
vt 0.3828125 0.390625
vt 0.157501953125 0.32421875
vt 0.17843554687500002 0.32421875
vt 0.17843554687500002 0.34375
vt 0.157501953125 0.34375
vt 0.6088140625 0.3359375
vt 0.6255609375 0.3359375
vt 0.6171875 0.3671875
vt 0.47712343749999997 0.359375
vt 0.4603765625 0.359375
vt 0.4582828125 0.3515625
vt 0.47921640625 0.3515625
vt 0.49162656250000003 0.36774843749999997
vt 0.47712343749999997 0.359375
vt 0.47921640625 0.3515625
vt 0.4973453125 0.36202890624999995
vt 0.5 0.38225156250000003
vt 0.49162656250000003 0.36774843749999997
vt 0.4973453125 0.36202890624999995
vt 0.5078125 0.3801578125
vt 0.5 0.39899843749999997
vt 0.5 0.38225156250000003
vt 0.5078125 0.3801578125
vt 0.5078125 0.40109140624999995
vt 0.4916265625 0.41350156250000003
vt 0.5 0.39899843749999997
vt 0.5078125 0.40109140624999995
vt 0.49734609375 0.4192203125
vt 0.47712343749999997 0.421875
vt 0.4916265625 0.41350156250000003
vt 0.49734609375 0.4192203125
vt 0.4792171875 0.4296875
vt 0.4603765625 0.421875
vt 0.47712343749999997 0.421875
vt 0.4792171875 0.4296875
vt 0.45828359375 0.4296875
vt 0.44587343749999997 0.41350156250000003
vt 0.4603765625 0.421875
vt 0.45828359375 0.4296875
vt 0.4401546875 0.41922109375000005
vt 0.4375 0.39899843749999997
vt 0.44587343749999997 0.41350156250000003
vt 0.4401546875 0.41922109375000005
vt 0.4296875 0.4010921875
vt 0.4375 0.38225156250000003
vt 0.4375 0.39899843749999997
vt 0.4296875 0.4010921875
vt 0.4296875 0.38015859375000005
vt 0.4458734375 0.36774843749999997
vt 0.4375 0.38225156250000003
vt 0.4296875 0.38015859375000005
vt 0.44015390625 0.3620296875
vt 0.4603765625 0.359375
vt 0.4458734375 0.36774843749999997
vt 0.44015390625 0.3620296875
vt 0.4582828125 0.3515625
vt 0.3236578125 0.296875
vt 0.34040468749999997 0.296875
vt 0.34040468749999997 0.3046875
vt 0.3236578125 0.3046875
vt 0.3069109375 0.296875
vt 0.3236578125 0.296875
vt 0.3236578125 0.3046875
vt 0.3069109375 0.3046875
vt 0.40290468749999997 0.296875
vt 0.4196515625 0.296875
vt 0.4196515625 0.3046875
vt 0.40290468749999997 0.3046875
vt 0.3861578125 0.296875
vt 0.40290468749999997 0.296875
vt 0.40290468749999997 0.3046875
vt 0.3861578125 0.3046875
vt 0.3694109375 0.296875
vt 0.3861578125 0.296875
vt 0.3861578125 0.3046875
vt 0.3694109375 0.3046875
vt 0.46540468749999997 0.296875
vt 0.4821515625 0.296875
vt 0.4821515625 0.3046875
vt 0.46540468749999997 0.3046875
vt 0.4486578125 0.296875
vt 0.46540468749999997 0.296875
vt 0.46540468749999997 0.3046875
vt 0.4486578125 0.3046875
vt 0.4319109375 0.296875
vt 0.4486578125 0.296875
vt 0.4486578125 0.3046875
vt 0.4319109375 0.3046875
vt 0.5279046875 0.296875
vt 0.5446515625 0.296875
vt 0.5446515625 0.3046875
vt 0.5279046875 0.3046875
vt 0.5111578125 0.296875
vt 0.5279046875 0.296875
vt 0.5279046875 0.3046875
vt 0.5111578125 0.3046875
vt 0.4944109375 0.296875
vt 0.5111578125 0.296875
vt 0.5111578125 0.3046875
vt 0.4944109375 0.3046875
vt 0.34040468749999997 0.296875
vt 0.3571515625 0.296875
vt 0.3571515625 0.3046875
vt 0.34040468749999997 0.3046875
vn 1 -2.220446049250313e-16 0
vn 1.1102284319939225e-16 0.500002435262396 0.8660239977804737
vn -1 2.220446049250313e-16 0
vn 1 -2.220446049250313e-16 0
vn 1.9229595644276147e-16 0.8660239977804737 0.500002435262396
vn -1 2.220446049250313e-16 0
vn 1 -2.220446049250313e-16 0
vn 2.220446049250313e-16 1 0
vn -1 2.220446049250313e-16 0
vn 1 -2.220446049250313e-16 0
vn 1.9229595644276147e-16 0.8660239977804737 -0.500002435262396
vn -1 2.220446049250313e-16 0
vn 1 -2.220446049250313e-16 0
vn 1.1102284319939225e-16 0.500002435262396 -0.8660239977804737
vn -1 2.220446049250313e-16 0
vn 1 -2.220446049250313e-16 0
vn 0 0 -1
vn -1 2.220446049250313e-16 0
vn 1 -2.220446049250313e-16 0
vn -1.1102284319939225e-16 -0.500002435262396 -0.8660239977804737
vn -1 2.220446049250313e-16 0
vn 1 -2.220446049250313e-16 0
vn -1.9229595644276147e-16 -0.8660239977804737 -0.500002435262396
vn -1 2.220446049250313e-16 0
vn 1 -2.220446049250313e-16 0
vn -2.220446049250313e-16 -1 0
vn -1 2.220446049250313e-16 0
vn 1 -2.220446049250313e-16 0
vn -1.9229595644276147e-16 -0.8660239977804737 0.500002435262396
vn -1 2.220446049250313e-16 0
vn 1 -2.220446049250313e-16 0
vn -1.1102284319939225e-16 -0.500002435262396 0.8660239977804737
vn -1 2.220446049250313e-16 0
vn 1 -2.220446049250313e-16 0
vn 0 0 1
vn -1 2.220446049250313e-16 0
vn -1 2.220446049250313e-16 0
vn -1 2.220446049250313e-16 0
vn -1 2.220446049250313e-16 0
vn -1 2.220446049250313e-16 0
vn -1 2.220446049250313e-16 0
vn -1 2.220446049250313e-16 0
vn -1 2.220446049250313e-16 0
vn -1 2.220446049250313e-16 0
vn -1 2.220446049250313e-16 0
vn -1 2.220446049250313e-16 0
vn -1 2.220446049250313e-16 0
vn -1 2.220446049250313e-16 0
vn 0 0 -1
vn -1.1102284319939223e-16 -0.5000024352623959 -0.8660239977804736
vn -1.9229595644276144e-16 -0.8660239977804736 -0.5000024352623959
vn -2.220446049250313e-16 -1 0
vn -1.9229595644276144e-16 -0.8660239977804736 0.5000024352623959
vn -1.1102284319939223e-16 -0.5000024352623959 0.8660239977804736
vn 0 0 1
vn 1.1102284319939223e-16 0.5000024352623959 0.8660239977804736
vn 1.9229595644276144e-16 0.8660239977804736 0.5000024352623959
vn 2.220446049250313e-16 1 0
vn 1.9229595644276144e-16 0.8660239977804736 -0.5000024352623959
vn 1.1102284319939223e-16 0.5000024352623959 -0.8660239977804736
usemtl m_62f8f30c-eb80-e2d8-c1ab-420580141a02
f 154/649/181 152/650/181 151/651/181
f 152/652/182 154/653/182 155/654/182 153/655/182
f 189/656/183 191/657/183 190/658/183
f 156/659/184 154/660/184 151/661/184
f 154/662/185 156/663/185 157/664/185 155/665/185
f 191/666/186 192/667/186 190/668/186
f 158/669/187 156/670/187 151/671/187
f 156/672/188 158/673/188 159/674/188 157/675/188
f 192/676/189 193/677/189 190/678/189
f 160/679/190 158/680/190 151/681/190
f 158/682/191 160/683/191 161/684/191 159/685/191
f 193/686/192 194/687/192 190/688/192
f 162/689/193 160/690/193 151/691/193
f 160/692/194 162/693/194 163/694/194 161/695/194
f 194/696/195 195/697/195 190/698/195
f 164/699/196 162/700/196 151/701/196
f 162/702/197 164/703/197 165/704/197 163/705/197
f 195/706/198 196/707/198 190/708/198
f 166/709/199 164/710/199 151/711/199
f 164/712/200 166/713/200 167/714/200 165/715/200
f 196/716/201 197/717/201 190/718/201
f 168/719/202 166/720/202 151/721/202
f 166/722/203 168/723/203 169/724/203 167/725/203
f 197/726/204 198/727/204 190/728/204
f 170/729/205 168/730/205 151/731/205
f 168/732/206 170/733/206 171/734/206 169/735/206
f 198/736/207 199/737/207 190/738/207
f 172/739/208 170/740/208 151/741/208
f 170/742/209 172/743/209 173/744/209 171/745/209
f 199/746/210 200/747/210 190/748/210
f 174/749/211 172/750/211 151/751/211
f 172/752/212 174/753/212 175/754/212 173/755/212
f 200/756/213 188/757/213 190/758/213
f 152/759/214 174/760/214 151/761/214
f 174/762/215 152/763/215 153/764/215 175/765/215
f 188/766/216 189/767/216 190/768/216
f 177/769/217 176/770/217 175/771/217 153/772/217
f 178/773/218 177/774/218 153/775/218 155/776/218
f 179/777/219 178/778/219 155/779/219 157/780/219
f 180/781/220 179/782/220 157/783/220 159/784/220
f 181/785/221 180/786/221 159/787/221 161/788/221
f 182/789/222 181/790/222 161/791/222 163/792/222
f 183/793/223 182/794/223 163/795/223 165/796/223
f 184/797/224 183/798/224 165/799/224 167/800/224
f 185/801/225 184/802/225 167/803/225 169/804/225
f 186/805/226 185/806/226 169/807/226 171/808/226
f 187/809/227 186/810/227 171/811/227 173/812/227
f 176/813/228 187/814/228 173/815/228 175/816/228
f 189/817/229 188/818/229 176/819/229 177/820/229
f 191/821/230 189/822/230 177/823/230 178/824/230
f 192/825/231 191/826/231 178/827/231 179/828/231
f 193/829/232 192/830/232 179/831/232 180/832/232
f 194/833/233 193/834/233 180/835/233 181/836/233
f 195/837/234 194/838/234 181/839/234 182/840/234
f 196/841/235 195/842/235 182/843/235 183/844/235
f 197/845/236 196/846/236 183/847/236 184/848/236
f 198/849/237 197/850/237 184/851/237 185/852/237
f 199/853/238 198/854/238 185/855/238 186/856/238
f 200/857/239 199/858/239 186/859/239 187/860/239
f 188/861/240 200/862/240 187/863/240 176/864/240
o mesh
v 0.5 1.3125 0.8125
v 0.5 1.3125 -0.8125
v 0.5 0.625 0.8125
v 0.5 0.625 -0.8125
v -0.5 1.3125 0.8125
v -0.5 1.3125 -0.8125
v -0.5 0.625 0.8125
v -0.5 0.625 -0.8125
v -0.375 1.3125 0.8125
v -0.375 1.3125 -0.8125
v 0.5 1.3125 0.6875
v -0.5 1.3125 0.6875
v 0.375 1.3125 -0.8125
v 0.375 1.3125 0.8125
v -0.5 1.3125 -0.6875
v 0.5 1.3125 -0.6875
v 0.375 0.6875 -0.8125
v 0.375 0.6875 0.8125
v -0.5 0.6875 -0.6875
v 0.5 0.6875 -0.6875
v 0.5 0.6875 0.6875
v -0.5 0.6875 0.6875
v -0.375 0.6875 0.8125
v -0.375 0.6875 -0.8125
v -0.375 1.25 0.8125
v -0.375 1.25 -0.8125
v 0.5 1.25 0.6875
v -0.5 1.25 0.6875
v 0.375 1.25 -0.8125
v 0.375 1.25 0.8125
v -0.5 1.25 -0.6875
v 0.5 1.25 -0.6875
v -0.375 1.3125 0.6875
v -0.5 1.3125 0.6875
v -0.375 1.3125 0.5625
v -0.5 1.3125 0.5625
v -0.375 1.3125 0.4375
v -0.5 1.3125 0.4375
v -0.375 1.3125 0.3125
v -0.5 1.3125 0.3125
v -0.375 1.3125 0.1875
v -0.5 1.3125 0.1875
v -0.375 1.3125 0.0625
v -0.5 1.3125 0.0625
v -0.375 1.3125 -0.0625
v -0.5 1.3125 -0.0625
v -0.375 1.3125 -0.1875
v -0.5 1.3125 -0.1875
v -0.375 1.3125 -0.3125
v -0.5 1.3125 -0.3125
v -0.375 1.3125 -0.4375
v -0.5 1.3125 -0.4375
v -0.375 1.3125 -0.5625
v -0.5 1.3125 -0.5625
v -0.375 1.3125 -0.6875
v -0.5 1.3125 -0.6875
v -0.5 0.625 0.6875
v -0.5 0.625 0.5625
v -0.5 0.625 0.4375
v -0.5 0.625 0.3125
v -0.5 0.625 0.1875
v -0.5 0.625 0.0625
v -0.5 0.625 -0.0625
v -0.5 0.625 -0.1875
v -0.5 0.625 -0.3125
v -0.5 0.625 -0.4375
v -0.5 0.625 -0.5625
v -0.5 0.625 -0.6875
v 0.5 0.625 0.6875
v 0.5 0.625 0.5625
v 0.5 0.625 0.4375
v 0.5 0.625 0.3125
v 0.5 0.625 0.1875
v 0.5 0.625 0.0625
v 0.5 0.625 -0.0625
v 0.5 0.625 -0.1875
v 0.5 0.625 -0.3125
v 0.5 0.625 -0.4375
v 0.5 0.625 -0.5625
v 0.5 0.625 -0.6875
v 0.5 1.3125 0.6875
v 0.5 1.3125 0.5625
v 0.5 1.3125 0.4375
v 0.5 1.3125 0.3125
v 0.5 1.3125 0.1875
v 0.5 1.3125 0.0625
v 0.5 1.3125 -0.0625
v 0.5 1.3125 -0.1875
v 0.5 1.3125 -0.3125
v 0.5 1.3125 -0.4375
v 0.5 1.3125 -0.5625
v 0.5 1.3125 -0.6875
v 0.375 1.3125 0.6875
v 0.375 1.3125 0.5625
v 0.375 1.3125 0.4375
v 0.375 1.3125 0.3125
v 0.375 1.3125 0.1875
v 0.375 1.3125 0.0625
v 0.375 1.3125 -0.0625
v 0.375 1.3125 -0.1875
v 0.375 1.3125 -0.3125
v 0.375 1.3125 -0.4375
v 0.375 1.3125 -0.5625
v 0.375 1.3125 -0.6875
v 0.375 0.6875 0.6875
v 0.375 0.6875 0.5625
v 0.375 0.6875 0.4375
v 0.375 0.6875 0.3125
v 0.375 0.6875 0.1875
v 0.375 0.6875 0.0625
v 0.375 0.6875 -0.0625
v 0.375 0.6875 -0.1875
v 0.375 0.6875 -0.3125
v 0.375 0.6875 -0.4375
v 0.375 0.6875 -0.5625
v 0.375 0.6875 -0.6875
v 0.5 0.6875 0.5817307692307694
v 0.5 0.6875 0.47596153846153855
v 0.5 0.6875 0.3701923076923077
v 0.5 0.6875 0.264423076923077
v 0.5 0.6875 0.15865384615384615
v 0.5 0.6875 0.05288461538461542
v 0.5 0.6875 -0.05288461538461531
v 0.5 0.6875 -0.15865384615384603
v 0.5 0.6875 -0.2644230769230768
v 0.5 0.6875 -0.3701923076923076
v 0.5 0.6875 -0.4759615384615384
v 0.5 0.6875 -0.5817307692307692
v -0.4903846153846154 0.6875 -0.6971153846153846
v -0.4807692307692308 0.6875 -0.7067307692307692
v -0.47115384615384615 0.6875 -0.7163461538461537
v -0.46153846153846156 0.6875 -0.7259615384615383
v -0.4519230769230769 0.6875 -0.7355769230769229
v -0.4423076923076923 0.6875 -0.7451923076923075
v -0.4326923076923077 0.6875 -0.7548076923076922
v -0.4230769230769231 0.6875 -0.7644230769230769
v -0.41346153846153844 0.6875 -0.7740384615384615
v -0.40384615384615385 0.6875 -0.783653846153846
v -0.3942307692307692 0.6875 -0.7932692307692307
v -0.3846153846153846 0.6875 -0.8028846153846154
v 0.375 1.25 -0.6875
v 0.375 1.25 -0.5625
v 0.375 1.3125 0.6979166666666666
v 0.375 1.25 -0.4375
v 0.375 1.3125 0.7083333333333333
v 0.375 1.25 -0.3125
v 0.375 1.3125 0.7187499999999999
v 0.375 1.25 -0.1875
v 0.375 1.3125 0.7291666666666665
v 0.375 1.25 -0.0625
v 0.375 1.3125 0.7395833333333333
v 0.375 1.25 0.0625
v 0.375 1.3125 0.7499999999999999
v 0.375 1.25 0.1875
v 0.375 1.3125 0.7604166666666665
v 0.375 1.25 0.3125
v 0.375 1.3125 0.7708333333333333
v 0.375 1.25 0.4375
v 0.375 1.3125 0.78125
v 0.375 1.25 0.5625
v 0.375 1.3125 0.7916666666666666
v 0.375 1.25 0.6875
v 0.375 1.3125 0.8020833333333333
v -0.375 0.6875 0.6875
v -0.375 0.6875 0.5625
v -0.375 0.6875 0.4375
v -0.375 0.6875 0.3125
v -0.375 0.6875 0.1875
v -0.375 0.6875 0.0625
v -0.375 0.6875 -0.0625
v -0.375 0.6875 -0.1875
v -0.375 0.6875 -0.3125
v -0.375 0.6875 -0.4375
v -0.375 0.6875 -0.5625
v -0.375 0.6875 -0.6875
v -0.375 1.25 -0.6875
v -0.375 1.3125 0.6979166666666666
v -0.375 1.25 -0.5625
v -0.375 1.3125 0.7083333333333333
v -0.375 1.25 -0.4375
v -0.375 1.3125 0.7187499999999999
v -0.375 1.25 -0.3125
v -0.375 1.3125 0.7291666666666665
v -0.375 1.25 -0.1875
v -0.375 1.3125 0.7395833333333333
v -0.375 1.25 -0.0625
v -0.375 1.3125 0.7499999999999999
v -0.375 1.25 0.0625
v -0.375 1.3125 0.7604166666666665
v -0.375 1.25 0.1875
v -0.375 1.3125 0.7708333333333333
v -0.375 1.25 0.3125
v -0.375 1.3125 0.78125
v -0.375 1.25 0.4375
v -0.375 1.3125 0.7916666666666666
v -0.375 1.25 0.5625
v -0.375 1.3125 0.8020833333333333
v -0.375 1.25 0.6875
v -0.5 1.21875 -0.6875
v -0.5 1.21875 -0.8125
v 0.5 1.21875 -0.8125
v 0.5 1.21875 -0.6875
v 0.5 1.21875 -0.5625
v 0.5 1.21875 -0.4375
v 0.5 1.21875 -0.3125
v 0.5 1.21875 -0.1875
v 0.5 1.21875 -0.0625
v 0.5 1.21875 0.0625
v 0.5 1.21875 0.1875
v 0.5 1.21875 0.3125
v 0.5 1.21875 0.4375
v 0.5 1.21875 0.5625
v 0.5 1.21875 0.6875
v 0.5 1.21875 0.8125
v -0.5 1.21875 0.8125
v -0.5 1.21875 0.6875
v -0.5 1.21875 0.5625
v -0.5 1.21875 0.4375
v -0.5 1.21875 0.3125
v -0.5 1.21875 0.1875
v -0.5 1.21875 0.0625
v -0.5 1.21875 -0.0625
v -0.5 1.21875 -0.1875
v -0.5 1.21875 -0.3125
v -0.5 1.21875 -0.4375
v -0.5 1.21875 -0.5625
v -0.5 0.734375 -0.6875
v -0.5 0.734375 -0.8125
v 0.5 0.734375 -0.8125
v 0.5 0.734375 -0.6875
v 0.5 0.734375 -0.5625
v 0.5 0.734375 -0.4375
v 0.5 0.734375 -0.3125
v 0.5 0.734375 -0.1875
v 0.5 0.734375 -0.0625
v 0.5 0.734375 0.0625
v 0.5 0.734375 0.1875
v 0.5 0.734375 0.3125
v 0.5 0.734375 0.4375
v 0.5 0.734375 0.5625
v 0.5 0.734375 0.6875
v 0.5 0.734375 0.8125
v -0.5 0.734375 0.8125
v -0.5 0.734375 0.6875
v -0.5 0.734375 0.5625
v -0.5 0.734375 0.4375
v -0.5 0.734375 0.3125
v -0.5 0.734375 0.1875
v -0.5 0.734375 0.0625
v -0.5 0.734375 -0.0625
v -0.5 0.734375 -0.1875
v -0.5 0.734375 -0.3125
v -0.5 0.734375 -0.4375
v -0.5 0.734375 -0.5625
v -0.46875 1.21875 0.5625
v -0.46875 0.734375 0.6875
v -0.46875 0.734375 0.5625
v -0.46875 1.21875 0.6875
v -0.46875 1.21875 0.4375
v -0.46875 0.734375 0.4375
v -0.46875 1.21875 0.3125
v -0.46875 0.734375 0.3125
v -0.46875 1.21875 0.1875
v -0.46875 0.734375 0.1875
v -0.46875 1.21875 0.0625
v -0.46875 0.734375 0.0625
v -0.46875 1.21875 -0.0625
v -0.46875 0.734375 -0.0625
v -0.46875 1.21875 -0.1875
v -0.46875 0.734375 -0.1875
v -0.46875 1.21875 -0.3125
v -0.46875 0.734375 -0.3125
v -0.46875 1.21875 -0.4375
v -0.46875 0.734375 -0.4375
v -0.46875 1.21875 -0.5625
v -0.46875 0.734375 -0.5625
v -0.46875 1.21875 -0.6875
v -0.46875 0.734375 -0.6875
v 0.46875 1.21875 -0.5625
v 0.46875 0.734375 -0.6875
v 0.46875 0.734375 -0.5625
v 0.46875 1.21875 -0.6875
v 0.46875 1.21875 -0.4375
v 0.46875 0.734375 -0.4375
v 0.46875 1.21875 -0.3125
v 0.46875 0.734375 -0.3125
v 0.46875 1.21875 -0.1875
v 0.46875 0.734375 -0.1875
v 0.46875 1.21875 -0.0625
v 0.46875 0.734375 -0.0625
v 0.46875 1.21875 0.0625
v 0.46875 0.734375 0.0625
v 0.46875 1.21875 0.1875
v 0.46875 0.734375 0.1875
v 0.46875 1.21875 0.3125
v 0.46875 0.734375 0.3125
v 0.46875 1.21875 0.4375
v 0.46875 0.734375 0.4375
v 0.46875 1.21875 0.5625
v 0.46875 0.734375 0.5625
v 0.46875 1.21875 0.6875
v 0.46875 0.734375 0.6875
vt 0.53125 1
vt 0.53125 0.98828125
vt 0.546875 0.98828125
vt 0.546875 1
vt 0.34375 0.90625
vt 0.34375 0.89453125
vt 0.359375 0.89453125
vt 0.359375 0.90625
vt 0.125 0.5546875
vt 0.125 0.5703125
vt 0 0.5703125
vt 0 0.5546875
vt 0.375 0.640625
vt 0.375 0.62890625
vt 0.5 0.62890625
vt 0.5 0.640625
vt 0.15625 0.5546875
vt 0.15625 0.54296875
vt 0.28125 0.54296875
vt 0.28125 0.5546875
vt 0.3046875 0.984375
vt 0.3046875 1
vt 0.1796875 1
vt 0.1796875 0.984375
vt 0.1796875 0.9765625
vt 0.1796875 0.9609375
vt 0.3046875 0.9609375
vt 0.3046875 0.9765625
vt 0.375 0.734375
vt 0.390625 0.734375
vt 0.390625 0.8125
vt 0.375 0.8125
vt 0 0.546875
vt 0 0.46875
vt 0.125 0.46875
vt 0.125 0.546875
vt 0.5078125 0.640625
vt 0.5078125 0.5625
vt 0.6328125 0.5625
vt 0.6328125 0.640625
vt 0.578125 0.7265625
vt 0.5625 0.7265625
vt 0.5625 0.6484375
vt 0.578125 0.6484375
vt 0.5859375 0.6484375
vt 0.6015625 0.6484375
vt 0.58723984375 0.65625
vt 0.5859375 0.65625
vt 0.375 0.9453125
vt 0.375 0.9375
vt 0.5 0.9375
vt 0.5 0.9453125
vt 0.8359375 0.921875
vt 0.8346351562500001 0.921875
vt 0.8203125 0.9140625
vt 0.8359375 0.9140625
vt 0.375 0.8515625
vt 0.375 0.84375
vt 0.5 0.84375
vt 0.5 0.8515625
vt 0.09375 0.1953125
vt 0.09375 0.20853359375000002
vt 0.078125 0.1953125
vt 0.078125 0.1796875
vt 0.2421875 0.734375
vt 0.1484375 0.734375
vt 0.1328125 0.71875
vt 0.1328125 0.546875
vt 0.36328125 0.5625
vt 0.36328125 0.578125
vt 0.26832968749999997 0.5637015625
vt 0.26953125 0.5625
vt 0.015625 0.203125
vt 0.015625 0.21875
vt 0 0.21875
vt 0 0.203125
vt 0.015625 0.21875
vt 0.015625 0.234375
vt 0 0.234375
vt 0 0.21875
vt 0.015625 0.234375
vt 0.015625 0.25
vt 0 0.25
vt 0 0.234375
vt 0.015625 0.25
vt 0.015625 0.265625
vt 0 0.265625
vt 0 0.25
vt 0.015625 0.265625
vt 0.015625 0.28125
vt 0 0.28125
vt 0 0.265625
vt 0.015625 0.28125
vt 0.015625 0.296875
vt 0 0.296875
vt 0 0.28125
vt 0.015625 0.296875
vt 0.015625 0.3125
vt 0 0.3125
vt 0 0.296875
vt 0.015625 0.3125
vt 0.015625 0.328125
vt 0 0.328125
vt 0 0.3125
vt 0.015625 0.328125
vt 0.015625 0.34375
vt 0 0.34375
vt 0 0.328125
vt 0.015625 0.34375
vt 0.015625 0.359375
vt 0 0.359375
vt 0 0.34375
vt 0.015625 0.359375
vt 0.015625 0.375
vt 0 0.375
vt 0 0.359375
vt 0.53125 0.90625
vt 0.53125 0.89453125
vt 0.546875 0.89453125
vt 0.546875 0.90625
vt 0.515625 0.90625
vt 0.515625 0.89453125
vt 0.53125 0.89453125
vt 0.53125 0.90625
vt 0.5 0.90625
vt 0.5 0.89453125
vt 0.515625 0.89453125
vt 0.515625 0.90625
vt 0.484375 0.90625
vt 0.484375 0.89453125
vt 0.5 0.89453125
vt 0.5 0.90625
vt 0.46875 0.90625
vt 0.46875 0.89453125
vt 0.484375 0.89453125
vt 0.484375 0.90625
vt 0.453125 0.90625
vt 0.453125 0.89453125
vt 0.46875 0.89453125
vt 0.46875 0.90625
vt 0.4375 0.90625
vt 0.4375 0.89453125
vt 0.453125 0.89453125
vt 0.453125 0.90625
vt 0.421875 0.90625
vt 0.421875 0.89453125
vt 0.4375 0.89453125
vt 0.4375 0.90625
vt 0.40625 0.90625
vt 0.40625 0.89453125
vt 0.421875 0.89453125
vt 0.421875 0.90625
vt 0.390625 0.90625
vt 0.390625 0.89453125
vt 0.40625 0.89453125
vt 0.40625 0.90625
vt 0.375 0.90625
vt 0.375 0.89453125
vt 0.390625 0.89453125
vt 0.390625 0.90625
vt 0.359375 0.90625
vt 0.359375 0.89453125
vt 0.375 0.89453125
vt 0.375 0.90625
vt 0 0.7578125
vt 0 0.7421875
vt 0.125 0.7421875
vt 0.125 0.7578125
vt 0 0.7421875
vt 0 0.7265625
vt 0.125 0.7265625
vt 0.125 0.7421875
vt 0 0.7265625
vt 0 0.7109375
vt 0.125 0.7109375
vt 0.125 0.7265625
vt 0 0.7109375
vt 0 0.6953125
vt 0.125 0.6953125
vt 0.125 0.7109375
vt 0 0.6953125
vt 0 0.6796875
vt 0.125 0.6796875
vt 0.125 0.6953125
vt 0 0.6796875
vt 0 0.6640625
vt 0.125 0.6640625
vt 0.125 0.6796875
vt 0 0.6640625
vt 0 0.6484375
vt 0.125 0.6484375
vt 0.125 0.6640625
vt 0 0.6484375
vt 0 0.6328125
vt 0.125 0.6328125
vt 0.125 0.6484375
vt 0 0.6328125
vt 0 0.6171875
vt 0.125 0.6171875
vt 0.125 0.6328125
vt 0 0.6171875
vt 0 0.6015625
vt 0.125 0.6015625
vt 0.125 0.6171875
vt 0 0.6015625
vt 0 0.5859375
vt 0.125 0.5859375
vt 0.125 0.6015625
vt 0 0.5859375
vt 0 0.5703125
vt 0.125 0.5703125
vt 0.125 0.5859375
vt 0.34375 1
vt 0.34375 0.98828125
vt 0.359375 0.98828125
vt 0.359375 1
vt 0.359375 1
vt 0.359375 0.98828125
vt 0.375 0.98828125
vt 0.375 1
vt 0.375 1
vt 0.375 0.98828125
vt 0.390625 0.98828125
vt 0.390625 1
vt 0.390625 1
vt 0.390625 0.98828125
vt 0.40625 0.98828125
vt 0.40625 1
vt 0.40625 1
vt 0.40625 0.98828125
vt 0.421875 0.98828125
vt 0.421875 1
vt 0.421875 1
vt 0.421875 0.98828125
vt 0.4375 0.98828125
vt 0.4375 1
vt 0.4375 1
vt 0.4375 0.98828125
vt 0.453125 0.98828125
vt 0.453125 1
vt 0.453125 1
vt 0.453125 0.98828125
vt 0.46875 0.98828125
vt 0.46875 1
vt 0.46875 1
vt 0.46875 0.98828125
vt 0.484375 0.98828125
vt 0.484375 1
vt 0.484375 1
vt 0.484375 0.98828125
vt 0.5 0.98828125
vt 0.5 1
vt 0.5 1
vt 0.5 0.98828125
vt 0.515625 0.98828125
vt 0.515625 1
vt 0.515625 1
vt 0.515625 0.98828125
vt 0.53125 0.98828125
vt 0.53125 1
vt 0.0390625 0.203125
vt 0.0390625 0.21875
vt 0.0234375 0.21875
vt 0.0234375 0.203125
vt 0.0390625 0.21875
vt 0.0390625 0.234375
vt 0.0234375 0.234375
vt 0.0234375 0.21875
vt 0.0390625 0.234375
vt 0.0390625 0.25
vt 0.0234375 0.25
vt 0.0234375 0.234375
vt 0.0390625 0.25
vt 0.0390625 0.265625
vt 0.0234375 0.265625
vt 0.0234375 0.25
vt 0.0390625 0.265625
vt 0.0390625 0.28125
vt 0.0234375 0.28125
vt 0.0234375 0.265625
vt 0.0390625 0.28125
vt 0.0390625 0.296875
vt 0.0234375 0.296875
vt 0.0234375 0.28125
vt 0.0390625 0.296875
vt 0.0390625 0.3125
vt 0.0234375 0.3125
vt 0.0234375 0.296875
vt 0.0390625 0.3125
vt 0.0390625 0.328125
vt 0.0234375 0.328125
vt 0.0234375 0.3125
vt 0.0390625 0.328125
vt 0.0390625 0.34375
vt 0.0234375 0.34375
vt 0.0234375 0.328125
vt 0.0390625 0.34375
vt 0.0390625 0.359375
vt 0.0234375 0.359375
vt 0.0234375 0.34375
vt 0.0390625 0.359375
vt 0.0390625 0.375
vt 0.0234375 0.375
vt 0.0234375 0.359375
vt 0.578125 0.8125
vt 0.5625 0.8125
vt 0.5625 0.734375
vt 0.578125 0.734375
vt 0.5625 0.8125
vt 0.546875 0.8125
vt 0.546875 0.734375
vt 0.5625 0.734375
vt 0.546875 0.8125
vt 0.53125 0.8125
vt 0.53125 0.734375
vt 0.546875 0.734375
vt 0.53125 0.8125
vt 0.515625 0.8125
vt 0.515625 0.734375
vt 0.53125 0.734375
vt 0.515625 0.8125
vt 0.5 0.8125
vt 0.5 0.734375
vt 0.515625 0.734375
vt 0.5 0.8125
vt 0.484375 0.8125
vt 0.484375 0.734375
vt 0.5 0.734375
vt 0.484375 0.8125
vt 0.46875 0.8125
vt 0.46875 0.734375
vt 0.484375 0.734375
vt 0.46875 0.8125
vt 0.453125 0.8125
vt 0.453125 0.734375
vt 0.46875 0.734375
vt 0.453125 0.8125
vt 0.4375 0.8125
vt 0.4375 0.734375
vt 0.453125 0.734375
vt 0.4375 0.8125
vt 0.421875 0.8125
vt 0.421875 0.734375
vt 0.4375 0.734375
vt 0.421875 0.8125
vt 0.40625 0.8125
vt 0.40625 0.734375
vt 0.421875 0.734375
vt 0.40625 0.8125
vt 0.390625 0.8125
vt 0.390625 0.734375
vt 0.40625 0.734375
vt 0.078125 0.3828125
vt 0.078125 0.3671875
vt 0.09375 0.35396640625
vt 0.09375 0.3671875
vt 0.078125 0.3671875
vt 0.078125 0.3515625
vt 0.09375 0.34074531249999995
vt 0.09375 0.35396640625
vt 0.078125 0.3515625
vt 0.078125 0.3359375
vt 0.09375 0.32752421875000004
vt 0.09375 0.34074531249999995
vt 0.078125 0.3359375
vt 0.078125 0.3203125
vt 0.09375 0.314303125
vt 0.09375 0.32752421875000004
vt 0.078125 0.3203125
vt 0.078125 0.3046875
vt 0.09375 0.30108203125
vt 0.09375 0.314303125
vt 0.078125 0.3046875
vt 0.078125 0.2890625
vt 0.09375 0.28786093749999997
vt 0.09375 0.30108203125
vt 0.078125 0.2890625
vt 0.078125 0.2734375
vt 0.09375 0.27463906250000003
vt 0.09375 0.28786093749999997
vt 0.078125 0.2734375
vt 0.078125 0.2578125
vt 0.09375 0.26141796875
vt 0.09375 0.27463906250000003
vt 0.078125 0.2578125
vt 0.078125 0.2421875
vt 0.09375 0.24819687499999998
vt 0.09375 0.26141796875
vt 0.078125 0.2421875
vt 0.078125 0.2265625
vt 0.09375 0.23497578124999996
vt 0.09375 0.24819687499999998
vt 0.078125 0.2265625
vt 0.078125 0.2109375
vt 0.09375 0.22175468750000005
vt 0.09375 0.23497578124999996
vt 0.078125 0.2109375
vt 0.078125 0.1953125
vt 0.09375 0.20853359375000002
vt 0.09375 0.22175468750000005
vt 0.25390625 0.578125
vt 0.2551078125 0.5769234375
vt 0.36328125 0.75
vt 0.36328125 0.765625
vt 0.2551078125 0.5769234375
vt 0.25631015625 0.57572109375
vt 0.36328125 0.734375
vt 0.36328125 0.75
vt 0.25631015625 0.57572109375
vt 0.25751171874999995 0.57451953125
vt 0.36328125 0.71875
vt 0.36328125 0.734375
vt 0.25751171874999995 0.57451953125
vt 0.25871406249999995 0.5733171875
vt 0.36328125 0.703125
vt 0.36328125 0.71875
vt 0.25871406249999995 0.5733171875
vt 0.259915625 0.572115625
vt 0.36328125 0.6875
vt 0.36328125 0.703125
vt 0.259915625 0.572115625
vt 0.26111796875 0.57091328125
vt 0.36328125 0.671875
vt 0.36328125 0.6875
vt 0.26111796875 0.57091328125
vt 0.26231953124999996 0.56971171875
vt 0.36328125 0.65625
vt 0.36328125 0.671875
vt 0.26231953124999996 0.56971171875
vt 0.26352187499999996 0.568509375
vt 0.36328125 0.640625
vt 0.36328125 0.65625
vt 0.26352187499999996 0.568509375
vt 0.2647234375 0.5673078125
vt 0.36328125 0.625
vt 0.36328125 0.640625
vt 0.2647234375 0.5673078125
vt 0.26592578125 0.56610546875
vt 0.36328125 0.609375
vt 0.36328125 0.625
vt 0.26592578125 0.56610546875
vt 0.26712734374999997 0.56490390625
vt 0.36328125 0.59375
vt 0.36328125 0.609375
vt 0.26712734374999997 0.56490390625
vt 0.26832968749999997 0.5637015625
vt 0.36328125 0.578125
vt 0.36328125 0.59375
vt 0.6328125 0.9140625
vt 0.6484375 0.9140625
vt 0.8203125 0.921875
vt 0.6328125 0.921875
vt 0.6484375 0.9140625
vt 0.6640625 0.9140625
vt 0.8216148437499999 0.921875
vt 0.8203125 0.921875
vt 0.6640625 0.9140625
vt 0.6796875 0.9140625
vt 0.8229164062500001 0.921875
vt 0.8216148437499999 0.921875
vt 0.6796875 0.9140625
vt 0.6953125 0.9140625
vt 0.82421875 0.921875
vt 0.8229164062500001 0.921875
vt 0.6953125 0.9140625
vt 0.7109375 0.9140625
vt 0.8255210937499999 0.921875
vt 0.82421875 0.921875
vt 0.7109375 0.9140625
vt 0.7265625 0.9140625
vt 0.8268226562500001 0.921875
vt 0.8255210937499999 0.921875
vt 0.7265625 0.9140625
vt 0.7421875 0.9140625
vt 0.828125 0.921875
vt 0.8268226562500001 0.921875
vt 0.7421875 0.9140625
vt 0.7578125 0.9140625
vt 0.8294273437499999 0.921875
vt 0.828125 0.921875
vt 0.7578125 0.9140625
vt 0.7734375 0.9140625
vt 0.8307289062500001 0.921875
vt 0.8294273437499999 0.921875
vt 0.7734375 0.9140625
vt 0.7890625 0.9140625
vt 0.83203125 0.921875
vt 0.8307289062500001 0.921875
vt 0.7890625 0.9140625
vt 0.8046875 0.9140625
vt 0.8333335937499999 0.921875
vt 0.83203125 0.921875
vt 0.8046875 0.9140625
vt 0.8203125 0.9140625
vt 0.8346351562500001 0.921875
vt 0.8333335937499999 0.921875
vt 0.375 0.6484375
vt 0.390625 0.6484375
vt 0.390625 0.7265625
vt 0.375 0.7265625
vt 0.390625 0.6484375
vt 0.40625 0.6484375
vt 0.40625 0.7265625
vt 0.390625 0.7265625
vt 0.40625 0.6484375
vt 0.421875 0.6484375
vt 0.421875 0.7265625
vt 0.40625 0.7265625
vt 0.421875 0.6484375
vt 0.4375 0.6484375
vt 0.4375 0.7265625
vt 0.421875 0.7265625
vt 0.4375 0.6484375
vt 0.453125 0.6484375
vt 0.453125 0.7265625
vt 0.4375 0.7265625
vt 0.453125 0.6484375
vt 0.46875 0.6484375
vt 0.46875 0.7265625
vt 0.453125 0.7265625
vt 0.46875 0.6484375
vt 0.484375 0.6484375
vt 0.484375 0.7265625
vt 0.46875 0.7265625
vt 0.484375 0.6484375
vt 0.5 0.6484375
vt 0.5 0.7265625
vt 0.484375 0.7265625
vt 0.5 0.6484375
vt 0.515625 0.6484375
vt 0.515625 0.7265625
vt 0.5 0.7265625
vt 0.515625 0.6484375
vt 0.53125 0.6484375
vt 0.53125 0.7265625
vt 0.515625 0.7265625
vt 0.53125 0.6484375
vt 0.546875 0.6484375
vt 0.546875 0.7265625
vt 0.53125 0.7265625
vt 0.546875 0.6484375
vt 0.5625 0.6484375
vt 0.5625 0.7265625
vt 0.546875 0.7265625
vt 0.7890625 0.65625
vt 0.6015625 0.65625
vt 0.7734375 0.6484375
vt 0.7890625 0.6484375
vt 0.6015625 0.65625
vt 0.60026015625 0.65625
vt 0.7578125 0.6484375
vt 0.7734375 0.6484375
vt 0.60026015625 0.65625
vt 0.59895859375 0.65625
vt 0.7421875 0.6484375
vt 0.7578125 0.6484375
vt 0.59895859375 0.65625
vt 0.59765625 0.65625
vt 0.7265625 0.6484375
vt 0.7421875 0.6484375
vt 0.59765625 0.65625
vt 0.59635390625 0.65625
vt 0.7109375 0.6484375
vt 0.7265625 0.6484375
vt 0.59635390625 0.65625
vt 0.59505234375 0.65625
vt 0.6953125 0.6484375
vt 0.7109375 0.6484375
vt 0.59505234375 0.65625
vt 0.59375 0.65625
vt 0.6796875 0.6484375
vt 0.6953125 0.6484375
vt 0.59375 0.65625
vt 0.59244765625 0.65625
vt 0.6640625 0.6484375
vt 0.6796875 0.6484375
vt 0.59244765625 0.65625
vt 0.59114609375 0.65625
vt 0.6484375 0.6484375
vt 0.6640625 0.6484375
vt 0.59114609375 0.65625
vt 0.58984375 0.65625
vt 0.6328125 0.6484375
vt 0.6484375 0.6484375
vt 0.58984375 0.65625
vt 0.58854140625 0.65625
vt 0.6171875 0.6484375
vt 0.6328125 0.6484375
vt 0.58854140625 0.65625
vt 0.58723984375 0.65625
vt 0.6015625 0.6484375
vt 0.6171875 0.6484375
vt 0.34375 0.89453125
vt 0.34375 0.833984375
vt 0.359375 0.833984375
vt 0.359375 0.89453125
vt 0.15625 0.54296875
vt 0.15625 0.482421875
vt 0.28125 0.482421875
vt 0.28125 0.54296875
vt 0.53125 0.98828125
vt 0.53125 0.927734375
vt 0.546875 0.927734375
vt 0.546875 0.98828125
vt 0.4453125 0.546875
vt 0.4453125 0.486328125
vt 0.4609375 0.486328125
vt 0.4609375 0.546875
vt 0.4296875 0.546875
vt 0.4296875 0.486328125
vt 0.4453125 0.486328125
vt 0.4453125 0.546875
vt 0.4140625 0.546875
vt 0.4140625 0.486328125
vt 0.4296875 0.486328125
vt 0.4296875 0.546875
vt 0.3984375 0.546875
vt 0.3984375 0.486328125
vt 0.4140625 0.486328125
vt 0.4140625 0.546875
vt 0.3828125 0.546875
vt 0.3828125 0.486328125
vt 0.3984375 0.486328125
vt 0.3984375 0.546875
vt 0.3671875 0.546875
vt 0.3671875 0.486328125
vt 0.3828125 0.486328125
vt 0.3828125 0.546875
vt 0.3515625 0.546875
vt 0.3515625 0.486328125
vt 0.3671875 0.486328125
vt 0.3671875 0.546875
vt 0.3359375 0.546875
vt 0.3359375 0.486328125
vt 0.3515625 0.486328125
vt 0.3515625 0.546875
vt 0.3203125 0.546875
vt 0.3203125 0.486328125
vt 0.3359375 0.486328125
vt 0.3359375 0.546875
vt 0.3046875 0.546875
vt 0.3046875 0.486328125
vt 0.3203125 0.486328125
vt 0.3203125 0.546875
vt 0.2890625 0.546875
vt 0.2890625 0.486328125
vt 0.3046875 0.486328125
vt 0.3046875 0.546875
vt 0.34375 0.98828125
vt 0.34375 0.927734375
vt 0.359375 0.927734375
vt 0.359375 0.98828125
vt 0.375 0.62890625
vt 0.375 0.568359375
vt 0.5 0.568359375
vt 0.5 0.62890625
vt 0.53125 0.89453125
vt 0.53125 0.833984375
vt 0.546875 0.833984375
vt 0.546875 0.89453125
vt 0.625 0.546875
vt 0.625 0.486328125
vt 0.640625 0.486328125
vt 0.640625 0.546875
vt 0.609375 0.546875
vt 0.609375 0.486328125
vt 0.625 0.486328125
vt 0.625 0.546875
vt 0.59375 0.546875
vt 0.59375 0.486328125
vt 0.609375 0.486328125
vt 0.609375 0.546875
vt 0.578125 0.546875
vt 0.578125 0.486328125
vt 0.59375 0.486328125
vt 0.59375 0.546875
vt 0.5625 0.546875
vt 0.5625 0.486328125
vt 0.578125 0.486328125
vt 0.578125 0.546875
vt 0.546875 0.546875
vt 0.546875 0.486328125
vt 0.5625 0.486328125
vt 0.5625 0.546875
vt 0.53125 0.546875
vt 0.53125 0.486328125
vt 0.546875 0.486328125
vt 0.546875 0.546875
vt 0.515625 0.546875
vt 0.515625 0.486328125
vt 0.53125 0.486328125
vt 0.53125 0.546875
vt 0.5 0.546875
vt 0.5 0.486328125
vt 0.515625 0.486328125
vt 0.515625 0.546875
vt 0.484375 0.546875
vt 0.484375 0.486328125
vt 0.5 0.486328125
vt 0.5 0.546875
vt 0.46875 0.546875
vt 0.46875 0.486328125
vt 0.484375 0.486328125
vt 0.484375 0.546875
vt 0.359375 0.8203125
vt 0.359375 0.833984375
vt 0.34375 0.833984375
vt 0.34375 0.8203125
vt 0.28125 0.46875
vt 0.28125 0.482421875
vt 0.15625 0.482421875
vt 0.15625 0.46875
vt 0.546875 0.9140625
vt 0.546875 0.927734375
vt 0.53125 0.927734375
vt 0.53125 0.9140625
vt 0.53125 0.9140625
vt 0.53125 0.927734375
vt 0.515625 0.927734375
vt 0.515625 0.9140625
vt 0.515625 0.9140625
vt 0.515625 0.927734375
vt 0.5 0.927734375
vt 0.5 0.9140625
vt 0.5 0.9140625
vt 0.5 0.927734375
vt 0.484375 0.927734375
vt 0.484375 0.9140625
vt 0.484375 0.9140625
vt 0.484375 0.927734375
vt 0.46875 0.927734375
vt 0.46875 0.9140625
vt 0.46875 0.9140625
vt 0.46875 0.927734375
vt 0.453125 0.927734375
vt 0.453125 0.9140625
vt 0.453125 0.9140625
vt 0.453125 0.927734375
vt 0.4375 0.927734375
vt 0.4375 0.9140625
vt 0.4375 0.9140625
vt 0.4375 0.927734375
vt 0.421875 0.927734375
vt 0.421875 0.9140625
vt 0.421875 0.9140625
vt 0.421875 0.927734375
vt 0.40625 0.927734375
vt 0.40625 0.9140625
vt 0.40625 0.9140625
vt 0.40625 0.927734375
vt 0.390625 0.927734375
vt 0.390625 0.9140625
vt 0.390625 0.9140625
vt 0.390625 0.927734375
vt 0.375 0.927734375
vt 0.375 0.9140625
vt 0.375 0.9140625
vt 0.375 0.927734375
vt 0.359375 0.927734375
vt 0.359375 0.9140625
vt 0.359375 0.9140625
vt 0.359375 0.927734375
vt 0.34375 0.927734375
vt 0.34375 0.9140625
vt 0.5 0.5546875
vt 0.5 0.568359375
vt 0.375 0.568359375
vt 0.375 0.5546875
vt 0.546875 0.8203125
vt 0.546875 0.833984375
vt 0.53125 0.833984375
vt 0.53125 0.8203125
vt 0.53125 0.8203125
vt 0.53125 0.833984375
vt 0.515625 0.833984375
vt 0.515625 0.8203125
vt 0.515625 0.8203125
vt 0.515625 0.833984375
vt 0.5 0.833984375
vt 0.5 0.8203125
vt 0.5 0.8203125
vt 0.5 0.833984375
vt 0.484375 0.833984375
vt 0.484375 0.8203125
vt 0.484375 0.8203125
vt 0.484375 0.833984375
vt 0.46875 0.833984375
vt 0.46875 0.8203125
vt 0.46875 0.8203125
vt 0.46875 0.833984375
vt 0.453125 0.833984375
vt 0.453125 0.8203125
vt 0.453125 0.8203125
vt 0.453125 0.833984375
vt 0.4375 0.833984375
vt 0.4375 0.8203125
vt 0.4375 0.8203125
vt 0.4375 0.833984375
vt 0.421875 0.833984375
vt 0.421875 0.8203125
vt 0.421875 0.8203125
vt 0.421875 0.833984375
vt 0.40625 0.833984375
vt 0.40625 0.8203125
vt 0.40625 0.8203125
vt 0.40625 0.833984375
vt 0.390625 0.833984375
vt 0.390625 0.8203125
vt 0.390625 0.8203125
vt 0.390625 0.833984375
vt 0.375 0.833984375
vt 0.375 0.8203125
vt 0.375 0.8203125
vt 0.375 0.833984375
vt 0.359375 0.833984375
vt 0.359375 0.8203125
vt 0.216796875 0.171875
vt 0.216796875 0.1875
vt 0.212890625 0.1875
vt 0.212890625 0.171875
vt 0.1328125 0.5390625
vt 0.1328125 0.4765625
vt 0.140625 0.4765625
vt 0.140625 0.5390625
vt 0.232421875 0.3125
vt 0.232421875 0.328125
vt 0.228515625 0.328125
vt 0.228515625 0.3125
vt 0.216796875 0.1875
vt 0.216796875 0.203125
vt 0.212890625 0.203125
vt 0.212890625 0.1875
vt 0.232421875 0.296875
vt 0.232421875 0.3125
vt 0.228515625 0.3125
vt 0.228515625 0.296875
vt 0.216796875 0.203125
vt 0.216796875 0.21875
vt 0.212890625 0.21875
vt 0.212890625 0.203125
vt 0.232421875 0.28125
vt 0.232421875 0.296875
vt 0.228515625 0.296875
vt 0.228515625 0.28125
vt 0.216796875 0.21875
vt 0.216796875 0.234375
vt 0.212890625 0.234375
vt 0.212890625 0.21875
vt 0.232421875 0.265625
vt 0.232421875 0.28125
vt 0.228515625 0.28125
vt 0.228515625 0.265625
vt 0.216796875 0.234375
vt 0.216796875 0.25
vt 0.212890625 0.25
vt 0.212890625 0.234375
vt 0.232421875 0.25
vt 0.232421875 0.265625
vt 0.228515625 0.265625
vt 0.228515625 0.25
vt 0.216796875 0.25
vt 0.216796875 0.265625
vt 0.212890625 0.265625
vt 0.212890625 0.25
vt 0.232421875 0.234375
vt 0.232421875 0.25
vt 0.228515625 0.25
vt 0.228515625 0.234375
vt 0.216796875 0.265625
vt 0.216796875 0.28125
vt 0.212890625 0.28125
vt 0.212890625 0.265625
vt 0.232421875 0.21875
vt 0.232421875 0.234375
vt 0.228515625 0.234375
vt 0.228515625 0.21875
vt 0.216796875 0.28125
vt 0.216796875 0.296875
vt 0.212890625 0.296875
vt 0.212890625 0.28125
vt 0.232421875 0.203125
vt 0.232421875 0.21875
vt 0.228515625 0.21875
vt 0.228515625 0.203125
vt 0.216796875 0.296875
vt 0.216796875 0.3125
vt 0.212890625 0.3125
vt 0.212890625 0.296875
vt 0.232421875 0.1875
vt 0.232421875 0.203125
vt 0.228515625 0.203125
vt 0.228515625 0.1875
vt 0.216796875 0.3125
vt 0.216796875 0.328125
vt 0.212890625 0.328125
vt 0.212890625 0.3125
vt 0.232421875 0.171875
vt 0.232421875 0.1875
vt 0.228515625 0.1875
vt 0.228515625 0.171875
vt 0.6328125 0.265625
vt 0.6328125 0.328125
vt 0.625 0.328125
vt 0.625 0.265625
vt 0.216796875 0.328125
vt 0.216796875 0.34375
vt 0.212890625 0.34375
vt 0.212890625 0.328125
vt 0.232421875 0.15625
vt 0.232421875 0.171875
vt 0.228515625 0.171875
vt 0.228515625 0.15625
vt 0.595703125 0.328125
vt 0.595703125 0.3125
vt 0.599609375 0.3125
vt 0.599609375 0.328125
vt 0.640625 0.328125
vt 0.640625 0.265625
vt 0.6484375 0.265625
vt 0.6484375 0.328125
vt 0.611328125 0.171875
vt 0.611328125 0.15625
vt 0.615234375 0.15625
vt 0.615234375 0.171875
vt 0.595703125 0.3125
vt 0.595703125 0.296875
vt 0.599609375 0.296875
vt 0.599609375 0.3125
vt 0.611328125 0.1875
vt 0.611328125 0.171875
vt 0.615234375 0.171875
vt 0.615234375 0.1875
vt 0.595703125 0.296875
vt 0.595703125 0.28125
vt 0.599609375 0.28125
vt 0.599609375 0.296875
vt 0.611328125 0.203125
vt 0.611328125 0.1875
vt 0.615234375 0.1875
vt 0.615234375 0.203125
vt 0.595703125 0.28125
vt 0.595703125 0.265625
vt 0.599609375 0.265625
vt 0.599609375 0.28125
vt 0.611328125 0.21875
vt 0.611328125 0.203125
vt 0.615234375 0.203125
vt 0.615234375 0.21875
vt 0.595703125 0.265625
vt 0.595703125 0.25
vt 0.599609375 0.25
vt 0.599609375 0.265625
vt 0.611328125 0.234375
vt 0.611328125 0.21875
vt 0.615234375 0.21875
vt 0.615234375 0.234375
vt 0.595703125 0.25
vt 0.595703125 0.234375
vt 0.599609375 0.234375
vt 0.599609375 0.25
vt 0.611328125 0.25
vt 0.611328125 0.234375
vt 0.615234375 0.234375
vt 0.615234375 0.25
vt 0.595703125 0.234375
vt 0.595703125 0.21875
vt 0.599609375 0.21875
vt 0.599609375 0.234375
vt 0.611328125 0.265625
vt 0.611328125 0.25
vt 0.615234375 0.25
vt 0.615234375 0.265625
vt 0.595703125 0.21875
vt 0.595703125 0.203125
vt 0.599609375 0.203125
vt 0.599609375 0.21875
vt 0.611328125 0.28125
vt 0.611328125 0.265625
vt 0.615234375 0.265625
vt 0.615234375 0.28125
vt 0.595703125 0.203125
vt 0.595703125 0.1875
vt 0.599609375 0.1875
vt 0.599609375 0.203125
vt 0.611328125 0.296875
vt 0.611328125 0.28125
vt 0.615234375 0.28125
vt 0.615234375 0.296875
vt 0.595703125 0.1875
vt 0.595703125 0.171875
vt 0.599609375 0.171875
vt 0.599609375 0.1875
vt 0.611328125 0.3125
vt 0.611328125 0.296875
vt 0.615234375 0.296875
vt 0.615234375 0.3125
vt 0.6640625 0.265625
vt 0.6640625 0.328125
vt 0.65625 0.328125
vt 0.65625 0.265625
vt 0.595703125 0.171875
vt 0.595703125 0.15625
vt 0.599609375 0.15625
vt 0.599609375 0.171875
vt 0.611328125 0.328125
vt 0.611328125 0.3125
vt 0.615234375 0.3125
vt 0.615234375 0.328125
vn 1 0 0
vn -1 0 0
vn 0 -1 0
vn 0 0 1
vn 0 0 -1
vn 0 1 0
vn 0 1 0
vn -1 0 0
vn 0 0 1
vn 0 0 -1
vn 1 0 0
vn 1 0 0
vn 0 0 -1
vn -1 0 0
vn 0 0 1
vn 0 -1 0
vn 0 -1 0
vn 0 -1 0
vn 0 1 0
vn 0 1 0
vn 0 1 0
vn 0 1 0
vn 0 1 0
vn 0 1 0
vn 0 1 0
vn 0 1 0
vn 0 1 0
vn 0 1 0
vn 0 1 0
vn -1 0 0
vn -1 0 0
vn -1 0 0
vn -1 0 0
vn -1 0 0
vn -1 0 0
vn -1 0 0
vn -1 0 0
vn -1 0 0
vn -1 0 0
vn -1 0 0
vn -1 0 0
vn 0 -1 0
vn 0 -1 0
vn 0 -1 0
vn 0 -1 0
vn 0 -1 0
vn 0 -1 0
vn 0 -1 0
vn 0 -1 0
vn 0 -1 0
vn 0 -1 0
vn 0 -1 0
vn 0 -1 0
vn 1 0 0
vn 1 0 0
vn 1 0 0
vn 1 0 0
vn 1 0 0
vn 1 0 0
vn 1 0 0
vn 1 0 0
vn 1 0 0
vn 1 0 0
vn 1 0 0
vn 1 0 0
vn 0 1 0
vn 0 1 0
vn 0 1 0
vn 0 1 0
vn 0 1 0
vn 0 1 0
vn 0 1 0
vn 0 1 0
vn 0 1 0
vn 0 1 0
vn 0 1 0
vn -1 0 0
vn -1 0 0
vn -1 0 0
vn -1 0 0
vn -1 0 0
vn -1 0 0
vn -1 0 0
vn -1 0 0
vn -1 0 0
vn -1 0 0
vn -1 0 0
vn -1 0 0
vn 0 -1 0
vn 0 -1 0
vn 0 -1 0
vn 0 -1 0
vn 0 -1 0
vn 0 -1 0
vn 0 -1 0
vn 0 -1 0
vn 0 -1 0
vn 0 -1 0
vn 0 -1 0
vn 0 -1 0
vn 0 -1 0
vn 0 -1 0
vn 0 -1 0
vn 0 -1 0
vn 0 -1 0
vn 0 -1 0
vn 0 -1 0
vn 0 -1 0
vn 0 -1 0
vn 0 -1 0
vn 0 -1 0
vn 0 -1 0
vn -1 0 0
vn -1 0 0
vn -1 0 0
vn -1 0 0
vn -1 0 0
vn -1 0 0
vn -1 0 0
vn -1 0 0
vn -1 0 0
vn -1 0 0
vn -1 0 0
vn -1 0 0
vn 1 0 0
vn 1 0 0
vn 1 0 0
vn 1 0 0
vn 1 0 0
vn 1 0 0
vn 1 0 0
vn 1 0 0
vn 1 0 0
vn 1 0 0
vn 1 0 0
vn 1 0 0
vn 1 0 0
vn 1 0 0
vn 1 0 0
vn 1 0 0
vn 1 0 0
vn 1 0 0
vn 1 0 0
vn 1 0 0
vn 1 0 0
vn 1 0 0
vn 1 0 0
vn 1 0 0
vn -1 0 0
vn 0 0 -1
vn 1 0 0
vn 1 0 0
vn 1 0 0
vn 1 0 0
vn 1 0 0
vn 1 0 0
vn 1 0 0
vn 1 0 0
vn 1 0 0
vn 1 0 0
vn 1 0 0
vn 1 0 0
vn 1 0 0
vn 0 0 1
vn -1 0 0
vn -1 0 0
vn -1 0 0
vn -1 0 0
vn -1 0 0
vn -1 0 0
vn -1 0 0
vn -1 0 0
vn -1 0 0
vn -1 0 0
vn -1 0 0
vn -1 0 0
vn -1 0 0
vn 0 0 -1
vn 1 0 0
vn 1 0 0
vn 1 0 0
vn 1 0 0
vn 1 0 0
vn 1 0 0
vn 1 0 0
vn 1 0 0
vn 1 0 0
vn 1 0 0
vn 1 0 0
vn 1 0 0
vn 1 0 0
vn 0 0 1
vn -1 0 0
vn -1 0 0
vn -1 0 0
vn -1 0 0
vn -1 0 0
vn -1 0 0
vn -1 0 0
vn -1 0 0
vn -1 0 0
vn -1 0 0
vn -1 0 0
vn -1 0 0
vn 0 1 0
vn 0 0 -1
vn 0 -1 0
vn 0 1 0
vn 0 -1 0
vn 0 1 0
vn 0 -1 0
vn 0 1 0
vn 0 -1 0
vn 0 1 0
vn 0 -1 0
vn 0 1 0
vn 0 -1 0
vn 0 1 0
vn 0 -1 0
vn 0 1 0
vn 0 -1 0
vn 0 1 0
vn 0 -1 0
vn 0 1 0
vn 0 -1 0
vn 0 0 1
vn 0 1 0
vn 0 -1 0
vn 0 1 0
vn 0 0 1
vn 0 -1 0
vn 0 1 0
vn 0 -1 0
vn 0 1 0
vn 0 -1 0
vn 0 1 0
vn 0 -1 0
vn 0 1 0
vn 0 -1 0
vn 0 1 0
vn 0 -1 0
vn 0 1 0
vn 0 -1 0
vn 0 1 0
vn 0 -1 0
vn 0 1 0
vn 0 -1 0
vn 0 1 0
vn 0 -1 0
vn 0 0 -1
vn 0 1 0
vn 0 -1 0
usemtl m_62f8f30c-eb80-e2d8-c1ab-420580141a02
f 292/865/241 402/866/241 401/867/241 202/868/241
f 206/869/242 400/870/242 399/871/242 256/872/242
f 204/873/243 280/874/243 268/875/243 208/876/243
f 205/877/244 415/878/244 414/879/244 201/880/244
f 202/881/245 401/882/245 400/883/245 206/884/245
f 201/885/246 211/886/246 212/887/246 205/888/246
f 206/889/247 215/890/247 216/891/247 202/892/247
f 217/893/248 316/894/248 304/895/248 213/896/248
f 215/897/249 219/898/249 220/899/249 216/900/249
f 211/901/250 221/902/250 222/903/250 212/904/250
f 210/905/251 255/906/251 375/907/251 224/908/251
f 225/909/252 398/910/252 397/911/252 209/912/252
f 211/913/253 227/914/253 228/915/253 212/916/253
f 214/917/254 363/918/254 362/919/254 230/920/254
f 215/921/255 231/922/255 232/923/255 216/924/255
f 220/925/256 328/926/256 316/927/256 217/928/256
f 218/929/257 223/930/257 222/931/257 219/932/257
f 217/933/258 316/934/258 340/935/258 224/936/258
f 233/937/259 235/938/259 236/939/259 234/940/259
f 235/941/260 237/942/260 238/943/260 236/944/260
f 237/945/261 239/946/261 240/947/261 238/948/261
f 239/949/262 241/950/262 242/951/262 240/952/262
f 241/953/263 243/954/263 244/955/263 242/956/263
f 243/957/264 245/958/264 246/959/264 244/960/264
f 245/961/265 247/962/265 248/963/265 246/964/265
f 247/965/266 249/966/266 250/967/266 248/968/266
f 249/969/267 251/970/267 252/971/267 250/972/267
f 251/973/268 253/974/268 254/975/268 252/976/268
f 253/977/269 255/978/269 256/979/269 254/980/269
f 234/981/270 416/982/270 415/983/270 205/984/270
f 236/985/271 417/986/271 416/987/271 234/988/271
f 238/989/272 418/990/272 417/991/272 236/992/272
f 240/993/273 419/994/273 418/995/273 238/996/273
f 242/997/274 420/998/274 419/999/274 240/1000/274
f 244/1001/275 421/1002/275 420/1003/275 242/1004/275
f 246/1005/276 422/1006/276 421/1007/276 244/1008/276
f 248/1009/277 423/1010/277 422/1011/277 246/1012/277
f 250/1013/278 424/1014/278 423/1015/278 248/1016/278
f 252/1017/279 425/1018/279 424/1019/279 250/1020/279
f 254/1021/280 426/1022/280 425/1023/280 252/1024/280
f 256/1025/281 399/1026/281 426/1027/281 254/1028/281
f 207/1029/282 257/1030/282 269/1031/282 203/1032/282
f 257/1033/283 258/1034/283 270/1035/283 269/1036/283
f 258/1037/284 259/1038/284 271/1039/284 270/1040/284
f 259/1041/285 260/1042/285 272/1043/285 271/1044/285
f 260/1045/286 261/1046/286 273/1047/286 272/1048/286
f 261/1049/287 262/1050/287 274/1051/287 273/1052/287
f 262/1053/288 263/1054/288 275/1055/288 274/1056/288
f 263/1057/289 264/1058/289 276/1059/289 275/1060/289
f 264/1061/290 265/1062/290 277/1063/290 276/1064/290
f 265/1065/291 266/1066/291 278/1067/291 277/1068/291
f 266/1069/292 267/1070/292 279/1071/292 278/1072/292
f 267/1073/293 268/1074/293 280/1075/293 279/1076/293
f 201/1077/294 414/1078/294 413/1079/294 281/1080/294
f 281/1081/295 413/1082/295 412/1083/295 282/1084/295
f 282/1085/296 412/1086/296 411/1087/296 283/1088/296
f 283/1089/297 411/1090/297 410/1091/297 284/1092/297
f 284/1093/298 410/1094/298 409/1095/298 285/1096/298
f 285/1097/299 409/1098/299 408/1099/299 286/1100/299
f 286/1101/300 408/1102/300 407/1103/300 287/1104/300
f 287/1105/301 407/1106/301 406/1107/301 288/1108/301
f 288/1109/302 406/1110/302 405/1111/302 289/1112/302
f 289/1113/303 405/1114/303 404/1115/303 290/1116/303
f 290/1117/304 404/1118/304 403/1119/304 291/1120/304
f 291/1121/305 403/1122/305 402/1123/305 292/1124/305
f 281/1125/306 282/1126/306 294/1127/306 293/1128/306
f 282/1129/307 283/1130/307 295/1131/307 294/1132/307
f 283/1133/308 284/1134/308 296/1135/308 295/1136/308
f 284/1137/309 285/1138/309 297/1139/309 296/1140/309
f 285/1141/310 286/1142/310 298/1143/310 297/1144/310
f 286/1145/311 287/1146/311 299/1147/311 298/1148/311
f 287/1149/312 288/1150/312 300/1151/312 299/1152/312
f 288/1153/313 289/1154/313 301/1155/313 300/1156/313
f 289/1157/314 290/1158/314 302/1159/314 301/1160/314
f 290/1161/315 291/1162/315 303/1163/315 302/1164/315
f 291/1165/316 292/1166/316 304/1167/316 303/1168/316
f 214/1169/317 293/1170/317 305/1171/317 218/1172/317
f 293/1173/318 294/1174/318 306/1175/318 305/1176/318
f 294/1177/319 295/1178/319 307/1179/319 306/1180/319
f 295/1181/320 296/1182/320 308/1183/320 307/1184/320
f 296/1185/321 297/1186/321 309/1187/321 308/1188/321
f 297/1189/322 298/1190/322 310/1191/322 309/1192/322
f 298/1193/323 299/1194/323 311/1195/323 310/1196/323
f 299/1197/324 300/1198/324 312/1199/324 311/1200/324
f 300/1201/325 301/1202/325 313/1203/325 312/1204/325
f 301/1205/326 302/1206/326 314/1207/326 313/1208/326
f 302/1209/327 303/1210/327 315/1211/327 314/1212/327
f 303/1213/328 304/1214/328 316/1215/328 315/1216/328
f 218/1217/329 305/1218/329 317/1219/329 221/1220/329
f 305/1221/330 306/1222/330 318/1223/330 317/1224/330
f 306/1225/331 307/1226/331 319/1227/331 318/1228/331
f 307/1229/332 308/1230/332 320/1231/332 319/1232/332
f 308/1233/333 309/1234/333 321/1235/333 320/1236/333
f 309/1237/334 310/1238/334 322/1239/334 321/1240/334
f 310/1241/335 311/1242/335 323/1243/335 322/1244/335
f 311/1245/336 312/1246/336 324/1247/336 323/1248/336
f 312/1249/337 313/1250/337 325/1251/337 324/1252/337
f 313/1253/338 314/1254/338 326/1255/338 325/1256/338
f 314/1257/339 315/1258/339 327/1259/339 326/1260/339
f 315/1261/340 316/1262/340 328/1263/340 327/1264/340
f 219/1265/341 329/1266/341 305/1267/341 218/1268/341
f 329/1269/342 330/1270/342 306/1271/342 305/1272/342
f 330/1273/343 331/1274/343 307/1275/343 306/1276/343
f 331/1277/344 332/1278/344 308/1279/344 307/1280/344
f 332/1281/345 333/1282/345 309/1283/345 308/1284/345
f 333/1285/346 334/1286/346 310/1287/346 309/1288/346
f 334/1289/347 335/1290/347 311/1291/347 310/1292/347
f 335/1293/348 336/1294/348 312/1295/348 311/1296/348
f 336/1297/349 337/1298/349 313/1299/349 312/1300/349
f 337/1301/350 338/1302/350 314/1303/350 313/1304/350
f 338/1305/351 339/1306/351 315/1307/351 314/1308/351
f 339/1309/352 340/1310/352 316/1311/352 315/1312/352
f 229/1313/353 341/1314/353 293/1315/353 213/1316/353
f 341/1317/354 342/1318/354 343/1319/354 293/1320/354
f 342/1321/355 344/1322/355 345/1323/355 343/1324/355
f 344/1325/356 346/1326/356 347/1327/356 345/1328/356
f 346/1329/357 348/1330/357 349/1331/357 347/1332/357
f 348/1333/358 350/1334/358 351/1335/358 349/1336/358
f 350/1337/359 352/1338/359 353/1339/359 351/1340/359
f 352/1341/360 354/1342/360 355/1343/360 353/1344/360
f 354/1345/361 356/1346/361 357/1347/361 355/1348/361
f 356/1349/362 358/1350/362 359/1351/362 357/1352/362
f 358/1353/363 360/1354/363 361/1355/363 359/1356/363
f 360/1357/364 362/1358/364 363/1359/364 361/1360/364
f 223/1361/365 364/1362/365 233/1363/365 209/1364/365
f 364/1365/366 365/1366/366 235/1367/366 233/1368/366
f 365/1369/367 366/1370/367 237/1371/367 235/1372/367
f 366/1373/368 367/1374/368 239/1375/368 237/1376/368
f 367/1377/369 368/1378/369 241/1379/369 239/1380/369
f 368/1381/370 369/1382/370 243/1383/370 241/1384/370
f 369/1385/371 370/1386/371 245/1387/371 243/1388/371
f 370/1389/372 371/1390/372 247/1391/372 245/1392/372
f 371/1393/373 372/1394/373 249/1395/373 247/1396/373
f 372/1397/374 373/1398/374 251/1399/374 249/1400/374
f 373/1401/375 374/1402/375 253/1403/375 251/1404/375
f 374/1405/376 375/1406/376 255/1407/376 253/1408/376
f 210/1409/377 233/1410/377 376/1411/377 226/1412/377
f 233/1413/378 377/1414/378 378/1415/378 376/1416/378
f 377/1417/379 379/1418/379 380/1419/379 378/1420/379
f 379/1421/380 381/1422/380 382/1423/380 380/1424/380
f 381/1425/381 383/1426/381 384/1427/381 382/1428/381
f 383/1429/382 385/1430/382 386/1431/382 384/1432/382
f 385/1433/383 387/1434/383 388/1435/383 386/1436/383
f 387/1437/384 389/1438/384 390/1439/384 388/1440/384
f 389/1441/385 391/1442/385 392/1443/385 390/1444/385
f 391/1445/386 393/1446/386 394/1447/386 392/1448/386
f 393/1449/387 395/1450/387 396/1451/387 394/1452/387
f 395/1453/388 397/1454/388 398/1455/388 396/1456/388
f 400/1457/389 428/1458/389 427/1459/389 399/1460/389
f 401/1461/390 429/1462/390 428/1463/390 400/1464/390
f 402/1465/391 430/1466/391 429/1467/391 401/1468/391
f 479/1469/392 481/1470/392 480/1471/392 482/1472/392
f 483/1473/393 484/1474/393 481/1475/393 479/1476/393
f 485/1477/394 486/1478/394 484/1479/394 483/1480/394
f 487/1481/395 488/1482/395 486/1483/395 485/1484/395
f 489/1485/396 490/1486/396 488/1487/396 487/1488/396
f 491/1489/397 492/1490/397 490/1491/397 489/1492/397
f 493/1493/398 494/1494/398 492/1495/398 491/1496/398
f 495/1497/399 496/1498/399 494/1499/399 493/1500/399
f 497/1501/400 498/1502/400 496/1503/400 495/1504/400
f 499/1505/401 500/1506/401 498/1507/401 497/1508/401
f 501/1509/402 502/1510/402 500/1511/402 499/1512/402
f 414/1513/403 442/1514/403 441/1515/403 413/1516/403
f 415/1517/404 443/1518/404 442/1519/404 414/1520/404
f 416/1521/405 444/1522/405 443/1523/405 415/1524/405
f 455/1525/406 457/1526/406 456/1527/406 458/1528/406
f 459/1529/407 460/1530/407 457/1531/407 455/1532/407
f 461/1533/408 462/1534/408 460/1535/408 459/1536/408
f 463/1537/409 464/1538/409 462/1539/409 461/1540/409
f 465/1541/410 466/1542/410 464/1543/410 463/1544/410
f 467/1545/411 468/1546/411 466/1547/411 465/1548/411
f 469/1549/412 470/1550/412 468/1551/412 467/1552/412
f 471/1553/413 472/1554/413 470/1555/413 469/1556/413
f 473/1557/414 474/1558/414 472/1559/414 471/1560/414
f 475/1561/415 476/1562/415 474/1563/415 473/1564/415
f 477/1565/416 478/1566/416 476/1567/416 475/1568/416
f 268/1569/417 427/1570/417 428/1571/417 208/1572/417
f 208/1573/418 428/1574/418 429/1575/418 204/1576/418
f 204/1577/419 429/1578/419 430/1579/419 280/1580/419
f 280/1581/420 430/1582/420 431/1583/420 279/1584/420
f 279/1585/421 431/1586/421 432/1587/421 278/1588/421
f 278/1589/422 432/1590/422 433/1591/422 277/1592/422
f 277/1593/423 433/1594/423 434/1595/423 276/1596/423
f 276/1597/424 434/1598/424 435/1599/424 275/1600/424
f 275/1601/425 435/1602/425 436/1603/425 274/1604/425
f 274/1605/426 436/1606/426 437/1607/426 273/1608/426
f 273/1609/427 437/1610/427 438/1611/427 272/1612/427
f 272/1613/428 438/1614/428 439/1615/428 271/1616/428
f 271/1617/429 439/1618/429 440/1619/429 270/1620/429
f 270/1621/430 440/1622/430 441/1623/430 269/1624/430
f 269/1625/431 441/1626/431 442/1627/431 203/1628/431
f 203/1629/432 442/1630/432 443/1631/432 207/1632/432
f 207/1633/433 443/1634/433 444/1635/433 257/1636/433
f 257/1637/434 444/1638/434 445/1639/434 258/1640/434
f 258/1641/435 445/1642/435 446/1643/435 259/1644/435
f 259/1645/436 446/1646/436 447/1647/436 260/1648/436
f 260/1649/437 447/1650/437 448/1651/437 261/1652/437
f 261/1653/438 448/1654/438 449/1655/438 262/1656/438
f 262/1657/439 449/1658/439 450/1659/439 263/1660/439
f 263/1661/440 450/1662/440 451/1663/440 264/1664/440
f 264/1665/441 451/1666/441 452/1667/441 265/1668/441
f 265/1669/442 452/1670/442 453/1671/442 266/1672/442
f 266/1673/443 453/1674/443 454/1675/443 267/1676/443
f 267/1677/444 454/1678/444 427/1679/444 268/1680/444
f 456/1681/445 457/1682/445 445/1683/445 444/1684/445
f 458/1685/446 456/1686/446 444/1687/446 416/1688/446
f 455/1689/447 458/1690/447 416/1691/447 417/1692/447
f 457/1693/448 460/1694/448 446/1695/448 445/1696/448
f 459/1697/449 455/1698/449 417/1699/449 418/1700/449
f 460/1701/450 462/1702/450 447/1703/450 446/1704/450
f 461/1705/451 459/1706/451 418/1707/451 419/1708/451
f 462/1709/452 464/1710/452 448/1711/452 447/1712/452
f 463/1713/453 461/1714/453 419/1715/453 420/1716/453
f 464/1717/454 466/1718/454 449/1719/454 448/1720/454
f 465/1721/455 463/1722/455 420/1723/455 421/1724/455
f 466/1725/456 468/1726/456 450/1727/456 449/1728/456
f 467/1729/457 465/1730/457 421/1731/457 422/1732/457
f 468/1733/458 470/1734/458 451/1735/458 450/1736/458
f 469/1737/459 467/1738/459 422/1739/459 423/1740/459
f 470/1741/460 472/1742/460 452/1743/460 451/1744/460
f 471/1745/461 469/1746/461 423/1747/461 424/1748/461
f 472/1749/462 474/1750/462 453/1751/462 452/1752/462
f 473/1753/463 471/1754/463 424/1755/463 425/1756/463
f 474/1757/464 476/1758/464 454/1759/464 453/1760/464
f 475/1761/465 473/1762/465 425/1763/465 426/1764/465
f 478/1765/466 477/1766/466 399/1767/466 427/1768/466
f 476/1769/467 478/1770/467 427/1771/467 454/1772/467
f 477/1773/468 475/1774/468 426/1775/468 399/1776/468
f 480/1777/469 481/1778/469 431/1779/469 430/1780/469
f 482/1781/470 480/1782/470 430/1783/470 402/1784/470
f 479/1785/471 482/1786/471 402/1787/471 403/1788/471
f 481/1789/472 484/1790/472 432/1791/472 431/1792/472
f 483/1793/473 479/1794/473 403/1795/473 404/1796/473
f 484/1797/474 486/1798/474 433/1799/474 432/1800/474
f 485/1801/475 483/1802/475 404/1803/475 405/1804/475
f 486/1805/476 488/1806/476 434/1807/476 433/1808/476
f 487/1809/477 485/1810/477 405/1811/477 406/1812/477
f 488/1813/478 490/1814/478 435/1815/478 434/1816/478
f 489/1817/479 487/1818/479 406/1819/479 407/1820/479
f 490/1821/480 492/1822/480 436/1823/480 435/1824/480
f 491/1825/481 489/1826/481 407/1827/481 408/1828/481
f 492/1829/482 494/1830/482 437/1831/482 436/1832/482
f 493/1833/483 491/1834/483 408/1835/483 409/1836/483
f 494/1837/484 496/1838/484 438/1839/484 437/1840/484
f 495/1841/485 493/1842/485 409/1843/485 410/1844/485
f 496/1845/486 498/1846/486 439/1847/486 438/1848/486
f 497/1849/487 495/1850/487 410/1851/487 411/1852/487
f 498/1853/488 500/1854/488 440/1855/488 439/1856/488
f 499/1857/489 497/1858/489 411/1859/489 412/1860/489
f 502/1861/490 501/1862/490 413/1863/490 441/1864/490
f 500/1865/491 502/1866/491 441/1867/491 440/1868/491
f 501/1869/492 499/1870/492 412/1871/492 413/1872/492
o mesh
v 0.6875 0.625 0.8125
v 0.6875 0.625 -0.8125
v 0.6875 0.5 0.8125
v 0.6875 0.5 -0.8125
v -0.6875 0.625 0.8125
v -0.6875 0.625 -0.8125
v -0.6875 0.5 0.8125
v -0.6875 0.5 -0.8125
v -0.5 0.625 0.8125
v -0.5 0.5 0.8125
v -0.5 0.5 -0.8125
v -0.5 0.625 -0.8125
v 0.5 0.625 0.8125
v 0.5 0.5 0.8125
v 0.5 0.5 -0.8125
v 0.5 0.625 -0.8125
v -0.6875 0.625 -0.6875
v -0.6875 0.5 -0.6875
v -0.5 0.5 -0.6875
v 0.5 0.5 -0.6875
v 0.6875 0.5 -0.6875
v 0.6875 0.625 -0.6875
v 0.5 0.625 -0.6875
v -0.5 0.625 -0.6875
v -0.6875 0.5 0.6875
v -0.6875 0.625 0.6875
v -0.5 0.625 0.6875
v 0.5 0.625 0.6875
v 0.6875 0.625 0.6875
v 0.6875 0.5 0.6875
v 0.5 0.5 0.6875
v -0.5 0.5 0.6875
v -0.6875 0.5 0.09375
v -0.6875 0.625 0.09375
v -0.5 0.625 0.09375
v 0.5 0.625 0.09375
v 0.6875 0.625 0.09375
v 0.6875 0.5 0.09375
v 0.5 0.5 0.09375
v -0.5 0.5 0.09375
v -0.6875 0.625 -0.09375
v -0.6875 0.5 -0.09375
v -0.5 0.5 -0.09375
v 0.5 0.5 -0.09375
v 0.6875 0.5 -0.09375
v 0.6875 0.625 -0.09375
v 0.5 0.625 -0.09375
v -0.5 0.625 -0.09375
v -0.6875 0.625 0.09375
v -0.6875 0.625 0.6875
v -0.6875 0.75 0.09375
v -0.6875 0.75 0.6875
v -0.5 0.75 0.09375
v -0.5 0.75 0.6875
v -0.6875 0.625 -0.6875
v -0.6875 0.625 -0.09375
v -0.6875 0.75 -0.6875
v -0.6875 0.75 -0.09375
v -0.5 0.75 -0.09375
v -0.5 0.75 -0.6875
v 0.6875 0.625 0.6875
v 0.6875 0.625 0.09375
v 0.6875 0.625 -0.09375
v 0.6875 0.625 -0.6875
v 0.6875 0.75 0.6875
v 0.6875 0.75 0.09375
v 0.5 0.75 0.09375
v 0.5 0.75 0.6875
v 0.6875 0.75 -0.09375
v 0.6875 0.75 -0.6875
v 0.5 0.75 -0.09375
v 0.5 0.75 -0.6875
v 0.6875 0.5 -0.9375
v 0.5 0.5 -0.9375
v 0.5 0.625 -0.9375
v 0.6875 0.625 -0.9375
v -0.5 0.625 -0.9375
v -0.5 0.5 -0.9375
v -0.6875 0.625 -0.9375
v -0.6875 0.5 -0.9375
v 0.5 0.3125 -0.9375
v 0.6875 0.3125 -0.9375
v 0.6875 0.3125 -0.8125
v 0.5 0.3125 -0.8125
v -0.5 0.3125 -0.9375
v -0.5 0.3125 -0.8125
v -0.6875 0.3125 -0.9375
v -0.6875 0.3125 -0.8125
v -0.6875 0.5 0.9375
v -0.5 0.625 0.9375
v -0.5 0.5 0.9375
v -0.6875 0.625 0.9375
v 0.5 0.625 0.9375
v 0.5 0.5 0.9375
v 0.6875 0.625 0.9375
v 0.6875 0.5 0.9375
v -0.5 0.3125 0.9375
v -0.6875 0.3125 0.9375
v -0.6875 0.3125 0.8125
v -0.5 0.3125 0.8125
v 0.5 0.3125 0.9375
v 0.5 0.3125 0.8125
v 0.6875 0.3125 0.9375
v 0.6875 0.3125 0.8125
vt 0.34375 0.8125
vt 0.328125 0.8125
vt 0.328125 0.796875
vt 0.34375 0.796875
vt 0.296875 0.71875
vt 0.3125 0.71875
vt 0.3125 0.734375
vt 0.296875 0.734375
vt 0 0.984375
vt 0 0.96875
vt 0.0234375 0.96875
vt 0.0234375 0.984375
vt 0.1875 0.7421875
vt 0.1875 0.7578125
vt 0.1640625 0.7578125
vt 0.1640625 0.7421875
vt 0.2890625 0.4609375
vt 0.3125 0.4609375
vt 0.3125 0.4765625
vt 0.2890625 0.4765625
vt 0.3125 0.4609375
vt 0.4375 0.4609375
vt 0.4375 0.4765625
vt 0.3125 0.4765625
vt 0.3125 0.7421875
vt 0.3125 0.7578125
vt 0.1875 0.7578125
vt 0.1875 0.7421875
vt 0.0234375 0.984375
vt 0.0234375 0.96875
vt 0.1484375 0.96875
vt 0.1484375 0.984375
vt 0.4609375 0.4765625
vt 0.4375 0.4765625
vt 0.4375 0.4609375
vt 0.4609375 0.4609375
vt 0.3359375 0.7421875
vt 0.3359375 0.7578125
vt 0.3125 0.7578125
vt 0.3125 0.7421875
vt 0.46875 0.4609375
vt 0.4921875 0.4609375
vt 0.4921875 0.4765625
vt 0.46875 0.4765625
vt 0.1484375 0.984375
vt 0.1484375 0.96875
vt 0.171875 0.96875
vt 0.171875 0.984375
vt 0.2265625 0.375
vt 0.2109375 0.375
vt 0.2109375 0.359375
vt 0.2265625 0.359375
vt 0.1640625 0.9453125
vt 0.1640625 0.9296875
vt 0.1875 0.9296875
vt 0.1875 0.9453125
vt 0.1875 0.9453125
vt 0.1875 0.9296875
vt 0.3125 0.9296875
vt 0.3125 0.9453125
vt 0.3125 0.9453125
vt 0.3125 0.9296875
vt 0.3359375 0.9296875
vt 0.3359375 0.9453125
vt 0.671875 0.78125
vt 0.6875 0.78125
vt 0.6875 0.796875
vt 0.671875 0.796875
vt 0.171875 0.78125
vt 0.171875 0.796875
vt 0.1484375 0.796875
vt 0.1484375 0.78125
vt 0.1484375 0.78125
vt 0.1484375 0.796875
vt 0.0234375 0.796875
vt 0.0234375 0.78125
vt 0.0234375 0.78125
vt 0.0234375 0.796875
vt 0 0.796875
vt 0 0.78125
vt 0.1484375 0.796875
vt 0.1484375 0.87109375
vt 0.0234375 0.87109375
vt 0.0234375 0.796875
vt 0.1875 0.9296875
vt 0.1875 0.85546875
vt 0.3125 0.85546875
vt 0.3125 0.9296875
vt 0.0234375 0.96875
vt 0.0234375 0.89453125
vt 0.1484375 0.89453125
vt 0.1484375 0.96875
vt 0.3125 0.7578125
vt 0.3125 0.83203125
vt 0.1875 0.83203125
vt 0.1875 0.7578125
vt 0.15625 0.7578125
vt 0.1328125 0.7578125
vt 0.1328125 0.7421875
vt 0.15625 0.7421875
vt 0.1640625 0.85546875
vt 0.1640625 0.83203125
vt 0.1875 0.83203125
vt 0.1875 0.85546875
vt 0.1875 0.85546875
vt 0.1875 0.83203125
vt 0.3125 0.83203125
vt 0.3125 0.85546875
vt 0.3125 0.85546875
vt 0.3125 0.83203125
vt 0.3359375 0.83203125
vt 0.3359375 0.85546875
vt 0.3125 0.984375
vt 0.3359375 0.984375
vt 0.3359375 1
vt 0.3125 1
vt 0.171875 0.87109375
vt 0.171875 0.89453125
vt 0.1484375 0.89453125
vt 0.1484375 0.87109375
vt 0.1484375 0.87109375
vt 0.1484375 0.89453125
vt 0.0234375 0.89453125
vt 0.0234375 0.87109375
vt 0.0234375 0.87109375
vt 0.0234375 0.89453125
vt 0 0.89453125
vt 0 0.87109375
vt 0.3359375 0.9609375
vt 0.3359375 0.9765625
vt 0.3125 0.9765625
vt 0.3125 0.9609375
vt 0.7265625 0.4375
vt 0.7265625 0.453125
vt 0.6484375 0.453125
vt 0.6484375 0.4375
vt 0.2734375 0.6328125
vt 0.2734375 0.6484375
vt 0.25 0.6484375
vt 0.25 0.6328125
vt 0.1875 0.6171875
vt 0.1875 0.6015625
vt 0.2109375 0.6015625
vt 0.2109375 0.6171875
vt 0.328125 0.328125
vt 0.328125 0.34375
vt 0.25 0.34375
vt 0.25 0.328125
vt 0.28125 0.4453125
vt 0.28125 0.4609375
vt 0.2578125 0.4609375
vt 0.2578125 0.4453125
vt 0.2734375 0.734375
vt 0.25 0.734375
vt 0.25 0.65625
vt 0.2734375 0.65625
vt 0.046875 0.4296875
vt 0.0234375 0.4296875
vt 0.0234375 0.4140625
vt 0.046875 0.4140625
vt 0.734375 0.75
vt 0.65625 0.75
vt 0.65625 0.734375
vt 0.734375 0.734375
vt 0.1328125 0.4296875
vt 0.109375 0.4296875
vt 0.109375 0.4140625
vt 0.1328125 0.4140625
vt 0.734375 0.7265625
vt 0.65625 0.7265625
vt 0.65625 0.7109375
vt 0.734375 0.7109375
vt 0.21875 0.671875
vt 0.21875 0.59375
vt 0.2421875 0.59375
vt 0.2421875 0.671875
vt 0.734375 0.703125
vt 0.65625 0.703125
vt 0.65625 0.6875
vt 0.734375 0.6875
vt 0.6015625 0.96875
vt 0.578125 0.96875
vt 0.578125 0.953125
vt 0.6015625 0.953125
vt 0.734375 0.6796875
vt 0.65625 0.6796875
vt 0.65625 0.6640625
vt 0.734375 0.6640625
vt 0.4765625 0.3984375
vt 0.453125 0.3984375
vt 0.453125 0.3828125
vt 0.4765625 0.3828125
vt 0.4140625 0.328125
vt 0.4140625 0.34375
vt 0.3359375 0.34375
vt 0.3359375 0.328125
vt 0.5 0.328125
vt 0.5 0.34375
vt 0.421875 0.34375
vt 0.421875 0.328125
vt 0.578125 0.2890625
vt 0.578125 0.3046875
vt 0.5546875 0.3046875
vt 0.5546875 0.2890625
vt 0.71875 0.4140625
vt 0.71875 0.4296875
vt 0.6953125 0.4296875
vt 0.6953125 0.4140625
vt 0.15625 0.28125
vt 0.15625 0.296875
vt 0.1328125 0.296875
vt 0.1328125 0.28125
vt 0.1875 0.28125
vt 0.1875 0.296875
vt 0.1640625 0.296875
vt 0.1640625 0.28125
vt 0.0703125 0.296875
vt 0.0703125 0.375
vt 0.046875 0.375
vt 0.046875 0.296875
vt 0.1015625 0.296875
vt 0.125 0.296875
vt 0.125 0.375
vt 0.1015625 0.375
vt 0.734375 0.3984375
vt 0.65625 0.3984375
vt 0.65625 0.3828125
vt 0.734375 0.3828125
vt 0.6953125 0.296875
vt 0.671875 0.296875
vt 0.671875 0.28125
vt 0.6953125 0.28125
vt 0.734375 0.375
vt 0.65625 0.375
vt 0.65625 0.359375
vt 0.734375 0.359375
vt 0.7265625 0.296875
vt 0.703125 0.296875
vt 0.703125 0.28125
vt 0.7265625 0.28125
vt 0.0703125 0.2890625
vt 0.046875 0.2890625
vt 0.046875 0.2734375
vt 0.0703125 0.2734375
vt 0.734375 0.3515625
vt 0.65625 0.3515625
vt 0.65625 0.3359375
vt 0.734375 0.3359375
vt 0.125 0.2890625
vt 0.1015625 0.2890625
vt 0.1015625 0.2734375
vt 0.125 0.2734375
vt 0.5859375 0.328125
vt 0.5078125 0.328125
vt 0.5078125 0.3125
vt 0.5859375 0.3125
vt 0.640625 0.4765625
vt 0.6171875 0.4765625
vt 0.6171875 0.4609375
vt 0.640625 0.4609375
vt 0.6171875 0.4765625
vt 0.4921875 0.4765625
vt 0.4921875 0.4609375
vt 0.6171875 0.4609375
vt 0.7890625 0.984375
vt 0.8125 0.984375
vt 0.8125 1
vt 0.7890625 1
vt 0.171875 1
vt 0.1484375 1
vt 0.1484375 0.984375
vt 0.171875 0.984375
vt 0.359375 0.796875
vt 0.359375 0.8125
vt 0.34375 0.8125
vt 0.34375 0.796875
vt 0.1484375 1
vt 0.0234375 1
vt 0.0234375 0.984375
vt 0.1484375 0.984375
vt 0.6640625 0.984375
vt 0.7890625 0.984375
vt 0.7890625 1
vt 0.6640625 1
vt 0.0234375 1
vt 0 1
vt 0 0.984375
vt 0.0234375 0.984375
vt 0.640625 0.984375
vt 0.6640625 0.984375
vt 0.6640625 1
vt 0.640625 1
vt 0.28125 0.734375
vt 0.28125 0.71875
vt 0.296875 0.71875
vt 0.296875 0.734375
vt 0.46875 0.4375
vt 0.4921875 0.4375
vt 0.4921875 0.4609375
vt 0.46875 0.4609375
vt 0.34375 0.7734375
vt 0.359375 0.7734375
vt 0.359375 0.796875
vt 0.34375 0.796875
vt 0.6640625 0.40625
vt 0.6875 0.40625
vt 0.6875 0.4296875
vt 0.6640625 0.4296875
vt 0.4921875 0.4375
vt 0.6171875 0.4375
vt 0.6171875 0.4609375
vt 0.4921875 0.4609375
vt 0.5390625 0.40625
vt 0.6640625 0.40625
vt 0.6640625 0.4296875
vt 0.5390625 0.4296875
vt 0.6171875 0.4375
vt 0.640625 0.4375
vt 0.640625 0.4609375
vt 0.6171875 0.4609375
vt 0.515625 0.40625
vt 0.5390625 0.40625
vt 0.5390625 0.4296875
vt 0.515625 0.4296875
vt 0.28125 0.6953125
vt 0.296875 0.6953125
vt 0.296875 0.71875
vt 0.28125 0.71875
vt 0.6640625 0.9765625
vt 0.640625 0.9765625
vt 0.640625 0.9609375
vt 0.6640625 0.9609375
vt 0 0.765625
vt 0.0234375 0.765625
vt 0.0234375 0.78125
vt 0 0.78125
vt 0.2421875 0.359375
vt 0.2421875 0.375
vt 0.2265625 0.375
vt 0.2265625 0.359375
vt 0.7890625 0.9765625
vt 0.6640625 0.9765625
vt 0.6640625 0.9609375
vt 0.7890625 0.9609375
vt 0.0234375 0.765625
vt 0.1484375 0.765625
vt 0.1484375 0.78125
vt 0.0234375 0.78125
vt 0.1484375 0.765625
vt 0.171875 0.765625
vt 0.171875 0.78125
vt 0.1484375 0.78125
vt 0.8125 0.9765625
vt 0.7890625 0.9765625
vt 0.7890625 0.9609375
vt 0.8125 0.9609375
vt 0.65625 0.796875
vt 0.65625 0.78125
vt 0.671875 0.78125
vt 0.671875 0.796875
vt 0.2890625 0.4375
vt 0.3125 0.4375
vt 0.3125 0.4609375
vt 0.2890625 0.4609375
vt 0.2265625 0.3359375
vt 0.2421875 0.3359375
vt 0.2421875 0.359375
vt 0.2265625 0.359375
vt 0.734375 0.8046875
vt 0.7578125 0.8046875
vt 0.7578125 0.828125
vt 0.734375 0.828125
vt 0.3125 0.4375
vt 0.4375 0.4375
vt 0.4375 0.4609375
vt 0.3125 0.4609375
vt 0.609375 0.8046875
vt 0.734375 0.8046875
vt 0.734375 0.828125
vt 0.609375 0.828125
vt 0.4375 0.4375
vt 0.4609375 0.4375
vt 0.4609375 0.4609375
vt 0.4375 0.4609375
vt 0.5859375 0.8046875
vt 0.609375 0.8046875
vt 0.609375 0.828125
vt 0.5859375 0.828125
vt 0.65625 0.7578125
vt 0.671875 0.7578125
vt 0.671875 0.78125
vt 0.65625 0.78125
vn 1 0 0
vn -1 0 0
vn 0 1 0
vn 0 -1 0
vn 0 0 1
vn 0 0 1
vn 0 -1 0
vn 0 1 0
vn 0 0 1
vn 0 -1 0
vn 0 0 -1
vn 0 1 0
vn -1 0 0
vn 0 -1 0
vn 0 -1 0
vn 0 -1 0
vn 1 0 0
vn 0 1 0
vn 0 1 0
vn 0 1 0
vn 0 1 0
vn 0 -1 0
vn 0 1 0
vn 0 -1 0
vn -1 0 0
vn 0 -1 0
vn 0 -1 0
vn 0 -1 0
vn 1 0 0
vn 0 1 0
vn 0 1 0
vn 0 1 0
vn 0 0 1
vn -1 0 0
vn 0 0 -1
vn 0 0 -1
vn -1 0 0
vn 0 0 1
vn 0 1 0
vn 0 0 -1
vn -1 0 0
vn 0 0 1
vn 1 0 0
vn 0 1 0
vn -1 0 0
vn 0 0 1
vn 1 0 0
vn 0 0 -1
vn 1 0 0
vn 1 0 0
vn 0 0 1
vn 0 0 1
vn 0 0 -1
vn 0 0 -1
vn 0 1 0
vn 0 1 0
vn 1 0 0
vn 0 0 -1
vn -1 0 0
vn 0 0 1
vn 0 0 1
vn 1 0 0
vn 0 0 -1
vn -1 0 0
vn 0 0 -1
vn 0 0 -1
vn 0 -1 0
vn 0 1 0
vn 1 0 0
vn 0 1 0
vn 0 -1 0
vn 0 1 0
vn 0 -1 0
vn -1 0 0
vn 0 0 -1
vn 1 0 0
vn 0 0 1
vn 0 0 -1
vn 0 0 1
vn 0 0 -1
vn 0 0 1
vn -1 0 0
vn 0 -1 0
vn 0 1 0
vn -1 0 0
vn 0 -1 0
vn 0 1 0
vn 0 1 0
vn 0 -1 0
vn 1 0 0
vn 0 0 1
vn -1 0 0
vn 0 0 -1
vn 0 0 1
vn 0 0 -1
vn 0 0 1
vn 0 0 -1
vn 1 0 0
usemtl m_62f8f30c-eb80-e2d8-c1ab-420580141a02
f 504/1873/493 524/1874/493 523/1875/493 506/1876/493
f 510/1877/494 520/1878/494 519/1879/494 508/1880/494
f 508/1881/495 519/1882/495 526/1883/495 514/1884/495
f 513/1885/496 521/1886/496 520/1887/496 510/1888/496
f 591/1889/497 593/1890/497 592/1891/497 594/1892/497
f 593/1893/498 596/1894/498 595/1895/498 592/1896/498
f 517/1897/499 522/1898/499 521/1899/499 513/1900/499
f 514/1901/500 526/1902/500 525/1903/500 518/1904/500
f 597/1905/501 595/1906/501 596/1907/501 598/1908/501
f 506/1909/502 523/1910/502 522/1911/502 517/1912/502
f 575/1913/503 576/1914/503 577/1915/503 578/1916/503
f 518/1917/504 525/1918/504 524/1919/504 504/1920/504
f 507/1921/505 528/1922/505 527/1923/505 509/1924/505
f 509/1925/506 527/1926/506 534/1927/506 512/1928/506
f 512/1929/507 534/1930/507 533/1931/507 516/1932/507
f 516/1933/508 533/1934/508 532/1935/508 505/1936/508
f 505/1937/509 532/1938/509 531/1939/509 503/1940/509
f 503/1941/510 531/1942/510 530/1943/510 515/1944/510
f 515/1945/511 530/1946/511 529/1947/511 511/1948/511
f 511/1949/512 529/1950/512 528/1951/512 507/1952/512
f 530/1953/513 538/1954/513 537/1955/513 529/1956/513
f 534/1957/514 542/1958/514 541/1959/514 533/1960/514
f 526/1961/515 550/1962/515 549/1963/515 525/1964/515
f 522/1965/516 546/1966/516 545/1967/516 521/1968/516
f 536/1969/517 543/1970/517 544/1971/517 535/1972/517
f 535/1973/518 544/1974/518 545/1975/518 542/1976/518
f 542/1977/519 545/1978/519 546/1979/519 541/1980/519
f 541/1981/520 546/1982/520 547/1983/520 540/1984/520
f 540/1985/521 547/1986/521 548/1987/521 539/1988/521
f 539/1989/522 548/1990/522 549/1991/522 538/1992/522
f 538/1993/523 549/1994/523 550/1995/523 537/1996/523
f 537/1997/524 550/1998/524 543/1999/524 536/2000/524
f 542/2001/525 537/2002/525 536/2003/525 535/2004/525
f 534/2005/526 529/2006/526 537/2007/526 542/2008/526
f 527/2009/527 528/2010/527 529/2011/527 534/2012/527
f 550/2013/528 545/2014/528 544/2015/528 543/2016/528
f 545/2017/529 550/2018/529 526/2019/529 521/2020/529
f 521/2021/530 526/2022/530 519/2023/530 520/2024/530
f 555/2025/531 553/2026/531 554/2027/531 556/2028/531
f 553/2029/532 555/2030/532 537/2031/532 551/2032/532
f 554/2033/533 553/2034/533 551/2035/533 552/2036/533
f 556/2037/534 554/2038/534 552/2039/534 529/2040/534
f 555/2041/535 556/2042/535 529/2043/535 537/2044/535
f 559/2045/536 560/2046/536 561/2047/536 562/2048/536
f 560/2049/537 559/2050/537 557/2051/537 558/2052/537
f 561/2053/538 560/2054/538 558/2055/538 550/2056/538
f 562/2057/539 561/2058/539 550/2059/539 526/2060/539
f 559/2061/540 562/2062/540 526/2063/540 557/2064/540
f 522/2065/541 525/2066/541 549/2067/541 546/2068/541
f 541/2069/542 538/2070/542 530/2071/542 533/2072/542
f 540/2073/543 539/2074/543 538/2075/543 541/2076/543
f 523/2077/544 524/2078/544 525/2079/544 522/2080/544
f 546/2081/545 549/2082/545 548/2083/545 547/2084/545
f 533/2085/546 530/2086/546 531/2087/546 532/2088/546
f 567/2089/547 568/2090/547 569/2091/547 570/2092/547
f 573/2093/548 571/2094/548 572/2095/548 574/2096/548
f 568/2097/549 567/2098/549 563/2099/549 564/2100/549
f 569/2101/550 568/2102/550 564/2103/550 538/2104/550
f 570/2105/551 569/2106/551 538/2107/551 530/2108/551
f 567/2109/552 570/2110/552 530/2111/552 563/2112/552
f 571/2113/553 573/2114/553 549/2115/553 565/2116/553
f 572/2117/554 571/2118/554 565/2119/554 566/2120/554
f 574/2121/555 572/2122/555 566/2123/555 525/2124/555
f 573/2125/556 574/2126/556 525/2127/556 549/2128/556
f 581/2129/557 579/2130/557 580/2131/557 582/2132/557
f 579/2133/558 577/2134/558 576/2135/558 580/2136/558
f 583/2137/559 584/2138/559 585/2139/559 586/2140/559
f 578/2141/560 577/2142/560 518/2143/560 504/2144/560
f 575/2145/561 578/2146/561 504/2147/561 506/2148/561
f 577/2149/562 579/2150/562 514/2151/562 518/2152/562
f 587/2153/563 583/2154/563 586/2155/563 588/2156/563
f 579/2157/564 581/2158/564 508/2159/564 514/2160/564
f 589/2161/565 587/2162/565 588/2163/565 590/2164/565
f 581/2165/566 582/2166/566 510/2167/566 508/2168/566
f 584/2169/567 583/2170/567 576/2171/567 575/2172/567
f 585/2173/568 584/2174/568 575/2175/568 506/2176/568
f 586/2177/569 585/2178/569 506/2179/569 517/2180/569
f 583/2181/570 587/2182/570 580/2183/570 576/2184/570
f 588/2185/571 586/2186/571 517/2187/571 513/2188/571
f 587/2189/572 589/2190/572 582/2191/572 580/2192/572
f 590/2193/573 588/2194/573 513/2195/573 510/2196/573
f 589/2197/574 590/2198/574 510/2199/574 582/2200/574
f 599/2201/575 600/2202/575 601/2203/575 602/2204/575
f 594/2205/576 592/2206/576 511/2207/576 507/2208/576
f 591/2209/577 594/2210/577 507/2211/577 509/2212/577
f 603/2213/578 599/2214/578 602/2215/578 604/2216/578
f 592/2217/579 595/2218/579 515/2219/579 511/2220/579
f 595/2221/580 597/2222/580 503/2223/580 515/2224/580
f 605/2225/581 603/2226/581 604/2227/581 606/2228/581
f 597/2229/582 598/2230/582 505/2231/582 503/2232/582
f 600/2233/583 599/2234/583 593/2235/583 591/2236/583
f 601/2237/584 600/2238/584 591/2239/584 509/2240/584
f 602/2241/585 601/2242/585 509/2243/585 512/2244/585
f 599/2245/586 603/2246/586 596/2247/586 593/2248/586
f 604/2249/587 602/2250/587 512/2251/587 516/2252/587
f 603/2253/588 605/2254/588 598/2255/588 596/2256/588
f 606/2257/589 604/2258/589 516/2259/589 505/2260/589
f 605/2261/590 606/2262/590 505/2263/590 598/2264/590