# Made in Blockbench 5.1.4
mtllib station_back.mtl

o mesh
v 1.75 0.125 0.75
v 1.75 0.125 -0.75
v 1.75 0 0.75
v 1.75 0 -0.75
v 1.665 0.125 0.66
v 1.665 0.125 -0.66
v 1.665 0.171875 0.66
v 1.665 0.171875 -0.66
v -1.75 0.125 0.75
v -1.75 0.125 -0.75
v -1.75 0 0.75
v -1.75 0 -0.75
v -1.665 0.125 0.66
v -1.665 0.125 -0.66
v -1.665 0.171875 0.66
v -1.665 0.171875 -0.66
vt 0 0.4453125
vt 0.4140625 0.4453125
vt 0.4140625 0.609375
vt 0 0.609375
vt 0.4375 0.8125
vt 0.4375 1
vt 0 1
vt 0 0.8125
vt 0.859375 0.59375
vt 0.859375 0.609375
vt 0.421875 0.609375
vt 0.421875 0.59375
vt 0.859375 0.5859375
vt 0.421875 0.5859375
vt 0.421875 0.5703125
vt 0.859375 0.5703125
vt 0.426875 0.6284375
vt 0.010624999999999996 0.6284375
vt 0 0.6171875
vt 0.4375 0.6171875
vt 0.010624999999999996 0.7934374999999998
vt 0.426875 0.7934375
vt 0.4375 0.8046875
vt 0 0.8046874999999998
vt 0.8359375 0.5625
vt 0.421875 0.5625
vt 0.421875 0.5546875
vt 0.8359375 0.5546875
vt 0.859375 1
vt 0.4453125 1
vt 0.4453125 0.9921875
vt 0.859375 0.9921875
vt 0.2109375 0.78125
vt 0.0234375 0.78125
vt 0.0234375 0.765625
vt 0.2109375 0.765625
vt 0.426875 0.7934375
vt 0.426875 0.6284375
vt 0.4375 0.6171875
vt 0.4375 0.8046875
vt 0.1875 0.7578125
vt 0.0234375 0.7578125
vt 0.0234375 0.75
vt 0.1875 0.75
vt 0.40625 0.765625
vt 0.40625 0.78125
vt 0.21875 0.78125
vt 0.21875 0.765625
vt 0 0.6171875
vt 0.010624999999999996 0.6284375
vt 0.010624999999999996 0.7934375
vt 0 0.8046875
vt 0.359375 0.75
vt 0.359375 0.7578125
vt 0.1953125 0.7578125
vt 0.1953125 0.75
vn 0 1 0
vn 0 -1 0
vn 0 0 1
vn 0 0 -1
vn 0 1 0
vn 0 1 0
vn 0 0 1
vn 0 0 -1
vn 1 0 0
vn 0 1 0
vn 1 0 0
vn -1 0 0
vn 0 1 0
vn -1 0 0
usemtl m_387c8b86-fad2-0279-de81-dcf23bfb369a
f 15/1/1 7/2/1 8/3/1 16/4/1
f 4/5/2 3/6/2 11/7/2 12/8/2
f 3/9/3 1/10/3 9/11/3 11/12/3
f 10/13/4 2/14/4 4/15/4 12/16/4
f 5/17/5 13/18/5 9/19/5 1/20/5
f 14/21/6 6/22/6 2/23/6 10/24/6
f 7/25/7 15/26/7 13/27/7 5/28/7
f 16/29/8 8/30/8 6/31/8 14/32/8
f 2/33/9 1/34/9 3/35/9 4/36/9
f 6/37/10 5/38/10 1/39/10 2/40/10
f 8/41/11 7/42/11 5/43/11 6/44/11
f 11/45/12 9/46/12 10/47/12 12/48/12
f 9/49/13 13/50/13 14/51/13 10/52/13
f 13/53/14 15/54/14 16/55/14 14/56/14
o mesh
v 0.75 0.296875 -0.34375
v 0.75 0.296875 -0.46875
v 0.75 0.171875 -0.34375
v 0.75 0.171875 -0.46875
v 0.625 0.296875 -0.34375
v 0.625 0.296875 -0.46875
v 0.625 0.171875 -0.34375
v 0.625 0.171875 -0.46875
v 0.734375 0.296875 -0.453125
v 0.734375 0.296875 -0.359375
v 0.640625 0.296875 -0.359375
v 0.640625 0.296875 -0.453125
v 0.734375 0.796875 -0.453125
v 0.734375 0.796875 -0.359375
v 0.640625 0.796875 -0.359375
v 0.640625 0.796875 -0.453125
v 0.75 0.796875 -0.46875
v 0.75 0.796875 -0.34375
v 0.625 0.796875 -0.34375
v 0.625 0.796875 -0.46875
v 0.75 0.921875 -0.46875
v 0.75 0.921875 -0.34375
v 0.625 0.921875 -0.34375
v 0.625 0.921875 -0.46875
vt 0.5 0.578125
vt 0.46875 0.578125
vt 0.46875 0.546875
vt 0.5 0.546875
vt 0.5 0.5
vt 0.5 0.53125
vt 0.46875 0.53125
vt 0.46875 0.5
vt 0.515625 0.96875
vt 0.546875 0.96875
vt 0.546875 1
vt 0.515625 1
vt 0.078125 0.453125
vt 0.078125 0.484375
vt 0.046875 0.484375
vt 0.046875 0.453125
vt 0.546875 0.921875
vt 0.546875 0.953125
vt 0.515625 0.953125
vt 0.515625 0.921875
vt 0.125 0.484375
vt 0.09375 0.484375
vt 0.09375 0.453125
vt 0.125 0.453125
vt 0.546875 0.90625
vt 0.54296875 0.90234375
vt 0.54296875 0.87890625
vt 0.546875 0.875
vt 0.546875 0.875
vt 0.54296875 0.87890625
vt 0.51953125 0.87890625
vt 0.515625 0.875
vt 0.515625 0.875
vt 0.51953125 0.87890625
vt 0.51953125 0.90234375
vt 0.515625 0.90625
vt 0.515625 0.90625
vt 0.51953125 0.90234375
vt 0.54296875 0.90234375
vt 0.546875 0.90625
vt 0.03125 0.59375
vt 0.03125 0.71875
vt 0 0.71875
vt 0 0.59375
vt 0.3125 0.875
vt 0.3125 1
vt 0.28125 1
vt 0.28125 0.875
vt 0.078125 0.59375
vt 0.078125 0.71875
vt 0.046875 0.71875
vt 0.046875 0.59375
vt 0.125 0.59375
vt 0.125 0.71875
vt 0.09375 0.71875
vt 0.09375 0.59375
vt 0.16796875 0.45703125
vt 0.171875 0.453125
vt 0.171875 0.484375
vt 0.16796875 0.48046875
vt 0.16796875 0.48046875
vt 0.171875 0.484375
vt 0.140625 0.484375
vt 0.14453125 0.48046875
vt 0.14453125 0.48046875
vt 0.140625 0.484375
vt 0.140625 0.453125
vt 0.14453125 0.45703125
vt 0.14453125 0.45703125
vt 0.140625 0.453125
vt 0.171875 0.453125
vt 0.16796875 0.45703125
vt 0.546875 0.828125
vt 0.546875 0.859375
vt 0.515625 0.859375
vt 0.515625 0.828125
vt 0.21875 0.453125
vt 0.21875 0.484375
vt 0.1875 0.484375
vt 0.1875 0.453125
vt 0.546875 0.78125
vt 0.546875 0.8125
vt 0.515625 0.8125
vt 0.515625 0.78125
vt 0.265625 0.453125
vt 0.265625 0.484375
vt 0.234375 0.484375
vt 0.234375 0.453125
vn 1 0 0
vn -1 0 0
vn 0 1 0
vn 0 -1 0
vn 0 0 1
vn 0 0 -1
vn 0 1 0
vn 0 1 0
vn 0 1 0
vn 0 1 0
vn 1 0 0
vn 0 0 1
vn -1 0 0
vn 0 0 -1
vn 0 -1 0
vn 0 -1 0
vn 0 -1 0
vn 0 -1 0
vn 1 0 0
vn 0 0 1
vn -1 0 0
vn 0 0 -1
usemtl m_588ead83-dc9c-8ea9-80b7-13eeb01f04f2
f 18/57/15 17/58/15 19/59/15 20/60/15
f 23/61/16 21/62/16 22/63/16 24/64/16
f 39/65/17 38/66/17 37/67/17 40/68/17
f 20/69/18 19/70/18 23/71/18 24/72/18
f 19/73/19 17/74/19 21/75/19 23/76/19
f 22/77/20 18/78/20 20/79/20 24/80/20
f 18/81/21 25/82/21 26/83/21 17/84/21
f 17/85/22 26/86/22 27/87/22 21/88/22
f 21/89/23 27/90/23 28/91/23 22/92/23
f 22/93/24 28/94/24 25/95/24 18/96/24
f 25/97/25 29/98/25 30/99/25 26/100/25
f 26/101/26 30/102/26 31/103/26 27/104/26
f 27/105/27 31/106/27 32/107/27 28/108/27
f 28/109/28 32/110/28 29/111/28 25/112/28
f 29/113/29 33/114/29 34/115/29 30/116/29
f 30/117/30 34/118/30 35/119/30 31/120/30
f 31/121/31 35/122/31 36/123/31 32/124/31
f 32/125/32 36/126/32 33/127/32 29/128/32
f 33/129/33 37/130/33 38/131/33 34/132/33
f 34/133/34 38/134/34 39/135/34 35/136/34
f 35/137/35 39/138/35 40/139/35 36/140/35
f 36/141/36 40/142/36 37/143/36 33/144/36
o mesh
v 0.0625 0.296875 -0.34375
v 0.0625 0.296875 -0.46875
v 0.0625 0.171875 -0.34375
v 0.0625 0.171875 -0.46875
v -0.0625 0.296875 -0.34375
v -0.0625 0.296875 -0.46875
v -0.0625 0.171875 -0.34375
v -0.0625 0.171875 -0.46875
v 0.046875 0.296875 -0.453125
v 0.046875 0.296875 -0.359375
v -0.046875 0.296875 -0.359375
v -0.046875 0.296875 -0.453125
v 0.046875 0.796875 -0.453125
v 0.046875 0.796875 -0.359375
v -0.046875 0.796875 -0.359375
v -0.046875 0.796875 -0.453125
v 0.0625 0.796875 -0.46875
v 0.0625 0.796875 -0.34375
v -0.0625 0.796875 -0.34375
v -0.0625 0.796875 -0.46875
v 0.0625 0.921875 -0.46875
v 0.0625 0.921875 -0.34375
v -0.0625 0.921875 -0.34375
v -0.0625 0.921875 -0.46875
vt 0.546875 0.765625
vt 0.515625 0.765625
vt 0.515625 0.734375
vt 0.546875 0.734375
vt 0.3125 0.453125
vt 0.3125 0.484375
vt 0.28125 0.484375
vt 0.28125 0.453125
vt 0.515625 0.6875
vt 0.546875 0.6875
vt 0.546875 0.71875
vt 0.515625 0.71875
vt 0.359375 0.453125
vt 0.359375 0.484375
vt 0.328125 0.484375
vt 0.328125 0.453125
vt 0.546875 0.640625
vt 0.546875 0.671875
vt 0.515625 0.671875
vt 0.515625 0.640625
vt 0.40625 0.484375
vt 0.375 0.484375
vt 0.375 0.453125
vt 0.40625 0.453125
vt 0.546875 0.625
vt 0.54296875 0.62109375
vt 0.54296875 0.59765625
vt 0.546875 0.59375
vt 0.546875 0.59375
vt 0.54296875 0.59765625
vt 0.51953125 0.59765625
vt 0.515625 0.59375
vt 0.515625 0.59375
vt 0.51953125 0.59765625
vt 0.51953125 0.62109375
vt 0.515625 0.625
vt 0.515625 0.625
vt 0.51953125 0.62109375
vt 0.54296875 0.62109375
vt 0.546875 0.625
vt 0.171875 0.59375
vt 0.171875 0.71875
vt 0.140625 0.71875
vt 0.140625 0.59375
vt 0.3125 0.734375
vt 0.3125 0.859375
vt 0.28125 0.859375
vt 0.28125 0.734375
vt 0.21875 0.59375
vt 0.21875 0.71875
vt 0.1875 0.71875
vt 0.1875 0.59375
vt 0.265625 0.59375
vt 0.265625 0.71875
vt 0.234375 0.71875
vt 0.234375 0.59375
vt 0.44921875 0.45703125
vt 0.453125 0.453125
vt 0.453125 0.484375
vt 0.44921875 0.48046875
vt 0.44921875 0.48046875
vt 0.453125 0.484375
vt 0.421875 0.484375
vt 0.42578125 0.48046875
vt 0.42578125 0.48046875
vt 0.421875 0.484375
vt 0.421875 0.453125
vt 0.42578125 0.45703125
vt 0.42578125 0.45703125
vt 0.421875 0.453125
vt 0.453125 0.453125
vt 0.44921875 0.45703125
vt 0.546875 0.546875
vt 0.546875 0.578125
vt 0.515625 0.578125
vt 0.515625 0.546875
vt 0.5 0.453125
vt 0.5 0.484375
vt 0.46875 0.484375
vt 0.46875 0.453125
vt 0.546875 0.5
vt 0.546875 0.53125
vt 0.515625 0.53125
vt 0.515625 0.5
vt 0.546875 0.453125
vt 0.546875 0.484375
vt 0.515625 0.484375
vt 0.515625 0.453125
vn 1 0 0
vn -1 0 0
vn 0 1 0
vn 0 -1 0
vn 0 0 1
vn 0 0 -1
vn 0 1 0
vn 0 1 0
vn 0 1 0
vn 0 1 0
vn 1 0 0
vn 0 0 1
vn -1 0 0
vn 0 0 -1
vn 0 -1 0
vn 0 -1 0
vn 0 -1 0
vn 0 -1 0
vn 1 0 0
vn 0 0 1
vn -1 0 0
vn 0 0 -1
usemtl m_588ead83-dc9c-8ea9-80b7-13eeb01f04f2
f 42/145/37 41/146/37 43/147/37 44/148/37
f 47/149/38 45/150/38 46/151/38 48/152/38
f 63/153/39 62/154/39 61/155/39 64/156/39
f 44/157/40 43/158/40 47/159/40 48/160/40
f 43/161/41 41/162/41 45/163/41 47/164/41
f 46/165/42 42/166/42 44/167/42 48/168/42
f 42/169/43 49/170/43 50/171/43 41/172/43
f 41/173/44 50/174/44 51/175/44 45/176/44
f 45/177/45 51/178/45 52/179/45 46/180/45
f 46/181/46 52/182/46 49/183/46 42/184/46
f 49/185/47 53/186/47 54/187/47 50/188/47
f 50/189/48 54/190/48 55/191/48 51/192/48
f 51/193/49 55/194/49 56/195/49 52/196/49
f 52/197/50 56/198/50 53/199/50 49/200/50
f 53/201/51 57/202/51 58/203/51 54/204/51
f 54/205/52 58/206/52 59/207/52 55/208/52
f 55/209/53 59/210/53 60/211/53 56/212/53
f 56/213/54 60/214/54 57/215/54 53/216/54
f 57/217/55 61/218/55 62/219/55 58/220/55
f 58/221/56 62/222/56 63/223/56 59/224/56
f 59/225/57 63/226/57 64/227/57 60/228/57
f 60/229/58 64/230/58 61/231/58 57/232/58
o mesh
v 1.4375 0.296875 -0.34375
v 1.4375 0.296875 -0.46875
v 1.4375 0.171875 -0.34375
v 1.4375 0.171875 -0.46875
v 1.3125 0.296875 -0.34375
v 1.3125 0.296875 -0.46875
v 1.3125 0.171875 -0.34375
v 1.3125 0.171875 -0.46875
v 1.421875 0.296875 -0.453125
v 1.421875 0.296875 -0.359375
v 1.328125 0.296875 -0.359375
v 1.328125 0.296875 -0.453125
v 1.421875 0.796875 -0.453125
v 1.421875 0.796875 -0.359375
v 1.328125 0.796875 -0.359375
v 1.328125 0.796875 -0.453125
v 1.4375 0.796875 -0.46875
v 1.4375 0.796875 -0.34375
v 1.3125 0.796875 -0.34375
v 1.3125 0.796875 -0.46875
v 1.4375 0.921875 -0.46875
v 1.4375 0.921875 -0.34375
v 1.3125 0.921875 -0.34375
v 1.3125 0.921875 -0.46875
vt 0.03125 0.4375
vt 0 0.4375
vt 0 0.40625
vt 0.03125 0.40625
vt 0.59375 0.96875
vt 0.59375 1
vt 0.5625 1
vt 0.5625 0.96875
vt 0.046875 0.40625
vt 0.078125 0.40625
vt 0.078125 0.4375
vt 0.046875 0.4375
vt 0.59375 0.921875
vt 0.59375 0.953125
vt 0.5625 0.953125
vt 0.5625 0.921875
vt 0.125 0.40625
vt 0.125 0.4375
vt 0.09375 0.4375
vt 0.09375 0.40625
vt 0.59375 0.90625
vt 0.5625 0.90625
vt 0.5625 0.875
vt 0.59375 0.875
vt 0.171875 0.4375
vt 0.16796875 0.43359375
vt 0.16796875 0.41015625
vt 0.171875 0.40625
vt 0.171875 0.40625
vt 0.16796875 0.41015625
vt 0.14453125 0.41015625
vt 0.140625 0.40625
vt 0.140625 0.40625
vt 0.14453125 0.41015625
vt 0.14453125 0.43359375
vt 0.140625 0.4375
vt 0.140625 0.4375
vt 0.14453125 0.43359375
vt 0.16796875 0.43359375
vt 0.171875 0.4375
vt 0.3125 0.59375
vt 0.3125 0.71875
vt 0.28125 0.71875
vt 0.28125 0.59375
vt 0.359375 0.875
vt 0.359375 1
vt 0.328125 1
vt 0.328125 0.875
vt 0.359375 0.734375
vt 0.359375 0.859375
vt 0.328125 0.859375
vt 0.328125 0.734375
vt 0.359375 0.59375
vt 0.359375 0.71875
vt 0.328125 0.71875
vt 0.328125 0.59375
vt 0.58984375 0.83203125
vt 0.59375 0.828125
vt 0.59375 0.859375
vt 0.58984375 0.85546875
vt 0.58984375 0.85546875
vt 0.59375 0.859375
vt 0.5625 0.859375
vt 0.56640625 0.85546875
vt 0.56640625 0.85546875
vt 0.5625 0.859375
vt 0.5625 0.828125
vt 0.56640625 0.83203125
vt 0.56640625 0.83203125
vt 0.5625 0.828125
vt 0.59375 0.828125
vt 0.58984375 0.83203125
vt 0.21875 0.40625
vt 0.21875 0.4375
vt 0.1875 0.4375
vt 0.1875 0.40625
vt 0.59375 0.78125
vt 0.59375 0.8125
vt 0.5625 0.8125
vt 0.5625 0.78125
vt 0.265625 0.40625
vt 0.265625 0.4375
vt 0.234375 0.4375
vt 0.234375 0.40625
vt 0.59375 0.734375
vt 0.59375 0.765625
vt 0.5625 0.765625
vt 0.5625 0.734375
vn 1 0 0
vn -1 0 0
vn 0 1 0
vn 0 -1 0
vn 0 0 1
vn 0 0 -1
vn 0 1 0
vn 0 1 0
vn 0 1 0
vn 0 1 0
vn 1 0 0
vn 0 0 1
vn -1 0 0
vn 0 0 -1
vn 0 -1 0
vn 0 -1 0
vn 0 -1 0
vn 0 -1 0
vn 1 0 0
vn 0 0 1
vn -1 0 0
vn 0 0 -1
usemtl m_588ead83-dc9c-8ea9-80b7-13eeb01f04f2
f 66/233/59 65/234/59 67/235/59 68/236/59
f 71/237/60 69/238/60 70/239/60 72/240/60
f 87/241/61 86/242/61 85/243/61 88/244/61
f 68/245/62 67/246/62 71/247/62 72/248/62
f 67/249/63 65/250/63 69/251/63 71/252/63
f 70/253/64 66/254/64 68/255/64 72/256/64
f 66/257/65 73/258/65 74/259/65 65/260/65
f 65/261/66 74/262/66 75/263/66 69/264/66
f 69/265/67 75/266/67 76/267/67 70/268/67
f 70/269/68 76/270/68 73/271/68 66/272/68
f 73/273/69 77/274/69 78/275/69 74/276/69
f 74/277/70 78/278/70 79/279/70 75/280/70
f 75/281/71 79/282/71 80/283/71 76/284/71
f 76/285/72 80/286/72 77/287/72 73/288/72
f 77/289/73 81/290/73 82/291/73 78/292/73
f 78/293/74 82/294/74 83/295/74 79/296/74
f 79/297/75 83/298/75 84/299/75 80/300/75
f 80/301/76 84/302/76 81/303/76 77/304/76
f 81/305/77 85/306/77 86/307/77 82/308/77
f 82/309/78 86/310/78 87/311/78 83/312/78
f 83/313/79 87/314/79 88/315/79 84/316/79
f 84/317/80 88/318/80 85/319/80 81/320/80
o mesh
v 1.4375 0.296875 0.65625
v 1.4375 0.296875 0.53125
v 1.4375 0.171875 0.65625
v 1.4375 0.171875 0.53125
v 1.3125 0.296875 0.65625
v 1.3125 0.296875 0.53125
v 1.3125 0.171875 0.65625
v 1.3125 0.171875 0.53125
v 1.421875 0.296875 0.546875
v 1.421875 0.296875 0.640625
v 1.328125 0.296875 0.640625
v 1.328125 0.296875 0.546875
v 1.421875 0.796875 0.546875
v 1.421875 0.796875 0.640625
v 1.328125 0.796875 0.640625
v 1.328125 0.796875 0.546875
v 1.4375 0.796875 0.53125
v 1.4375 0.796875 0.65625
v 1.3125 0.796875 0.65625
v 1.3125 0.796875 0.53125
v 1.4375 0.921875 0.53125
v 1.4375 0.921875 0.65625
v 1.3125 0.921875 0.65625
v 1.3125 0.921875 0.53125
vt 0.3125 0.4375
vt 0.28125 0.4375
vt 0.28125 0.40625
vt 0.3125 0.40625
vt 0.59375 0.6875
vt 0.59375 0.71875
vt 0.5625 0.71875
vt 0.5625 0.6875
vt 0.328125 0.40625
vt 0.359375 0.40625
vt 0.359375 0.4375
vt 0.328125 0.4375
vt 0.59375 0.640625
vt 0.59375 0.671875
vt 0.5625 0.671875
vt 0.5625 0.640625
vt 0.40625 0.40625
vt 0.40625 0.4375
vt 0.375 0.4375
vt 0.375 0.40625
vt 0.59375 0.625
vt 0.5625 0.625
vt 0.5625 0.59375
vt 0.59375 0.59375
vt 0.453125 0.4375
vt 0.44921875 0.43359375
vt 0.44921875 0.41015625
vt 0.453125 0.40625
vt 0.453125 0.40625
vt 0.44921875 0.41015625
vt 0.42578125 0.41015625
vt 0.421875 0.40625
vt 0.421875 0.40625
vt 0.42578125 0.41015625
vt 0.42578125 0.43359375
vt 0.421875 0.4375
vt 0.421875 0.4375
vt 0.42578125 0.43359375
vt 0.44921875 0.43359375
vt 0.453125 0.4375
vt 0.40625 0.875
vt 0.40625 1
vt 0.375 1
vt 0.375 0.875
vt 0.40625 0.734375
vt 0.40625 0.859375
vt 0.375 0.859375
vt 0.375 0.734375
vt 0.40625 0.59375
vt 0.40625 0.71875
vt 0.375 0.71875
vt 0.375 0.59375
vt 0.03125 0.453125
vt 0.03125 0.578125
vt 0 0.578125
vt 0 0.453125
vt 0.58984375 0.55078125
vt 0.59375 0.546875
vt 0.59375 0.578125
vt 0.58984375 0.57421875
vt 0.58984375 0.57421875
vt 0.59375 0.578125
vt 0.5625 0.578125
vt 0.56640625 0.57421875
vt 0.56640625 0.57421875
vt 0.5625 0.578125
vt 0.5625 0.546875
vt 0.56640625 0.55078125
vt 0.56640625 0.55078125
vt 0.5625 0.546875
vt 0.59375 0.546875
vt 0.58984375 0.55078125
vt 0.5 0.40625
vt 0.5 0.4375
vt 0.46875 0.4375
vt 0.46875 0.40625
vt 0.59375 0.5
vt 0.59375 0.53125
vt 0.5625 0.53125
vt 0.5625 0.5
vt 0.546875 0.40625
vt 0.546875 0.4375
vt 0.515625 0.4375
vt 0.515625 0.40625
vt 0.59375 0.453125
vt 0.59375 0.484375
vt 0.5625 0.484375
vt 0.5625 0.453125
vn 1 0 0
vn -1 0 0
vn 0 1 0
vn 0 -1 0
vn 0 0 1
vn 0 0 -1
vn 0 1 0
vn 0 1 0
vn 0 1 0
vn 0 1 0
vn 1 0 0
vn 0 0 1
vn -1 0 0
vn 0 0 -1
vn 0 -1 0
vn 0 -1 0
vn 0 -1 0
vn 0 -1 0
vn 1 0 0
vn 0 0 1
vn -1 0 0
vn 0 0 -1
usemtl m_588ead83-dc9c-8ea9-80b7-13eeb01f04f2
f 90/321/81 89/322/81 91/323/81 92/324/81
f 95/325/82 93/326/82 94/327/82 96/328/82
f 111/329/83 110/330/83 109/331/83 112/332/83
f 92/333/84 91/334/84 95/335/84 96/336/84
f 91/337/85 89/338/85 93/339/85 95/340/85
f 94/341/86 90/342/86 92/343/86 96/344/86
f 90/345/87 97/346/87 98/347/87 89/348/87
f 89/349/88 98/350/88 99/351/88 93/352/88
f 93/353/89 99/354/89 100/355/89 94/356/89
f 94/357/90 100/358/90 97/359/90 90/360/90
f 97/361/91 101/362/91 102/363/91 98/364/91
f 98/365/92 102/366/92 103/367/92 99/368/92
f 99/369/93 103/370/93 104/371/93 100/372/93
f 100/373/94 104/374/94 101/375/94 97/376/94
f 101/377/95 105/378/95 106/379/95 102/380/95
f 102/381/96 106/382/96 107/383/96 103/384/96
f 103/385/97 107/386/97 108/387/97 104/388/97
f 104/389/98 108/390/98 105/391/98 101/392/98
f 105/393/99 109/394/99 110/395/99 106/396/99
f 106/397/100 110/398/100 111/399/100 107/400/100
f 107/401/101 111/402/101 112/403/101 108/404/101
f 108/405/102 112/406/102 109/407/102 105/408/102
o mesh
v -0.75 0.296875 -0.34375
v -0.75 0.296875 -0.46875
v -0.75 0.171875 -0.34375
v -0.75 0.171875 -0.46875
v -0.625 0.296875 -0.34375
v -0.625 0.296875 -0.46875
v -0.625 0.171875 -0.34375
v -0.625 0.171875 -0.46875
v -0.734375 0.296875 -0.453125
v -0.734375 0.296875 -0.359375
v -0.640625 0.296875 -0.359375
v -0.640625 0.296875 -0.453125
v -0.734375 0.796875 -0.453125
v -0.734375 0.796875 -0.359375
v -0.640625 0.796875 -0.359375
v -0.640625 0.796875 -0.453125
v -0.75 0.796875 -0.46875
v -0.75 0.796875 -0.34375
v -0.625 0.796875 -0.34375
v -0.625 0.796875 -0.46875
v -0.75 0.921875 -0.46875
v -0.75 0.921875 -0.34375
v -0.625 0.921875 -0.34375
v -0.625 0.921875 -0.46875
vt 0.453125 0.96875
vt 0.453125 1
vt 0.421875 1
vt 0.421875 0.96875
vt 0.078125 0.578125
vt 0.046875 0.578125
vt 0.046875 0.546875
vt 0.078125 0.546875
vt 0.421875 0.953125
vt 0.421875 0.921875
vt 0.453125 0.921875
vt 0.453125 0.953125
vt 0.125 0.578125
vt 0.09375 0.578125
vt 0.09375 0.546875
vt 0.125 0.546875
vt 0.453125 0.90625
vt 0.421875 0.90625
vt 0.421875 0.875
vt 0.453125 0.875
vt 0.171875 0.546875
vt 0.171875 0.578125
vt 0.140625 0.578125
vt 0.140625 0.546875
vt 0.42578125 0.83203125
vt 0.42578125 0.85546875
vt 0.421875 0.859375
vt 0.421875 0.828125
vt 0.44921875 0.83203125
vt 0.42578125 0.83203125
vt 0.421875 0.828125
vt 0.453125 0.828125
vt 0.44921875 0.85546875
vt 0.44921875 0.83203125
vt 0.453125 0.828125
vt 0.453125 0.859375
vt 0.42578125 0.85546875
vt 0.44921875 0.85546875
vt 0.453125 0.859375
vt 0.421875 0.859375
vt 0.03125 1
vt 0 1
vt 0 0.875
vt 0.03125 0.875
vt 0.078125 1
vt 0.046875 1
vt 0.046875 0.875
vt 0.078125 0.875
vt 0.125 1
vt 0.09375 1
vt 0.09375 0.875
vt 0.125 0.875
vt 0.03125 0.859375
vt 0 0.859375
vt 0 0.734375
vt 0.03125 0.734375
vt 0.1875 0.578125
vt 0.1875 0.546875
vt 0.19140625 0.55078125
vt 0.19140625 0.57421875
vt 0.21875 0.578125
vt 0.1875 0.578125
vt 0.19140625 0.57421875
vt 0.21484375 0.57421875
vt 0.21875 0.546875
vt 0.21875 0.578125
vt 0.21484375 0.57421875
vt 0.21484375 0.55078125
vt 0.1875 0.546875
vt 0.21875 0.546875
vt 0.21484375 0.55078125
vt 0.19140625 0.55078125
vt 0.453125 0.8125
vt 0.421875 0.8125
vt 0.421875 0.78125
vt 0.453125 0.78125
vt 0.265625 0.578125
vt 0.234375 0.578125
vt 0.234375 0.546875
vt 0.265625 0.546875
vt 0.453125 0.765625
vt 0.421875 0.765625
vt 0.421875 0.734375
vt 0.453125 0.734375
vt 0.3125 0.578125
vt 0.28125 0.578125
vt 0.28125 0.546875
vt 0.3125 0.546875
vn -1 0 0
vn 1 0 0
vn 0 1 0
vn 0 -1 0
vn 0 0 1
vn 0 0 -1
vn 0 1 0
vn 0 1 0
vn 0 1 0
vn 0 1 0
vn -1 0 0
vn 0 0 1
vn 1 0 0
vn 0 0 -1
vn 0 -1 0
vn 0 -1 0
vn 0 -1 0
vn 0 -1 0
vn -1 0 0
vn 0 0 1
vn 1 0 0
vn 0 0 -1
usemtl m_588ead83-dc9c-8ea9-80b7-13eeb01f04f2
f 115/409/103 113/410/103 114/411/103 116/412/103
f 118/413/104 117/414/104 119/415/104 120/416/104
f 133/417/105 134/418/105 135/419/105 136/420/105
f 119/421/106 115/422/106 116/423/106 120/424/106
f 117/425/107 113/426/107 115/427/107 119/428/107
f 116/429/108 114/430/108 118/431/108 120/432/108
f 122/433/109 121/434/109 114/435/109 113/436/109
f 123/437/110 122/438/110 113/439/110 117/440/110
f 124/441/111 123/442/111 117/443/111 118/444/111
f 121/445/112 124/446/112 118/447/112 114/448/112
f 126/449/113 125/450/113 121/451/113 122/452/113
f 127/453/114 126/454/114 122/455/114 123/456/114
f 128/457/115 127/458/115 123/459/115 124/460/115
f 125/461/116 128/462/116 124/463/116 121/464/116
f 130/465/117 129/466/117 125/467/117 126/468/117
f 131/469/118 130/470/118 126/471/118 127/472/118
f 132/473/119 131/474/119 127/475/119 128/476/119
f 129/477/120 132/478/120 128/479/120 125/480/120
f 134/481/121 133/482/121 129/483/121 130/484/121
f 135/485/122 134/486/122 130/487/122 131/488/122
f 136/489/123 135/490/123 131/491/123 132/492/123
f 133/493/124 136/494/124 132/495/124 129/496/124
o mesh
v -1.4375 0.296875 -0.34375
v -1.4375 0.296875 -0.46875
v -1.4375 0.171875 -0.34375
v -1.4375 0.171875 -0.46875
v -1.3125 0.296875 -0.34375
v -1.3125 0.296875 -0.46875
v -1.3125 0.171875 -0.34375
v -1.3125 0.171875 -0.46875
v -1.421875 0.296875 -0.453125
v -1.421875 0.296875 -0.359375
v -1.328125 0.296875 -0.359375
v -1.328125 0.296875 -0.453125
v -1.421875 0.796875 -0.453125
v -1.421875 0.796875 -0.359375
v -1.328125 0.796875 -0.359375
v -1.328125 0.796875 -0.453125
v -1.4375 0.796875 -0.46875
v -1.4375 0.796875 -0.34375
v -1.3125 0.796875 -0.34375
v -1.3125 0.796875 -0.46875
v -1.4375 0.921875 -0.46875
v -1.4375 0.921875 -0.34375
v -1.3125 0.921875 -0.34375
v -1.3125 0.921875 -0.46875
vt 0.453125 0.6875
vt 0.453125 0.71875
vt 0.421875 0.71875
vt 0.421875 0.6875
vt 0.359375 0.578125
vt 0.328125 0.578125
vt 0.328125 0.546875
vt 0.359375 0.546875
vt 0.421875 0.671875
vt 0.421875 0.640625
vt 0.453125 0.640625
vt 0.453125 0.671875
vt 0.40625 0.578125
vt 0.375 0.578125
vt 0.375 0.546875
vt 0.40625 0.546875
vt 0.453125 0.625
vt 0.421875 0.625
vt 0.421875 0.59375
vt 0.453125 0.59375
vt 0.453125 0.546875
vt 0.453125 0.578125
vt 0.421875 0.578125
vt 0.421875 0.546875
vt 0.47265625 0.97265625
vt 0.47265625 0.99609375
vt 0.46875 1
vt 0.46875 0.96875
vt 0.49609375 0.97265625
vt 0.47265625 0.97265625
vt 0.46875 0.96875
vt 0.5 0.96875
vt 0.49609375 0.99609375
vt 0.49609375 0.97265625
vt 0.5 0.96875
vt 0.5 1
vt 0.47265625 0.99609375
vt 0.49609375 0.99609375
vt 0.5 1
vt 0.46875 1
vt 0.171875 1
vt 0.140625 1
vt 0.140625 0.875
vt 0.171875 0.875
vt 0.078125 0.859375
vt 0.046875 0.859375
vt 0.046875 0.734375
vt 0.078125 0.734375
vt 0.125 0.859375
vt 0.09375 0.859375
vt 0.09375 0.734375
vt 0.125 0.734375
vt 0.171875 0.859375
vt 0.140625 0.859375
vt 0.140625 0.734375
vt 0.171875 0.734375
vt 0.046875 0.53125
vt 0.046875 0.5
vt 0.05078125 0.50390625
vt 0.05078125 0.52734375
vt 0.078125 0.53125
vt 0.046875 0.53125
vt 0.05078125 0.52734375
vt 0.07421875 0.52734375
vt 0.078125 0.5
vt 0.078125 0.53125
vt 0.07421875 0.52734375
vt 0.07421875 0.50390625
vt 0.046875 0.5
vt 0.078125 0.5
vt 0.07421875 0.50390625
vt 0.05078125 0.50390625
vt 0.5 0.953125
vt 0.46875 0.953125
vt 0.46875 0.921875
vt 0.5 0.921875
vt 0.125 0.53125
vt 0.09375 0.53125
vt 0.09375 0.5
vt 0.125 0.5
vt 0.5 0.90625
vt 0.46875 0.90625
vt 0.46875 0.875
vt 0.5 0.875
vt 0.171875 0.53125
vt 0.140625 0.53125
vt 0.140625 0.5
vt 0.171875 0.5
vn -1 0 0
vn 1 0 0
vn 0 1 0
vn 0 -1 0
vn 0 0 1
vn 0 0 -1
vn 0 1 0
vn 0 1 0
vn 0 1 0
vn 0 1 0
vn -1 0 0
vn 0 0 1
vn 1 0 0
vn 0 0 -1
vn 0 -1 0
vn 0 -1 0
vn 0 -1 0
vn 0 -1 0
vn -1 0 0
vn 0 0 1
vn 1 0 0
vn 0 0 -1
usemtl m_588ead83-dc9c-8ea9-80b7-13eeb01f04f2
f 139/497/125 137/498/125 138/499/125 140/500/125
f 142/501/126 141/502/126 143/503/126 144/504/126
f 157/505/127 158/506/127 159/507/127 160/508/127
f 143/509/128 139/510/128 140/511/128 144/512/128
f 141/513/129 137/514/129 139/515/129 143/516/129
f 140/517/130 138/518/130 142/519/130 144/520/130
f 146/521/131 145/522/131 138/523/131 137/524/131
f 147/525/132 146/526/132 137/527/132 141/528/132
f 148/529/133 147/530/133 141/531/133 142/532/133
f 145/533/134 148/534/134 142/535/134 138/536/134
f 150/537/135 149/538/135 145/539/135 146/540/135
f 151/541/136 150/542/136 146/543/136 147/544/136
f 152/545/137 151/546/137 147/547/137 148/548/137
f 149/549/138 152/550/138 148/551/138 145/552/138
f 154/553/139 153/554/139 149/555/139 150/556/139
f 155/557/140 154/558/140 150/559/140 151/560/140
f 156/561/141 155/562/141 151/563/141 152/564/141
f 153/565/142 156/566/142 152/567/142 149/568/142
f 158/569/143 157/570/143 153/571/143 154/572/143
f 159/573/144 158/574/144 154/575/144 155/576/144
f 160/577/145 159/578/145 155/579/145 156/580/145
f 157/581/146 160/582/146 156/583/146 153/584/146
o mesh
v -1.4375 0.296875 0.65625
v -1.4375 0.296875 0.53125
v -1.4375 0.171875 0.65625
v -1.4375 0.171875 0.53125
v -1.3125 0.296875 0.65625
v -1.3125 0.296875 0.53125
v -1.3125 0.171875 0.65625
v -1.3125 0.171875 0.53125
v -1.421875 0.296875 0.546875
v -1.421875 0.296875 0.640625
v -1.328125 0.296875 0.640625
v -1.328125 0.296875 0.546875
v -1.421875 0.796875 0.546875
v -1.421875 0.796875 0.640625
v -1.328125 0.796875 0.640625
v -1.328125 0.796875 0.546875
v -1.4375 0.796875 0.53125
v -1.4375 0.796875 0.65625
v -1.3125 0.796875 0.65625
v -1.3125 0.796875 0.53125
v -1.4375 0.921875 0.53125
v -1.4375 0.921875 0.65625
v -1.3125 0.921875 0.65625
v -1.3125 0.921875 0.53125
vt 0.5 0.828125
vt 0.5 0.859375
vt 0.46875 0.859375
vt 0.46875 0.828125
vt 0.21875 0.53125
vt 0.1875 0.53125
vt 0.1875 0.5
vt 0.21875 0.5
vt 0.46875 0.8125
vt 0.46875 0.78125
vt 0.5 0.78125
vt 0.5 0.8125
vt 0.265625 0.53125
vt 0.234375 0.53125
vt 0.234375 0.5
vt 0.265625 0.5
vt 0.5 0.765625
vt 0.46875 0.765625
vt 0.46875 0.734375
vt 0.5 0.734375
vt 0.3125 0.5
vt 0.3125 0.53125
vt 0.28125 0.53125
vt 0.28125 0.5
vt 0.47265625 0.69140625
vt 0.47265625 0.71484375
vt 0.46875 0.71875
vt 0.46875 0.6875
vt 0.49609375 0.69140625
vt 0.47265625 0.69140625
vt 0.46875 0.6875
vt 0.5 0.6875
vt 0.49609375 0.71484375
vt 0.49609375 0.69140625
vt 0.5 0.6875
vt 0.5 0.71875
vt 0.47265625 0.71484375
vt 0.49609375 0.71484375
vt 0.5 0.71875
vt 0.46875 0.71875
vt 0.21875 1
vt 0.1875 1
vt 0.1875 0.875
vt 0.21875 0.875
vt 0.21875 0.859375
vt 0.1875 0.859375
vt 0.1875 0.734375
vt 0.21875 0.734375
vt 0.265625 1
vt 0.234375 1
vt 0.234375 0.875
vt 0.265625 0.875
vt 0.265625 0.859375
vt 0.234375 0.859375
vt 0.234375 0.734375
vt 0.265625 0.734375
vt 0.328125 0.53125
vt 0.328125 0.5
vt 0.33203125 0.50390625
vt 0.33203125 0.52734375
vt 0.359375 0.53125
vt 0.328125 0.53125
vt 0.33203125 0.52734375
vt 0.35546875 0.52734375
vt 0.359375 0.5
vt 0.359375 0.53125
vt 0.35546875 0.52734375
vt 0.35546875 0.50390625
vt 0.328125 0.5
vt 0.359375 0.5
vt 0.35546875 0.50390625
vt 0.33203125 0.50390625
vt 0.5 0.671875
vt 0.46875 0.671875
vt 0.46875 0.640625
vt 0.5 0.640625
vt 0.40625 0.53125
vt 0.375 0.53125
vt 0.375 0.5
vt 0.40625 0.5
vt 0.5 0.625
vt 0.46875 0.625
vt 0.46875 0.59375
vt 0.5 0.59375
vt 0.453125 0.53125
vt 0.421875 0.53125
vt 0.421875 0.5
vt 0.453125 0.5
vn -1 0 0
vn 1 0 0
vn 0 1 0
vn 0 -1 0
vn 0 0 1
vn 0 0 -1
vn 0 1 0
vn 0 1 0
vn 0 1 0
vn 0 1 0
vn -1 0 0
vn 0 0 1
vn 1 0 0
vn 0 0 -1
vn 0 -1 0
vn 0 -1 0
vn 0 -1 0
vn 0 -1 0
vn -1 0 0
vn 0 0 1
vn 1 0 0
vn 0 0 -1
usemtl m_588ead83-dc9c-8ea9-80b7-13eeb01f04f2
f 163/585/147 161/586/147 162/587/147 164/588/147
f 166/589/148 165/590/148 167/591/148 168/592/148
f 181/593/149 182/594/149 183/595/149 184/596/149
f 167/597/150 163/598/150 164/599/150 168/600/150
f 165/601/151 161/602/151 163/603/151 167/604/151
f 164/605/152 162/606/152 166/607/152 168/608/152
f 170/609/153 169/610/153 162/611/153 161/612/153
f 171/613/154 170/614/154 161/615/154 165/616/154
f 172/617/155 171/618/155 165/619/155 166/620/155
f 169/621/156 172/622/156 166/623/156 162/624/156
f 174/625/157 173/626/157 169/627/157 170/628/157
f 175/629/158 174/630/158 170/631/158 171/632/158
f 176/633/159 175/634/159 171/635/159 172/636/159
f 173/637/160 176/638/160 172/639/160 169/640/160
f 178/641/161 177/642/161 173/643/161 174/644/161
f 179/645/162 178/646/162 174/647/162 175/648/162
f 180/649/163 179/650/163 175/651/163 176/652/163
f 177/653/164 180/654/164 176/655/164 173/656/164
f 182/657/165 181/658/165 177/659/165 178/660/165
f 183/661/166 182/662/166 178/663/166 179/664/166
f 184/665/167 183/666/167 179/667/167 180/668/167
f 181/669/168 184/670/168 180/671/168 177/672/168
o mesh
v 0.75 0.296875 0.65625
v 0.75 0.296875 0.53125
v 0.75 0.171875 0.65625
v 0.75 0.171875 0.53125
v 0.625 0.296875 0.65625
v 0.625 0.296875 0.53125
v 0.625 0.171875 0.65625
v 0.625 0.171875 0.53125
v 0.734375 0.296875 0.546875
v 0.734375 0.296875 0.640625
v 0.640625 0.296875 0.640625
v 0.640625 0.296875 0.546875
v 0.734375 0.796875 0.546875
v 0.734375 0.796875 0.640625
v 0.640625 0.796875 0.640625
v 0.640625 0.796875 0.546875
v 0.75 0.796875 0.53125
v 0.75 0.796875 0.65625
v 0.625 0.796875 0.65625
v 0.625 0.796875 0.53125
v 0.75 0.921875 0.53125
v 0.75 0.921875 0.65625
v 0.625 0.921875 0.65625
v 0.625 0.921875 0.53125
vt 0.5 0.578125
vt 0.46875 0.578125
vt 0.46875 0.546875
vt 0.5 0.546875
vt 0.5 0.5
vt 0.5 0.53125
vt 0.46875 0.53125
vt 0.46875 0.5
vt 0.515625 0.96875
vt 0.546875 0.96875
vt 0.546875 1
vt 0.515625 1
vt 0.078125 0.453125
vt 0.078125 0.484375
vt 0.046875 0.484375
vt 0.046875 0.453125
vt 0.546875 0.921875
vt 0.546875 0.953125
vt 0.515625 0.953125
vt 0.515625 0.921875
vt 0.125 0.484375
vt 0.09375 0.484375
vt 0.09375 0.453125
vt 0.125 0.453125
vt 0.546875 0.90625
vt 0.54296875 0.90234375
vt 0.54296875 0.87890625
vt 0.546875 0.875
vt 0.546875 0.875
vt 0.54296875 0.87890625
vt 0.51953125 0.87890625
vt 0.515625 0.875
vt 0.515625 0.875
vt 0.51953125 0.87890625
vt 0.51953125 0.90234375
vt 0.515625 0.90625
vt 0.515625 0.90625
vt 0.51953125 0.90234375
vt 0.54296875 0.90234375
vt 0.546875 0.90625
vt 0.03125 0.59375
vt 0.03125 0.71875
vt 0 0.71875
vt 0 0.59375
vt 0.3125 0.875
vt 0.3125 1
vt 0.28125 1
vt 0.28125 0.875
vt 0.078125 0.59375
vt 0.078125 0.71875
vt 0.046875 0.71875
vt 0.046875 0.59375
vt 0.125 0.59375
vt 0.125 0.71875
vt 0.09375 0.71875
vt 0.09375 0.59375
vt 0.16796875 0.45703125
vt 0.171875 0.453125
vt 0.171875 0.484375
vt 0.16796875 0.48046875
vt 0.16796875 0.48046875
vt 0.171875 0.484375
vt 0.140625 0.484375
vt 0.14453125 0.48046875
vt 0.14453125 0.48046875
vt 0.140625 0.484375
vt 0.140625 0.453125
vt 0.14453125 0.45703125
vt 0.14453125 0.45703125
vt 0.140625 0.453125
vt 0.171875 0.453125
vt 0.16796875 0.45703125
vt 0.546875 0.828125
vt 0.546875 0.859375
vt 0.515625 0.859375
vt 0.515625 0.828125
vt 0.21875 0.453125
vt 0.21875 0.484375
vt 0.1875 0.484375
vt 0.1875 0.453125
vt 0.546875 0.78125
vt 0.546875 0.8125
vt 0.515625 0.8125
vt 0.515625 0.78125
vt 0.265625 0.453125
vt 0.265625 0.484375
vt 0.234375 0.484375
vt 0.234375 0.453125
vn 1 0 0
vn -1 0 0
vn 0 1 0
vn 0 -1 0
vn 0 0 1
vn 0 0 -1
vn 0 1 0
vn 0 1 0
vn 0 1 0
vn 0 1 0
vn 1 0 0
vn 0 0 1
vn -1 0 0
vn 0 0 -1
vn 0 -1 0
vn 0 -1 0
vn 0 -1 0
vn 0 -1 0
vn 1 0 0
vn 0 0 1
vn -1 0 0
vn 0 0 -1
usemtl m_588ead83-dc9c-8ea9-80b7-13eeb01f04f2
f 186/673/169 185/674/169 187/675/169 188/676/169
f 191/677/170 189/678/170 190/679/170 192/680/170
f 207/681/171 206/682/171 205/683/171 208/684/171
f 188/685/172 187/686/172 191/687/172 192/688/172
f 187/689/173 185/690/173 189/691/173 191/692/173
f 190/693/174 186/694/174 188/695/174 192/696/174
f 186/697/175 193/698/175 194/699/175 185/700/175
f 185/701/176 194/702/176 195/703/176 189/704/176
f 189/705/177 195/706/177 196/707/177 190/708/177
f 190/709/178 196/710/178 193/711/178 186/712/178
f 193/713/179 197/714/179 198/715/179 194/716/179
f 194/717/180 198/718/180 199/719/180 195/720/180
f 195/721/181 199/722/181 200/723/181 196/724/181
f 196/725/182 200/726/182 197/727/182 193/728/182
f 197/729/183 201/730/183 202/731/183 198/732/183
f 198/733/184 202/734/184 203/735/184 199/736/184
f 199/737/185 203/738/185 204/739/185 200/740/185
f 200/741/186 204/742/186 201/743/186 197/744/186
f 201/745/187 205/746/187 206/747/187 202/748/187
f 202/749/188 206/750/188 207/751/188 203/752/188
f 203/753/189 207/754/189 208/755/189 204/756/189
f 204/757/190 208/758/190 205/759/190 201/760/190
o mesh
v -0.75 0.296875 0.65625
v -0.75 0.296875 0.53125
v -0.75 0.171875 0.65625
v -0.75 0.171875 0.53125
v -0.625 0.296875 0.65625
v -0.625 0.296875 0.53125
v -0.625 0.171875 0.65625
v -0.625 0.171875 0.53125
v -0.734375 0.296875 0.546875
v -0.734375 0.296875 0.640625
v -0.640625 0.296875 0.640625
v -0.640625 0.296875 0.546875
v -0.734375 0.796875 0.546875
v -0.734375 0.796875 0.640625
v -0.640625 0.796875 0.640625
v -0.640625 0.796875 0.546875
v -0.75 0.796875 0.53125
v -0.75 0.796875 0.65625
v -0.625 0.796875 0.65625
v -0.625 0.796875 0.53125
v -0.75 0.921875 0.53125
v -0.75 0.921875 0.65625
v -0.625 0.921875 0.65625
v -0.625 0.921875 0.53125
vt 0.453125 0.96875
vt 0.453125 1
vt 0.421875 1
vt 0.421875 0.96875
vt 0.078125 0.578125
vt 0.046875 0.578125
vt 0.046875 0.546875
vt 0.078125 0.546875
vt 0.421875 0.953125
vt 0.421875 0.921875
vt 0.453125 0.921875
vt 0.453125 0.953125
vt 0.125 0.578125
vt 0.09375 0.578125
vt 0.09375 0.546875
vt 0.125 0.546875
vt 0.453125 0.90625
vt 0.421875 0.90625
vt 0.421875 0.875
vt 0.453125 0.875
vt 0.171875 0.546875
vt 0.171875 0.578125
vt 0.140625 0.578125
vt 0.140625 0.546875
vt 0.42578125 0.83203125
vt 0.42578125 0.85546875
vt 0.421875 0.859375
vt 0.421875 0.828125
vt 0.44921875 0.83203125
vt 0.42578125 0.83203125
vt 0.421875 0.828125
vt 0.453125 0.828125
vt 0.44921875 0.85546875
vt 0.44921875 0.83203125
vt 0.453125 0.828125
vt 0.453125 0.859375
vt 0.42578125 0.85546875
vt 0.44921875 0.85546875
vt 0.453125 0.859375
vt 0.421875 0.859375
vt 0.03125 1
vt 0 1
vt 0 0.875
vt 0.03125 0.875
vt 0.078125 1
vt 0.046875 1
vt 0.046875 0.875
vt 0.078125 0.875
vt 0.125 1
vt 0.09375 1
vt 0.09375 0.875
vt 0.125 0.875
vt 0.03125 0.859375
vt 0 0.859375
vt 0 0.734375
vt 0.03125 0.734375
vt 0.1875 0.578125
vt 0.1875 0.546875
vt 0.19140625 0.55078125
vt 0.19140625 0.57421875
vt 0.21875 0.578125
vt 0.1875 0.578125
vt 0.19140625 0.57421875
vt 0.21484375 0.57421875
vt 0.21875 0.546875
vt 0.21875 0.578125
vt 0.21484375 0.57421875
vt 0.21484375 0.55078125
vt 0.1875 0.546875
vt 0.21875 0.546875
vt 0.21484375 0.55078125
vt 0.19140625 0.55078125
vt 0.453125 0.8125
vt 0.421875 0.8125
vt 0.421875 0.78125
vt 0.453125 0.78125
vt 0.265625 0.578125
vt 0.234375 0.578125
vt 0.234375 0.546875
vt 0.265625 0.546875
vt 0.453125 0.765625
vt 0.421875 0.765625
vt 0.421875 0.734375
vt 0.453125 0.734375
vt 0.3125 0.578125
vt 0.28125 0.578125
vt 0.28125 0.546875
vt 0.3125 0.546875
vn -1 0 0
vn 1 0 0
vn 0 1 0
vn 0 -1 0
vn 0 0 1
vn 0 0 -1
vn 0 1 0
vn 0 1 0
vn 0 1 0
vn 0 1 0
vn -1 0 0
vn 0 0 1
vn 1 0 0
vn 0 0 -1
vn 0 -1 0
vn 0 -1 0
vn 0 -1 0
vn 0 -1 0
vn -1 0 0
vn 0 0 1
vn 1 0 0
vn 0 0 -1
usemtl m_588ead83-dc9c-8ea9-80b7-13eeb01f04f2
f 211/761/191 209/762/191 210/763/191 212/764/191
f 214/765/192 213/766/192 215/767/192 216/768/192
f 229/769/193 230/770/193 231/771/193 232/772/193
f 215/773/194 211/774/194 212/775/194 216/776/194
f 213/777/195 209/778/195 211/779/195 215/780/195
f 212/781/196 210/782/196 214/783/196 216/784/196
f 218/785/197 217/786/197 210/787/197 209/788/197
f 219/789/198 218/790/198 209/791/198 213/792/198
f 220/793/199 219/794/199 213/795/199 214/796/199
f 217/797/200 220/798/200 214/799/200 210/800/200
f 222/801/201 221/802/201 217/803/201 218/804/201
f 223/805/202 222/806/202 218/807/202 219/808/202
f 224/809/203 223/810/203 219/811/203 220/812/203
f 221/813/204 224/814/204 220/815/204 217/816/204
f 226/817/205 225/818/205 221/819/205 222/820/205
f 227/821/206 226/822/206 222/823/206 223/824/206
f 228/825/207 227/826/207 223/827/207 224/828/207
f 225/829/208 228/830/208 224/831/208 221/832/208
f 230/833/209 229/834/209 225/835/209 226/836/209
f 231/837/210 230/838/210 226/839/210 227/840/210
f 232/841/211 231/842/211 227/843/211 228/844/211
f 229/845/212 232/846/212 228/847/212 225/848/212
o mesh
v 0.0625 0.296875 0.65625
v 0.0625 0.296875 0.53125
v 0.0625 0.171875 0.65625
v 0.0625 0.171875 0.53125
v -0.0625 0.296875 0.65625
v -0.0625 0.296875 0.53125
v -0.0625 0.171875 0.65625
v -0.0625 0.171875 0.53125
v 0.046875 0.296875 0.546875
v 0.046875 0.296875 0.640625
v -0.046875 0.296875 0.640625
v -0.046875 0.296875 0.546875
v 0.046875 0.796875 0.546875
v 0.046875 0.796875 0.640625
v -0.046875 0.796875 0.640625
v -0.046875 0.796875 0.546875
v 0.0625 0.796875 0.53125
v 0.0625 0.796875 0.65625
v -0.0625 0.796875 0.65625
v -0.0625 0.796875 0.53125
v 0.0625 0.921875 0.53125
v 0.0625 0.921875 0.65625
v -0.0625 0.921875 0.65625
v -0.0625 0.921875 0.53125
vt 0.546875 0.765625
vt 0.515625 0.765625
vt 0.515625 0.734375
vt 0.546875 0.734375
vt 0.3125 0.453125
vt 0.3125 0.484375
vt 0.28125 0.484375
vt 0.28125 0.453125
vt 0.515625 0.6875
vt 0.546875 0.6875
vt 0.546875 0.71875
vt 0.515625 0.71875
vt 0.359375 0.453125
vt 0.359375 0.484375
vt 0.328125 0.484375
vt 0.328125 0.453125
vt 0.546875 0.640625
vt 0.546875 0.671875
vt 0.515625 0.671875
vt 0.515625 0.640625
vt 0.40625 0.484375
vt 0.375 0.484375
vt 0.375 0.453125
vt 0.40625 0.453125
vt 0.546875 0.625
vt 0.54296875 0.62109375
vt 0.54296875 0.59765625
vt 0.546875 0.59375
vt 0.546875 0.59375
vt 0.54296875 0.59765625
vt 0.51953125 0.59765625
vt 0.515625 0.59375
vt 0.515625 0.59375
vt 0.51953125 0.59765625
vt 0.51953125 0.62109375
vt 0.515625 0.625
vt 0.515625 0.625
vt 0.51953125 0.62109375
vt 0.54296875 0.62109375
vt 0.546875 0.625
vt 0.171875 0.59375
vt 0.171875 0.71875
vt 0.140625 0.71875
vt 0.140625 0.59375
vt 0.3125 0.734375
vt 0.3125 0.859375
vt 0.28125 0.859375
vt 0.28125 0.734375
vt 0.21875 0.59375
vt 0.21875 0.71875
vt 0.1875 0.71875
vt 0.1875 0.59375
vt 0.265625 0.59375
vt 0.265625 0.71875
vt 0.234375 0.71875
vt 0.234375 0.59375
vt 0.44921875 0.45703125
vt 0.453125 0.453125
vt 0.453125 0.484375
vt 0.44921875 0.48046875
vt 0.44921875 0.48046875
vt 0.453125 0.484375
vt 0.421875 0.484375
vt 0.42578125 0.48046875
vt 0.42578125 0.48046875
vt 0.421875 0.484375
vt 0.421875 0.453125
vt 0.42578125 0.45703125
vt 0.42578125 0.45703125
vt 0.421875 0.453125
vt 0.453125 0.453125
vt 0.44921875 0.45703125
vt 0.546875 0.546875
vt 0.546875 0.578125
vt 0.515625 0.578125
vt 0.515625 0.546875
vt 0.5 0.453125
vt 0.5 0.484375
vt 0.46875 0.484375
vt 0.46875 0.453125
vt 0.546875 0.5
vt 0.546875 0.53125
vt 0.515625 0.53125
vt 0.515625 0.5
vt 0.546875 0.453125
vt 0.546875 0.484375
vt 0.515625 0.484375
vt 0.515625 0.453125
vn 1 0 0
vn -1 0 0
vn 0 1 0
vn 0 -1 0
vn 0 0 1
vn 0 0 -1
vn 0 1 0
vn 0 1 0
vn 0 1 0
vn 0 1 0
vn 1 0 0
vn 0 0 1
vn -1 0 0
vn 0 0 -1
vn 0 -1 0
vn 0 -1 0
vn 0 -1 0
vn 0 -1 0
vn 1 0 0
vn 0 0 1
vn -1 0 0
vn 0 0 -1
usemtl m_588ead83-dc9c-8ea9-80b7-13eeb01f04f2
f 234/849/213 233/850/213 235/851/213 236/852/213
f 239/853/214 237/854/214 238/855/214 240/856/214
f 255/857/215 254/858/215 253/859/215 256/860/215
f 236/861/216 235/862/216 239/863/216 240/864/216
f 235/865/217 233/866/217 237/867/217 239/868/217
f 238/869/218 234/870/218 236/871/218 240/872/218
f 234/873/219 241/874/219 242/875/219 233/876/219
f 233/877/220 242/878/220 243/879/220 237/880/220
f 237/881/221 243/882/221 244/883/221 238/884/221
f 238/885/222 244/886/222 241/887/222 234/888/222
f 241/889/223 245/890/223 246/891/223 242/892/223
f 242/893/224 246/894/224 247/895/224 243/896/224
f 243/897/225 247/898/225 248/899/225 244/900/225
f 244/901/226 248/902/226 245/903/226 241/904/226
f 245/905/227 249/906/227 250/907/227 246/908/227
f 246/909/228 250/910/228 251/911/228 247/912/228
f 247/913/229 251/914/229 252/915/229 248/916/229
f 248/917/230 252/918/230 249/919/230 245/920/230
f 249/921/231 253/922/231 254/923/231 250/924/231
f 250/925/232 254/926/232 255/927/232 251/928/232
f 251/929/233 255/930/233 256/931/233 252/932/233
f 252/933/234 256/934/234 253/935/234 249/936/234
o mesh
v 1.4999999999999982 1.023433914126595 0.7832799359371911
v 1.4999999999999993 0.9912745664930289 -0.5982986879058294
v 1.4999999999999982 0.8989095768651267 0.7723854680937338
v 1.4999999999999993 0.8673439588213027 -0.581982913878323
v 1.4999999999999976 1.0002034779981075 0.2525343105869473
v 1.4999999999999976 1.1250845056958396 0.24708188716628038
v 0.08823529411764741 0.9912745664930289 -0.5982986879058294
v 0.08823529411764741 0.8673439588213027 -0.581982913878323
v 0.26470588235294135 0.9912745664930289 -0.5982986879058294
v 0.26470588235294135 0.8673439588213027 -0.581982913878323
v 0.4411764705882355 0.9912745664930289 -0.5982986879058294
v 0.4411764705882355 0.8673439588213027 -0.581982913878323
v 0.6176470588235295 0.9912745664930289 -0.5982986879058294
v 0.6176470588235295 0.8673439588213027 -0.581982913878323
v 0.7941176470588236 0.9912745664930289 -0.5982986879058294
v 0.7941176470588236 0.8673439588213027 -0.581982913878323
v 0.9705882352941176 0.9912745664930289 -0.5982986879058294
v 0.9705882352941176 0.8673439588213027 -0.581982913878323
v 1.1470588235294117 0.9912745664930289 -0.5982986879058294
v 1.1470588235294117 0.8673439588213027 -0.581982913878323
v 1.3235294117647056 0.9912745664930289 -0.5982986879058294
v 1.3235294117647056 0.8673439588213027 -0.581982913878323
v 0.08823529411764763 1.0002034779981075 0.2525343105869473
v 0.26470588235294135 1.0002034779981075 0.2525343105869473
v 0.44117647058823506 1.0002034779981075 0.2525343105869473
v 0.6176470588235289 1.0002034779981075 0.2525343105869473
v 0.7941176470588227 1.0002034779981075 0.2525343105869473
v 0.9705882352941165 1.0002034779981075 0.2525343105869473
v 1.1470588235294104 1.0002034779981075 0.2525343105869473
v 1.323529411764704 1.0002034779981075 0.2525343105869473
v 0.08823529411764741 0.8989095768651267 0.7723854680937338
v 0.26470588235294135 0.8989095768651267 0.7723854680937338
v 0.4411764705882353 0.8989095768651267 0.7723854680937338
v 0.6176470588235292 0.8989095768651267 0.7723854680937338
v 0.794117647058823 0.8989095768651267 0.7723854680937338
v 0.9705882352941169 0.8989095768651267 0.7723854680937338
v 1.1470588235294108 0.8989095768651267 0.7723854680937338
v 1.3235294117647045 0.8989095768651267 0.7723854680937338
v 0.08823529411764741 1.023433914126595 0.7832799359371911
v 0.26470588235294135 1.023433914126595 0.7832799359371911
v 0.4411764705882353 1.023433914126595 0.7832799359371911
v 0.6176470588235292 1.023433914126595 0.7832799359371911
v 0.794117647058823 1.023433914126595 0.7832799359371911
v 0.9705882352941169 1.023433914126595 0.7832799359371911
v 1.1470588235294108 1.023433914126595 0.7832799359371911
v 1.3235294117647045 1.023433914126595 0.7832799359371911
v 0.08823529411764763 1.1250845056958396 0.24708188716628038
v 0.26470588235294135 1.1250845056958396 0.24708188716628038
v 0.44117647058823506 1.1250845056958396 0.24708188716628038
v 0.6176470588235289 1.1250845056958396 0.24708188716628038
v 0.7941176470588227 1.1250845056958396 0.24708188716628038
v 0.9705882352941165 1.1250845056958396 0.24708188716628038
v 1.1470588235294104 1.1250845056958396 0.24708188716628038
v 1.323529411764704 1.1250845056958396 0.24708188716628038
v 0.08823529411764741 0.9293092626571657 -0.5901408008920762
v 0.08823529411764741 0.9611717454958608 0.7778327020154625
v 0.26470588235294135 0.9611717454958608 0.7778327020154625
v 0.4411764705882353 0.9611717454958608 0.7778327020154625
v 0.6176470588235292 0.9611717454958608 0.7778327020154625
v 0.794117647058823 0.9611717454958608 0.7778327020154625
v 0.9705882352941169 0.9611717454958608 0.7778327020154625
v 1.1470588235294108 0.9611717454958608 0.7778327020154625
v 1.3235294117647045 0.9611717454958608 0.7778327020154625
v 1.4999999999999982 0.9611717454958608 0.7778327020154625
v 1.4999999999999976 1.0626439918469734 0.24980809887661382
v 1.4999999999999993 0.9293092626571657 -0.5901408008920762
v 1.3235294117647056 0.9293092626571657 -0.5901408008920762
v 1.1470588235294117 0.9293092626571657 -0.5901408008920762
v 0.9705882352941176 0.9293092626571657 -0.5901408008920762
v 0.7941176470588236 0.9293092626571657 -0.5901408008920762
v 0.6176470588235295 0.9293092626571657 -0.5901408008920762
v 0.4411764705882355 0.9293092626571657 -0.5901408008920762
v 0.26470588235294135 0.9293092626571657 -0.5901408008920762
v 1.5441941738241587 0.8615754615937241 -0.6414240004189466
v 1.5624999999999976 1.0626439918469734 0.24980809887661382
v 1.5441941738241587 0.9235407654295872 -0.6495818874326997
v 1.3235294117647056 0.8591860718075495 -0.6439482177141862
v 1.3235294117647045 0.955724511574132 0.8400948706461966
v 1.5441941738241574 0.957319969451097 0.8374837036656348
v 1.3235294117647045 0.893462342943398 0.8346476367244678
v 1.3235294117647056 0.9211513756434125 -0.6521061047279394
v 0.08823529411764741 0.9211513756434125 -0.6521061047279394
v 0.08823529411764741 0.8591860718075495 -0.6439482177141862
v 0.26470588235294135 0.9211513756434125 -0.6521061047279394
v 0.26470588235294135 0.8591860718075495 -0.6439482177141862
v 0.4411764705882355 0.9211513756434125 -0.6521061047279394
v 0.6176470588235295 0.9211513756434125 -0.6521061047279394
v 0.6176470588235295 0.8591860718075495 -0.6439482177141862
v 0.7941176470588236 0.9211513756434125 -0.6521061047279394
v 0.9705882352941176 0.9211513756434125 -0.6521061047279394
v 0.9705882352941176 0.8591860718075495 -0.6439482177141862
v 1.1470588235294117 0.9211513756434125 -0.6521061047279394
v 0.08823529411764741 0.893462342943398 0.8346476367244678
v 0.26470588235294135 0.893462342943398 0.8346476367244678
v 0.4411764705882353 0.893462342943398 0.8346476367244678
v 0.6176470588235292 0.893462342943398 0.8346476367244678
v 0.794117647058823 0.893462342943398 0.8346476367244678
v 0.9705882352941169 0.893462342943398 0.8346476367244678
v 1.1470588235294108 0.893462342943398 0.8346476367244678
v 0.08823529411764741 0.955724511574132 0.8400948706461966
v 0.26470588235294135 0.955724511574132 0.8400948706461966
v 0.4411764705882353 0.955724511574132 0.8400948706461966
v 0.6176470588235292 0.955724511574132 0.8400948706461966
v 0.794117647058823 0.955724511574132 0.8400948706461966
v 0.9705882352941169 0.955724511574132 0.8400948706461966
v 1.1470588235294108 0.955724511574132 0.8400948706461966
v 1.5624999999999976 1.0002034779981075 0.2525343105869473
v 1.5441941738241574 0.8950578008203629 0.8320364697439061
v 0.4411764705882355 0.8591860718075495 -0.6439482177141862
v 0.7941176470588236 0.8591860718075495 -0.6439482177141862
v 1.1470588235294117 0.8591860718075495 -0.6439482177141862
v 1.324326512105344 0.8510288482790977 -0.7059084818788411
v 1.544991274164797 0.9153835419011356 -0.7115421515973547
v 1.324326512105344 0.9129941521149609 -0.7140663688925943
v 1.544991274164797 0.8534182380652724 -0.7033842645836016
v 0.9705882352941176 0.8510281847937963 -0.7059135215500494
v 1.1470588235294117 0.9129934886296593 -0.7140714085638026
v 0.9705882352941176 0.9129934886296593 -0.7140714085638026
v 1.1470588235294117 0.8510281847937963 -0.7059135215500494
v 0.6176470588235295 0.8510281847937963 -0.7059135215500494
v 0.7941176470588236 0.9129934886296593 -0.7140714085638026
v 0.6176470588235295 0.9129934886296593 -0.7140714085638026
v 0.7941176470588236 0.8510281847937963 -0.7059135215500494
v 0.26470588235294135 0.8510281847937963 -0.7059135215500494
v 0.4411764705882355 0.9129934886296593 -0.7140714085638026
v 0.26470588235294135 0.9129934886296593 -0.7140714085638026
v 0.4411764705882355 0.8510281847937963 -0.7059135215500494
v 0.08823529411764741 0.9129934886296593 -0.7140714085638026
v 0.08823529411764741 0.8510281847937963 -0.7059135215500494
v 0.08823529411764741 0.8880151090216692 0.8969098053552019
v 0.08823529411764741 0.9502772776524032 0.9023570392769307
v 0.4411764705882353 0.8880151090216692 0.8969098053552019
v 0.26470588235294135 0.9502772776524032 0.9023570392769307
v 0.4411764705882353 0.9502772776524032 0.9023570392769307
v 0.26470588235294135 0.8880151090216692 0.8969098053552019
v 0.794117647058823 0.8880151090216692 0.8969098053552019
v 0.6176470588235292 0.9502772776524032 0.9023570392769307
v 0.794117647058823 0.9502772776524032 0.9023570392769307
v 0.6176470588235292 0.8880151090216692 0.8969098053552019
v 1.1470588235294108 0.8880151090216692 0.8969098053552019
v 0.9705882352941169 0.9502772776524032 0.9023570392769307
v 1.1470588235294108 0.9502772776524032 0.9023570392769307
v 0.9705882352941169 0.8880151090216692 0.8969098053552019
v 1.544970258528753 0.8896109868712622 0.8942938380655368
v 1.3243054964693002 0.9502776976250312 0.9023522389678272
v 1.544970258528753 0.9518731555019962 0.8997410719872655
v 1.3243054964693002 0.8880155289942973 0.8969050050460985
v -1.4999999999999982 1.023433914126595 0.7832799359371911
v -1.4999999999999993 0.9912745664930289 -0.5982986879058294
v -1.4999999999999982 0.8989095768651267 0.7723854680937338
v -1.4999999999999993 0.8673439588213027 -0.581982913878323
v -1.4999999999999976 1.0002034779981075 0.2525343105869473
v -1.4999999999999976 1.1250845056958396 0.24708188716628038
v -0.08823529411764741 0.9912745664930289 -0.5982986879058294
v -0.08823529411764741 0.8673439588213027 -0.581982913878323
v -0.26470588235294135 0.9912745664930289 -0.5982986879058294
v -0.26470588235294135 0.8673439588213027 -0.581982913878323
v -0.4411764705882355 0.9912745664930289 -0.5982986879058294
v -0.4411764705882355 0.8673439588213027 -0.581982913878323
v -0.6176470588235295 0.9912745664930289 -0.5982986879058294
v -0.6176470588235295 0.8673439588213027 -0.581982913878323
v -0.7941176470588236 0.9912745664930289 -0.5982986879058294
v -0.7941176470588236 0.8673439588213027 -0.581982913878323
v -0.9705882352941176 0.9912745664930289 -0.5982986879058294
v -0.9705882352941176 0.8673439588213027 -0.581982913878323
v -1.1470588235294117 0.9912745664930289 -0.5982986879058294
v -1.1470588235294117 0.8673439588213027 -0.581982913878323
v -1.3235294117647056 0.9912745664930289 -0.5982986879058294
v -1.3235294117647056 0.8673439588213027 -0.581982913878323
v -0.08823529411764763 1.0002034779981075 0.2525343105869473
v -0.26470588235294135 1.0002034779981075 0.2525343105869473
v -0.44117647058823506 1.0002034779981075 0.2525343105869473
v -0.6176470588235289 1.0002034779981075 0.2525343105869473
v -0.7941176470588227 1.0002034779981075 0.2525343105869473
v -0.9705882352941165 1.0002034779981075 0.2525343105869473
v -1.1470588235294104 1.0002034779981075 0.2525343105869473
v -1.323529411764704 1.0002034779981075 0.2525343105869473
v -0.08823529411764741 0.8989095768651267 0.7723854680937338
v -0.26470588235294135 0.8989095768651267 0.7723854680937338
v -0.4411764705882353 0.8989095768651267 0.7723854680937338
v -0.6176470588235292 0.8989095768651267 0.7723854680937338
v -0.794117647058823 0.8989095768651267 0.7723854680937338
v -0.9705882352941169 0.8989095768651267 0.7723854680937338
v -1.1470588235294108 0.8989095768651267 0.7723854680937338
v -1.3235294117647045 0.8989095768651267 0.7723854680937338
v -0.08823529411764741 1.023433914126595 0.7832799359371911
v -0.26470588235294135 1.023433914126595 0.7832799359371911
v -0.4411764705882353 1.023433914126595 0.7832799359371911
v -0.6176470588235292 1.023433914126595 0.7832799359371911
v -0.794117647058823 1.023433914126595 0.7832799359371911
v -0.9705882352941169 1.023433914126595 0.7832799359371911
v -1.1470588235294108 1.023433914126595 0.7832799359371911
v -1.3235294117647045 1.023433914126595 0.7832799359371911
v -0.08823529411764763 1.1250845056958396 0.24708188716628038
v -0.26470588235294135 1.1250845056958396 0.24708188716628038
v -0.44117647058823506 1.1250845056958396 0.24708188716628038
v -0.6176470588235289 1.1250845056958396 0.24708188716628038
v -0.7941176470588227 1.1250845056958396 0.24708188716628038
v -0.9705882352941165 1.1250845056958396 0.24708188716628038
v -1.1470588235294104 1.1250845056958396 0.24708188716628038
v -1.323529411764704 1.1250845056958396 0.24708188716628038
v -0.08823529411764741 0.9293092626571657 -0.5901408008920762
v -0.08823529411764741 0.9611717454958608 0.7778327020154625
v -0.26470588235294135 0.9611717454958608 0.7778327020154625
v -0.4411764705882353 0.9611717454958608 0.7778327020154625
v -0.6176470588235292 0.9611717454958608 0.7778327020154625
v -0.794117647058823 0.9611717454958608 0.7778327020154625
v -0.9705882352941169 0.9611717454958608 0.7778327020154625
v -1.1470588235294108 0.9611717454958608 0.7778327020154625
v -1.3235294117647045 0.9611717454958608 0.7778327020154625
v -1.4999999999999982 0.9611717454958608 0.7778327020154625
v -1.4999999999999976 1.0626439918469734 0.24980809887661382
v -1.4999999999999993 0.9293092626571657 -0.5901408008920762
v -1.3235294117647056 0.9293092626571657 -0.5901408008920762
v -1.1470588235294117 0.9293092626571657 -0.5901408008920762
v -0.9705882352941176 0.9293092626571657 -0.5901408008920762
v -0.7941176470588236 0.9293092626571657 -0.5901408008920762
v -0.6176470588235295 0.9293092626571657 -0.5901408008920762
v -0.4411764705882355 0.9293092626571657 -0.5901408008920762
v -0.26470588235294135 0.9293092626571657 -0.5901408008920762
v -1.5441941738241587 0.8615754615937241 -0.6414240004189466
v -1.5624999999999976 1.0626439918469734 0.24980809887661382
v -1.5441941738241587 0.9235407654295872 -0.6495818874326997
v -1.3235294117647056 0.8591860718075495 -0.6439482177141862
v -1.3235294117647045 0.955724511574132 0.8400948706461966
v -1.5441941738241574 0.957319969451097 0.8374837036656348
v -1.3235294117647045 0.893462342943398 0.8346476367244678
v -1.3235294117647056 0.9211513756434125 -0.6521061047279394
v -0.08823529411764741 0.9211513756434125 -0.6521061047279394
v -0.08823529411764741 0.8591860718075495 -0.6439482177141862
v -0.26470588235294135 0.9211513756434125 -0.6521061047279394
v -0.26470588235294135 0.8591860718075495 -0.6439482177141862
v -0.4411764705882355 0.9211513756434125 -0.6521061047279394
v -0.6176470588235295 0.9211513756434125 -0.6521061047279394
v -0.6176470588235295 0.8591860718075495 -0.6439482177141862
v -0.7941176470588236 0.9211513756434125 -0.6521061047279394
v -0.9705882352941176 0.9211513756434125 -0.6521061047279394
v -0.9705882352941176 0.8591860718075495 -0.6439482177141862
v -1.1470588235294117 0.9211513756434125 -0.6521061047279394
v -0.08823529411764741 0.893462342943398 0.8346476367244678
v -0.26470588235294135 0.893462342943398 0.8346476367244678
v -0.4411764705882353 0.893462342943398 0.8346476367244678
v -0.6176470588235292 0.893462342943398 0.8346476367244678
v -0.794117647058823 0.893462342943398 0.8346476367244678
v -0.9705882352941169 0.893462342943398 0.8346476367244678
v -1.1470588235294108 0.893462342943398 0.8346476367244678
v -0.08823529411764741 0.955724511574132 0.8400948706461966
v -0.26470588235294135 0.955724511574132 0.8400948706461966
v -0.4411764705882353 0.955724511574132 0.8400948706461966
v -0.6176470588235292 0.955724511574132 0.8400948706461966
v -0.794117647058823 0.955724511574132 0.8400948706461966
v -0.9705882352941169 0.955724511574132 0.8400948706461966
v -1.1470588235294108 0.955724511574132 0.8400948706461966
v -1.5624999999999976 1.0002034779981075 0.2525343105869473
v -1.5441941738241574 0.8950578008203629 0.8320364697439061
v -0.4411764705882355 0.8591860718075495 -0.6439482177141862
v -0.7941176470588236 0.8591860718075495 -0.6439482177141862
v -1.1470588235294117 0.8591860718075495 -0.6439482177141862
v -1.324326512105344 0.8510288482790977 -0.7059084818788411
v -1.544991274164797 0.9153835419011356 -0.7115421515973547
v -1.324326512105344 0.9129941521149609 -0.7140663688925943
v -1.544991274164797 0.8534182380652724 -0.7033842645836016
v -0.9705882352941176 0.8510281847937963 -0.7059135215500494
v -1.1470588235294117 0.9129934886296593 -0.7140714085638026
v -0.9705882352941176 0.9129934886296593 -0.7140714085638026
v -1.1470588235294117 0.8510281847937963 -0.7059135215500494
v -0.6176470588235295 0.8510281847937963 -0.7059135215500494
v -0.7941176470588236 0.9129934886296593 -0.7140714085638026
v -0.6176470588235295 0.9129934886296593 -0.7140714085638026
v -0.7941176470588236 0.8510281847937963 -0.7059135215500494
v -0.26470588235294135 0.8510281847937963 -0.7059135215500494
v -0.4411764705882355 0.9129934886296593 -0.7140714085638026
v -0.26470588235294135 0.9129934886296593 -0.7140714085638026
v -0.4411764705882355 0.8510281847937963 -0.7059135215500494
v -0.08823529411764741 0.9129934886296593 -0.7140714085638026
v -0.08823529411764741 0.8510281847937963 -0.7059135215500494
v -0.08823529411764741 0.8880151090216692 0.8969098053552019
v -0.08823529411764741 0.9502772776524032 0.9023570392769307
v -0.4411764705882353 0.8880151090216692 0.8969098053552019
v -0.26470588235294135 0.9502772776524032 0.9023570392769307
v -0.4411764705882353 0.9502772776524032 0.9023570392769307
v -0.26470588235294135 0.8880151090216692 0.8969098053552019
v -0.794117647058823 0.8880151090216692 0.8969098053552019
v -0.6176470588235292 0.9502772776524032 0.9023570392769307
v -0.794117647058823 0.9502772776524032 0.9023570392769307
v -0.6176470588235292 0.8880151090216692 0.8969098053552019
v -1.1470588235294108 0.8880151090216692 0.8969098053552019
v -0.9705882352941169 0.9502772776524032 0.9023570392769307
v -1.1470588235294108 0.9502772776524032 0.9023570392769307
v -0.9705882352941169 0.8880151090216692 0.8969098053552019
v -1.544970258528753 0.8896109868712622 0.8942938380655368
v -1.3243054964693002 0.9502776976250312 0.9023522389678272
v -1.544970258528753 0.9518731555019962 0.8997410719872655
v -1.3243054964693002 0.8880155289942973 0.8969050050460985
vt 0.43571992187499997 0.66236640625
vt 0.43673945312499995 0.67011171875
vt 0.324292578125 0.6875
vt 0.323951953125 0.67969453125
vt 0.4140625 0.82479296875
vt 0.43612109374999997 0.82479296875
vt 0.43612109374999997 0.93178125
vt 0.4140625 0.93178125
vt 0.01822824490759531 0.8394678151480526
vt 0.040193623588435534 0.8414935736812514
vt 0.03049322845039351 0.9466753360033454
vt 0.008527849769553286 0.9446495774701466
vt 0.0703125 0.9845454374750103
vt 0.0703125 0.9923579422015714
vt 0.0390625 0.992187504726561
vt 0.0390625 0.984375
vt 0.0428418012967179 0.6640625
vt 0.05065431258577224 0.6640625
vt 0.0509081987032821 0.6953125
vt 0.04309568741422776 0.6953125
vt 0.024308103376226575 0.773543672955983
vt 0.04627348205706683 0.7755694314891819
vt 0.040193623588435534 0.8414935736812514
vt 0.01822824490759531 0.8394678151480526
vt 0.323951953125 0.67969453125
vt 0.324292578125 0.6875
vt 0.250797265625 0.6743343749999999
vt 0.251477734375 0.6665515625
vt 0.4140625 0.93178125
vt 0.43612109374999997 0.93178125
vt 0.43612109374999997 1
vt 0.4140625 1
vt 0.0546875 0.6484375
vt 0.0546875 0.65625
vt 0.03125 0.65625
vt 0.03125 0.6484375
vt 0.140625 0.6484375
vt 0.140625 0.65625
vt 0.1171875 0.65625
vt 0.1171875 0.6484375
vt 0.0859375 0.640625
vt 0.0859375 0.6484375
vt 0.0625 0.6484375
vt 0.0625 0.640625
vt 0.171875 0.640625
vt 0.171875 0.6484375
vt 0.1484375 0.6484375
vt 0.1484375 0.640625
vt 0.0234375 0.6328125
vt 0.0234375 0.640625
vt 0 0.640625
vt 0 0.6328125
vt 0.0546875 0.6328125
vt 0.0546875 0.640625
vt 0.03125 0.640625
vt 0.03125 0.6328125
vt 0.1171875 0.6328125
vt 0.1171875 0.640625
vt 0.09375 0.640625
vt 0.09375 0.6328125
vt 0.0859375 0.625
vt 0.0859375 0.6328125
vt 0.0625 0.6328125
vt 0.0625 0.625
vt 0.20621859174291124 0.9628816195080225
vt 0.18425243511347242 0.9608557892284616
vt 0.19395283025151444 0.8556740269063676
vt 0.21591898688095326 0.8576998571859284
vt 0.18425243511347242 0.9608557892284616
vt 0.16228705643263217 0.9588300306952627
vt 0.17198745157067422 0.8536482683731688
vt 0.19395283025151444 0.8556740269063676
vt 0.16228705643263217 0.9588300306952627
vt 0.1403216777517919 0.9568042721620639
vt 0.15002207288983396 0.8516225098399699
vt 0.17198745157067422 0.8536482683731688
vt 0.1403216777517919 0.9568042721620639
vt 0.11835552112235309 0.9547784418825029
vt 0.12805591626039511 0.849596679560409
vt 0.15002207288983396 0.8516225098399699
vt 0.11835552112235309 0.9547784418825029
vt 0.09639014244151285 0.9527526833493041
vt 0.10609053757955489 0.8475709210272101
vt 0.12805591626039511 0.8495966795604089
vt 0.09639014244151284 0.9527526833493041
vt 0.07442476376067259 0.9507269248161052
vt 0.08412515889871462 0.8455451624940112
vt 0.10609053757955487 0.84757092102721
vt 0.07442476376067259 0.9507269248161052
vt 0.05245938507983233 0.9487011662829063
vt 0.06215978021787438 0.8435194039608124
vt 0.08412515889871462 0.8455451624940111
vt 0.052459385079832305 0.9487011662829063
vt 0.030493228450393484 0.9466753360033454
vt 0.04019362358843556 0.8414935736812514
vt 0.06215978021787438 0.8435194039608124
vt 0.2159189868809532 0.8576998571859286
vt 0.19395283025151439 0.8556740269063676
vt 0.20003268872014568 0.7897498847142981
vt 0.2219988453495845 0.7917757149938591
vt 0.19395283025151439 0.8556740269063676
vt 0.17198745157067416 0.8536482683731688
vt 0.17806731003930545 0.7877241261810992
vt 0.20003268872014568 0.7897498847142981
vt 0.17198745157067416 0.8536482683731688
vt 0.1500220728898339 0.8516225098399699
vt 0.1561019313584652 0.7856983676479004
vt 0.17806731003930543 0.7877241261810992
vt 0.1500220728898339 0.8516225098399699
vt 0.1280559162603951 0.8495966795604091
vt 0.13413577472902635 0.7836725373683395
vt 0.1561019313584652 0.7856983676479004
vt 0.1280559162603951 0.8495966795604091
vt 0.10609053757955485 0.8475709210272102
vt 0.11217039604818614 0.7816467788351407
vt 0.13413577472902638 0.7836725373683395
vt 0.10609053757955485 0.8475709210272102
vt 0.0841251588987146 0.8455451624940113
vt 0.09020501736734589 0.7796210203019418
vt 0.11217039604818614 0.7816467788351407
vt 0.0841251588987146 0.8455451624940113
vt 0.062159780217874355 0.8435194039608125
vt 0.06823963868650562 0.7775952617687429
vt 0.09020501736734589 0.7796210203019418
vt 0.062159780217874355 0.8435194039608125
vt 0.040193623588435534 0.8414935736812514
vt 0.04627348205706683 0.7755694314891819
vt 0.06823963868650565 0.7775952617687429
vt 0.328125 0.7265625
vt 0.328125 0.734375
vt 0.3046875 0.734375
vt 0.3046875 0.7265625
vt 0.0234375 0.6796875
vt 0.0234375 0.6875
vt 0 0.6875
vt 0 0.6796875
vt 0.140625 0.6796875
vt 0.140625 0.6875
vt 0.1171875 0.6875
vt 0.1171875 0.6796875
vt 0.109375 0.671875
vt 0.109375 0.6796875
vt 0.0859375 0.6796875
vt 0.0859375 0.671875
vt 0.1015625 0.9921875
vt 0.1015625 1
vt 0.078125 1
vt 0.078125 0.9921875
vt 0.1328125 0.9921875
vt 0.1328125 1
vt 0.109375 1
vt 0.109375 0.9921875
vt 0.171875 0.671875
vt 0.171875 0.6796875
vt 0.1484375 0.6796875
vt 0.1484375 0.671875
vt 0.1640625 0.9921875
vt 0.1640625 1
vt 0.140625 1
vt 0.140625 0.9921875
vt 0.6125921875 1
vt 0.5905328125 1
vt 0.5905328125 0.93178125
vt 0.6125921875 0.93178125
vt 0.5905328125 1
vt 0.56847421875 1
vt 0.56847421875 0.93178125
vt 0.5905328125 0.93178125
vt 0.56847421875 1
vt 0.546415625 1
vt 0.546415625 0.93178125
vt 0.56847421875 0.93178125
vt 0.546415625 1
vt 0.52435625 1
vt 0.52435625 0.93178125
vt 0.546415625 0.93178125
vt 0.52435625 1
vt 0.50229765625 1
vt 0.50229765625 0.93178125
vt 0.52435625 0.93178125
vt 0.50229765625 1
vt 0.4802390625 1
vt 0.4802390625 0.93178125
vt 0.50229765625 0.93178125
vt 0.4802390625 1
vt 0.45818046874999996 1
vt 0.45818046874999996 0.93178125
vt 0.4802390625 0.93178125
vt 0.45818046874999996 1
vt 0.43612109374999997 1
vt 0.43612109374999997 0.93178125
vt 0.45818046874999996 0.93178125
vt 0.6125921875 0.93178125
vt 0.5905328125 0.93178125
vt 0.5905328125 0.82479296875
vt 0.6125921875 0.82479296875
vt 0.5905328125 0.93178125
vt 0.56847421875 0.93178125
vt 0.56847421875 0.82479296875
vt 0.5905328125 0.82479296875
vt 0.56847421875 0.93178125
vt 0.5464156250000001 0.93178125
vt 0.5464156250000001 0.82479296875
vt 0.56847421875 0.82479296875
vt 0.5464156250000001 0.93178125
vt 0.52435625 0.93178125
vt 0.52435625 0.82479296875
vt 0.5464156250000001 0.82479296875
vt 0.52435625 0.93178125
vt 0.50229765625 0.93178125
vt 0.50229765625 0.82479296875
vt 0.52435625 0.82479296875
vt 0.50229765625 0.93178125
vt 0.4802390625 0.93178125
vt 0.4802390625 0.82479296875
vt 0.50229765625 0.82479296875
vt 0.4802390625 0.93178125
vt 0.45818046874999996 0.93178125
vt 0.45818046874999996 0.82479296875
vt 0.4802390625 0.82479296875
vt 0.45818046874999996 0.93178125
vt 0.43612109374999997 0.93178125
vt 0.43612109374999997 0.82479296875
vt 0.45818046874999996 0.82479296875
vt 0.5905328125 0.8125
vt 0.5905328125 0.8046875
vt 0.6125921875 0.8046875
vt 0.6125921875 0.8125
vt 0.5436578125 0.78125
vt 0.5436578125 0.7734375
vt 0.5657171875 0.7734375
vt 0.5657171875 0.78125
vt 0.5657171875 0.78125
vt 0.5657171875 0.7734375
vt 0.58777578125 0.7734375
vt 0.58777578125 0.78125
vt 0.58777578125 0.78125
vt 0.58777578125 0.7734375
vt 0.6098343749999999 0.7734375
vt 0.6098343749999999 0.78125
vt 0.6098343749999999 0.78125
vt 0.6098343749999999 0.7734375
vt 0.63189375 0.7734375
vt 0.63189375 0.78125
vt 0.63189375 0.78125
vt 0.63189375 0.7734375
vt 0.65395234375 0.7734375
vt 0.65395234375 0.78125
vt 0.65395234375 0.78125
vt 0.65395234375 0.7734375
vt 0.6760109375000001 0.7734375
vt 0.6760109375000001 0.78125
vt 0.6760109375000001 0.78125
vt 0.6760109375000001 0.7734375
vt 0.69806953125 0.7734375
vt 0.69806953125 0.78125
vt 0.69806953125 0.78125
vt 0.69806953125 0.7734375
vt 0.72012890625 0.7734375
vt 0.72012890625 0.78125
vt 0.72012890625 0.78125
vt 0.72012890625 0.7734375
vt 0.7421875 0.7734375
vt 0.7421875 0.78125
vt 0.003494921875000001 0.70604296875
vt 0.004176171875000009 0.6982601562499999
vt 0.070179296875 0.71094453125
vt 0.070519921875 0.71875
vt 0.070519921875 0.71875
vt 0.070179296875 0.71094453125
vt 0.17517304687500002 0.69427734375
vt 0.176192578125 0.7020234375000001
vt 0.4140625 0.8125
vt 0.4140625 0.8046875
vt 0.43612109374999997 0.8046875
vt 0.43612109374999997 0.8125
vt 0.43612109374999997 0.8125
vt 0.43612109374999997 0.8046875
vt 0.45818046874999996 0.8046875
vt 0.45818046874999996 0.8125
vt 0.45818046874999996 0.8125
vt 0.45818046874999996 0.8046875
vt 0.4802390625 0.8046875
vt 0.4802390625 0.8125
vt 0.4802390625 0.8125
vt 0.4802390625 0.8046875
vt 0.50229765625 0.8046875
vt 0.50229765625 0.8125
vt 0.50229765625 0.8125
vt 0.50229765625 0.8046875
vt 0.52435625 0.8046875
vt 0.52435625 0.8125
vt 0.52435625 0.8125
vt 0.52435625 0.8046875
vt 0.5464156250000001 0.8046875
vt 0.5464156250000001 0.8125
vt 0.5464156250000001 0.8125
vt 0.5464156250000001 0.8046875
vt 0.56847421875 0.8046875
vt 0.56847421875 0.8125
vt 0.56847421875 0.8125
vt 0.56847421875 0.8046875
vt 0.5905328125 0.8046875
vt 0.5905328125 0.8125
vt 0.5821492683473778 0.6439549479005114
vt 0.5787385480751793 0.7576869681137968
vt 0.5732722096956538 0.750179381305351
vt 0.5743585179599711 0.6438784330700139
vt 0.002342586681173431 0.9515631106257437
vt 0.01044875892181868 0.8387503515272986
vt 0.01822824490759528 0.8394678151480526
vt 0.008527849769553286 0.9446495774701466
vt 0.5001054875920151 0.7245710937500001
vt 0.5275414250920152 0.7274421875
vt 0.5213539250920152 0.734375
vt 0.49938908134201515 0.73234921875
vt 0.019492003096070826 0.7655997840028961
vt 0.04699094567782078 0.7677899455034054
vt 0.046273500589391475 0.7755692305424637
vt 0.02430797377317373 0.7735450534101526
vt 0.5787385480751793 0.7576869681137968
vt 0.5511520964900994 0.7578123838431943
vt 0.5512162322030849 0.750000513336432
vt 0.5732735397555885 0.7501812080382985
vt 0.029777667508117667 0.9544462892279443
vt 0.0023419955777724266 0.951559332079805
vt 0.008531550368705704 0.9446359181273093
vt 0.03049510701639291 0.9466693995792718
vt 0.5805940181859641 0.5693063867331174
vt 0.5821492683473778 0.6439549479005114
vt 0.5743371451043336 0.643878223162066
vt 0.5749971543218628 0.5766759953884274
vt 0.01053336163802937 0.8387672724509972
vt 0.019408277719132033 0.7656479483795608
vt 0.024308103376226575 0.773543672955983
vt 0.018229235936679106 0.8394570693810954
vt 0.3967455815100625 0.7565447012927404
vt 0.37468694992457763 0.7563635992041956
vt 0.374751088644136 0.7485513624902542
vt 0.3968097202296208 0.748732464578799
vt 0.20550258578304723 0.9706573973514074
vt 0.18353648478203824 0.968630963981149
vt 0.18425416199207453 0.9608514976966154
vt 0.20622026299308352 0.9628779310668739
vt 0.41880343187187596 0.7567257969674133
vt 0.3967455815100625 0.7565447012927404
vt 0.3968097202296208 0.748732464578799
vt 0.41886757059143426 0.7489135602534719
vt 0.18353648478203824 0.968630963981149
vt 0.1615711617276577 0.9666046023786115
vt 0.162288838937694 0.9588251360940779
vt 0.18425416199207453 0.9608514976966154
vt 0.4408612822336894 0.7569068926420861
vt 0.41880343187187596 0.7567257969674133
vt 0.41886757059143426 0.7489135602534719
vt 0.4409254209532477 0.7490946559281448
vt 0.1615711617276577 0.9666046023786115
vt 0.13960583867327717 0.964578240776074
vt 0.1403235158833135 0.9567987744915404
vt 0.162288838937694 0.9588251360940779
vt 0.46291991381917424 0.757087994730631
vt 0.4408612822336894 0.7569068926420861
vt 0.4409254209532477 0.7490946559281448
vt 0.46298405253873254 0.7492757580166896
vt 0.13960583867327717 0.964578240776074
vt 0.1176397376722682 0.9625518074058155
vt 0.1183574148823045 0.954772341121282
vt 0.1403235158833135 0.9567987744915404
vt 0.4849777641809877 0.7572690904053038
vt 0.4629199138191743 0.7570879947306309
vt 0.46298405253873254 0.7492757580166896
vt 0.485041902900546 0.7494568536913624
vt 0.11763973767226818 0.9625518074058155
vt 0.09567441461788767 0.9605254458032779
vt 0.09639209182792399 0.9527459795187443
vt 0.1183574148823045 0.954772341121282
vt 0.5070356145428012 0.7574501860799767
vt 0.4849777641809877 0.7572690904053038
vt 0.485041902900546 0.7494568536913624
vt 0.5070997532623595 0.7496379493660353
vt 0.09567441461788767 0.9605254458032779
vt 0.07370909156350713 0.9584990842007404
vt 0.07442676877354346 0.9507196179162068
vt 0.09639209182792399 0.9527459795187444
vt 0.5290934649046146 0.7576312817546496
vt 0.5070356145428012 0.7574501860799767
vt 0.5070997532623595 0.7496379493660353
vt 0.529157603624173 0.7498190450407082
vt 0.07370909156350713 0.9584990842007404
vt 0.051743768509126625 0.9564727225982028
vt 0.05246144571916295 0.9486932563136693
vt 0.07442676877354346 0.9507196179162068
vt 0.5511520964900996 0.7578123838431943
vt 0.5290934649046146 0.7576312817546496
vt 0.529157603624173 0.7498190450407082
vt 0.5512162352096578 0.750000147129253
vt 0.051743768509126625 0.9564727225982028
vt 0.029777667508117667 0.9544462892279443
vt 0.03049534471815399 0.9466668229434108
vt 0.05246144571916295 0.9486932563136693
vt 0.3243782003087807 0.7083856857107548
vt 0.3463445974423826 0.7104089064993759
vt 0.34562805799323215 0.718188477661581
vt 0.3236616608596302 0.7161652568729597
vt 0.20075015234089963 0.7819703987285216
vt 0.22271630897033845 0.7839962290080824
vt 0.22199884534958447 0.7917757149938591
vt 0.20003268872014565 0.7897498847142981
vt 0.3463445974423826 0.7104089064993759
vt 0.3683102166188683 0.7124320556340523
vt 0.3675936771697179 0.7202116267962573
vt 0.34562805799323215 0.718188477661581
vt 0.17878477366005938 0.7799446401953227
vt 0.20075015234089963 0.7819703987285216
vt 0.20003268872014565 0.7897498847142981
vt 0.1780673100393054 0.7877241261810992
vt 0.3683102166188683 0.7124320556340523
vt 0.3902758357953541 0.7144552047687286
vt 0.3895592963462036 0.7222347759309335
vt 0.3675936771697179 0.7202116267962573
vt 0.15681939497921915 0.7779188816621239
vt 0.17878477366005938 0.7799446401953227
vt 0.1780673100393054 0.7877241261810992
vt 0.15610193135846517 0.7856983676479004
vt 0.3902758357953541 0.7144552047687286
vt 0.412242232928956 0.7164784255573499
vt 0.41152569347980555 0.7242579967195548
vt 0.3895592963462036 0.7222347759309335
vt 0.13485323834978033 0.7758930513825628
vt 0.15681939497921915 0.7779188816621239
vt 0.15610193135846517 0.7856983676479004
vt 0.13413577472902635 0.7836725373683395
vt 0.412242232928956 0.7164784255573499
vt 0.4342078521054417 0.7185015746920261
vt 0.43349131265629126 0.7262811458542311
vt 0.41152569347980555 0.7242579967195548
vt 0.11288785966894009 0.773867292849364
vt 0.13485323834978033 0.7758930513825628
vt 0.13413577472902635 0.7836725373683395
vt 0.11217039604818611 0.7816467788351407
vt 0.4342078521054417 0.7185015746920261
vt 0.4561734712819275 0.7205247238267025
vt 0.455456931832777 0.7283042949889075
vt 0.43349131265629126 0.7262811458542311
vt 0.09092248098809984 0.7718415343161651
vt 0.11288785966894009 0.773867292849364
vt 0.11217039604818611 0.7816467788351407
vt 0.09020501736734586 0.7796210203019418
vt 0.4561734712819275 0.7205247238267025
vt 0.4781390904584132 0.7225478729613788
vt 0.47742255100926273 0.7303274441235837
vt 0.455456931832777 0.7283042949889075
vt 0.0689571023072596 0.7698157757829663
vt 0.09092248098809984 0.7718415343161651
vt 0.09020501736734586 0.7796210203019418
vt 0.06823963868650562 0.7775952617687429
vt 0.4781390904584132 0.7225478729613788
vt 0.5001054875920151 0.7245710937500001
vt 0.49938894814286466 0.7323506649122049
vt 0.47742255100926273 0.7303274441235837
vt 0.04699094567782078 0.7677899455034054
vt 0.0689571023072596 0.7698157757829663
vt 0.06823963868650562 0.7775952617687429
vt 0.0462734820570668 0.775569431489182
vt 0.171875 0.6171875
vt 0.171875 0.609375
vt 0.1796875 0.609375
vt 0.1796875 0.6171875
vt 0.5787735392515051 0.7654995238156233
vt 0.5511879957359349 0.765625
vt 0.5511522256980113 0.757812383255779
vt 0.5787385480751793 0.7576869681137968
vt 0.443466015625 0.661346875
vt 0.44448554687499997 0.6690921875
vt 0.43673945312499995 0.67011171875
vt 0.43571992187499997 0.66236640625
vt 0.02895982895235011 0.9622160639984505
vt 0.001525490756941833 0.9593283993806319
vt 0.002342531004271814 0.9515593884208111
vt 0.029777667508117694 0.9544462892279443
vt 0 0.9765625
vt 0 0.96875
vt 0.0078125 0.96875
vt 0.0078125 0.9765625
vt 0.5290293261850564 0.7654435184685908
vt 0.5069714758232429 0.765262422793918
vt 0.5070356145428012 0.7574501860799767
vt 0.5290934649046146 0.7576312817546496
vt 0.078125 0.9765625
vt 0.0859375 0.9765625
vt 0.0859375 0.984375
vt 0.078125 0.984375
vt 0.07299141435347081 0.9662785504852739
vt 0.051026091299090304 0.9642521888827363
vt 0.051743768509126625 0.9564727225982028
vt 0.07370909156350713 0.9584990842007404
vt 0 0.78125
vt 0 0.7734375
vt 0.0078125 0.7734375
vt 0.0078125 0.78125
vt 0.4849136254614294 0.7650813271192451
vt 0.46285577509961595 0.7649002314445723
vt 0.46291991381917424 0.7570879947306309
vt 0.4849777641809877 0.7572690904053038
vt 0 0.7578125
vt 0.0078125 0.7578125
vt 0.0078125 0.765625
vt 0 0.765625
vt 0.11692206046223186 0.970331273690349
vt 0.09495673740785134 0.9683049120878114
vt 0.09567441461788767 0.9605254458032779
vt 0.11763973767226818 0.9625518074058155
vt 0.1640625 0.7578125
vt 0.1640625 0.75
vt 0.171875 0.75
vt 0.171875 0.7578125
vt 0.44079714351413113 0.7647191293560275
vt 0.4187392931523176 0.7645380336813546
vt 0.41880343187187596 0.7567257969674133
vt 0.4408612822336894 0.7569068926420861
vt 0.1328125 0.71875
vt 0.140625 0.71875
vt 0.140625 0.7265625
vt 0.1328125 0.7265625
vt 0.1608534845176214 0.9743840686631451
vt 0.13888816146324087 0.9723577070606075
vt 0.13960583867327717 0.964578240776074
vt 0.1615711617276577 0.9666046023786115
vt 0.3966814427905042 0.7643569380066817
vt 0.3746228112050194 0.764175835918137
vt 0.37468694992457763 0.7563635992041956
vt 0.3967455815100625 0.7565447012927404
vt 0.125 0.6328125
vt 0.1328125 0.6328125
vt 0.1328125 0.640625
vt 0.125 0.640625
vt 0.20478490857301093 0.978436863635941
vt 0.18281880757200195 0.9764104302656825
vt 0.18353648478203824 0.968630963981149
vt 0.20550258578304723 0.9706573973514074
vt 0.09375 0.625
vt 0.09375 0.6171875
vt 0.1015625 0.6171875
vt 0.1015625 0.625
vt 0.32509473975793113 0.7006061145485498
vt 0.34706113689153306 0.7026293353371711
vt 0.3463445974423826 0.7104089064993759
vt 0.3243782003087807 0.7083856857107548
vt 0.2014676159616536 0.7741909127427449
vt 0.22343377259109243 0.7762167430223059
vt 0.22271630897033845 0.7839962290080824
vt 0.20075015234089963 0.7819703987285216
vt 0.125 0.625
vt 0.125 0.6171875
vt 0.1328125 0.6171875
vt 0.1328125 0.625
vt 0.3690267560680188 0.7046524844718474
vt 0.39099237524450453 0.7066756336065236
vt 0.3902758357953541 0.7144552047687286
vt 0.3683102166188683 0.7124320556340523
vt 0.2421875 0.6171875
vt 0.25 0.6171875
vt 0.25 0.625
vt 0.2421875 0.625
vt 0.15753685859997313 0.7701393956763471
vt 0.17950223728081338 0.772165154209546
vt 0.1787847736600594 0.7799446401953227
vt 0.15681939497921915 0.7779188816621239
vt 0.2578125 0.625
vt 0.2578125 0.6171875
vt 0.265625 0.6171875
vt 0.265625 0.625
vt 0.41295877237810646 0.7086988543951449
vt 0.43492439155459217 0.7107220035298212
vt 0.4342078521054417 0.7185015746920261
vt 0.412242232928956 0.7164784255573499
vt 0.2734375 0.6171875
vt 0.28125 0.6171875
vt 0.28125 0.625
vt 0.2734375 0.625
vt 0.11360532328969407 0.7660878068635875
vt 0.1355707019705343 0.7681135653967863
vt 0.13485323834978033 0.7758930513825628
vt 0.11288785966894009 0.773867292849364
vt 0.375 0.625
vt 0.375 0.6171875
vt 0.3828125 0.6171875
vt 0.3828125 0.625
vt 0.45689001073107793 0.7127451526644974
vt 0.4788556299075637 0.7147683017991738
vt 0.47813909045841324 0.7225478729613788
vt 0.4561734712819275 0.7205247238267025
vt 0.0625 0.609375
vt 0.0703125 0.609375
vt 0.0703125 0.6171875
vt 0.0625 0.6171875
vt 0.06967456592801358 0.7620362897971897
vt 0.09163994460885383 0.7640620483303886
vt 0.09092248098809985 0.7718415343161651
vt 0.0689571023072596 0.7698157757829663
vt 0.243014453125 0.673653125
vt 0.243694921875 0.6658703125000001
vt 0.251477734375 0.6665515625
vt 0.250797265625 0.6743343749999999
vt 0.5009186203765177 0.7168016079211005
vt 0.5283547129799147 0.7196719350766856
vt 0.5275415634178873 0.7274422019754138
vt 0.5001054875920151 0.7245710937500001
vt 0.140625 0.609375
vt 0.1484375 0.609375
vt 0.1484375 0.6171875
vt 0.140625 0.6171875
vt 0.0201119247273622 0.7578125
vt 0.04761067406873945 0.7600026461098222
vt 0.0469907524374481 0.7677899301127181
vt 0.019492003096070826 0.7655997840028961
vt 0.3319578125 0.65625
vt 0.2195109375 0.6388617187500001
vt 0.22053046874999999 0.6311164062500001
vt 0.3322984375 0.64844453125
vt 0.76700390625 0.93178125
vt 0.76700390625 0.82479296875
vt 0.7890625 0.82479296875
vt 0.7890625 0.93178125
vt 0.3599777984059901 0.9770620727331387
vt 0.3696781935440321 0.8718803104110447
vt 0.39164357222487234 0.8739060689442435
vt 0.38194317708683034 0.9790878312663376
vt 0.07413353362577532 0.6640625
vt 0.07430397110078575 0.6953125
vt 0.06649146637422468 0.6953125
vt 0.06632102889921425 0.6640625
vt 0.03125 0.9924413974065642
vt 0 0.9921875112890544
vt 0 0.984375
vt 0.03125 0.9846288861175099
vt 0.3696781935440321 0.8718803104110447
vt 0.3757580520126633 0.8059561682189752
vt 0.3977234306935036 0.8079819267521741
vt 0.39164357222487234 0.8739060689442435
vt 0.40545234375 0.6430843749999999
vt 0.3319578125 0.65625
vt 0.3322984375 0.64844453125
vt 0.404771875 0.6353015625
vt 0.76700390625 1
vt 0.76700390625 0.93178125
vt 0.7890625 0.93178125
vt 0.7890625 1
vt 0.0234375 0.65625
vt 0 0.65625
vt 0 0.6484375
vt 0.0234375 0.6484375
vt 0.234375 0.6640625
vt 0.2109375 0.6640625
vt 0.2109375 0.65625
vt 0.234375 0.65625
vt 0.171875 0.6640625
vt 0.1484375 0.6640625
vt 0.1484375 0.65625
vt 0.171875 0.65625
vt 0.109375 0.6640625
vt 0.0859375 0.6640625
vt 0.0859375 0.65625
vt 0.109375 0.65625
vt 0.140625 0.671875
vt 0.1171875 0.671875
vt 0.1171875 0.6640625
vt 0.140625 0.6640625
vt 0.0234375 0.671875
vt 0 0.671875
vt 0 0.6640625
vt 0.0234375 0.6640625
vt 0.234375 0.6796875
vt 0.2109375 0.6796875
vt 0.2109375 0.671875
vt 0.234375 0.671875
vt 0.23788436556179351 0.8597256157191273
vt 0.22818397042375146 0.9649073780412214
vt 0.20621859174291124 0.9628816195080225
vt 0.21591898688095326 0.8576998571859286
vt 0.25984974424263374 0.8617513742523262
vt 0.25014934910459174 0.9669331365744203
vt 0.22818397042375146 0.9649073780412214
vt 0.23788436556179351 0.8597256157191274
vt 0.28181590087207264 0.8637772045318872
vt 0.27211550573403054 0.9689589668539812
vt 0.25014934910459174 0.9669331365744203
vt 0.25984974424263374 0.8617513742523263
vt 0.3037812795529128 0.8658029630650861
vt 0.2940808844148708 0.9709847253871801
vt 0.27211550573403054 0.9689589668539812
vt 0.28181590087207264 0.8637772045318872
vt 0.32574665823375304 0.867828721598285
vt 0.31604626309571104 0.9730104839203789
vt 0.2940808844148708 0.9709847253871801
vt 0.3037812795529128 0.8658029630650861
vt 0.3477120369145933 0.8698544801314838
vt 0.3380116417765513 0.9750362424535778
vt 0.31604626309571104 0.9730104839203789
vt 0.32574665823375304 0.867828721598285
vt 0.3696781935440321 0.8718803104110446
vt 0.3599777984059901 0.9770620727331387
vt 0.3380116417765513 0.9750362424535778
vt 0.3477120369145933 0.8698544801314838
vt 0.24396422403042475 0.793801473527058
vt 0.23788436556179346 0.8597256157191274
vt 0.2159189868809532 0.8576998571859286
vt 0.2219988453495845 0.7917757149938591
vt 0.265929602711265 0.7958272320602569
vt 0.25984974424263374 0.8617513742523263
vt 0.23788436556179346 0.8597256157191274
vt 0.24396422403042475 0.793801473527058
vt 0.28789575934070377 0.7978530623398177
vt 0.28181590087207253 0.8637772045318872
vt 0.25984974424263374 0.8617513742523263
vt 0.265929602711265 0.7958272320602569
vt 0.309861138021544 0.7998788208730165
vt 0.3037812795529128 0.8658029630650861
vt 0.28181590087207253 0.8637772045318872
vt 0.28789575934070377 0.7978530623398177
vt 0.3318265167023843 0.8019045794062154
vt 0.32574665823375304 0.867828721598285
vt 0.3037812795529128 0.8658029630650861
vt 0.309861138021544 0.7998788208730165
vt 0.35379189538322453 0.8039303379394143
vt 0.3477120369145933 0.8698544801314838
vt 0.32574665823375304 0.867828721598285
vt 0.3318265167023843 0.8019045794062154
vt 0.3757580520126633 0.8059561682189752
vt 0.3696781935440321 0.8718803104110447
vt 0.3477120369145933 0.8698544801314838
vt 0.35379189538322453 0.8039303379394143
vt 0.109375 0.6953125
vt 0.0859375 0.6953125
vt 0.0859375 0.6875
vt 0.109375 0.6875
vt 0.296875 0.734375
vt 0.2734375 0.734375
vt 0.2734375 0.7265625
vt 0.296875 0.7265625
vt 0.265625 0.734375
vt 0.2421875 0.734375
vt 0.2421875 0.7265625
vt 0.265625 0.7265625
vt 0.234375 0.734375
vt 0.2109375 0.734375
vt 0.2109375 0.7265625
vt 0.234375 0.7265625
vt 0.2578125 1
vt 0.234375 1
vt 0.234375 0.9921875
vt 0.2578125 0.9921875
vt 0.2265625 1
vt 0.203125 1
vt 0.203125 0.9921875
vt 0.2265625 0.9921875
vt 0.1953125 1
vt 0.171875 1
vt 0.171875 0.9921875
vt 0.1953125 0.9921875
vt 0.63465078125 0.93178125
vt 0.63465078125 1
vt 0.6125921875 1
vt 0.6125921875 0.93178125
vt 0.6567093749999999 0.93178125
vt 0.6567093749999999 1
vt 0.63465078125 1
vt 0.63465078125 0.93178125
vt 0.6787687499999999 0.93178125
vt 0.6787687499999999 1
vt 0.6567093749999999 1
vt 0.6567093749999999 0.93178125
vt 0.7008273437499999 0.93178125
vt 0.70082734375 1
vt 0.67876875 1
vt 0.6787687499999999 0.93178125
vt 0.7228859375 0.93178125
vt 0.7228859375000001 1
vt 0.70082734375 1
vt 0.7008273437499999 0.93178125
vt 0.74494453125 0.93178125
vt 0.74494453125 1
vt 0.7228859375000001 1
vt 0.7228859375 0.93178125
vt 0.76700390625 0.93178125
vt 0.76700390625 1
vt 0.74494453125 1
vt 0.74494453125 0.93178125
vt 0.63465078125 0.82479296875
vt 0.63465078125 0.93178125
vt 0.6125921875 0.93178125
vt 0.6125921875 0.82479296875
vt 0.6567093749999999 0.82479296875
vt 0.6567093749999999 0.93178125
vt 0.63465078125 0.93178125
vt 0.63465078125 0.82479296875
vt 0.67876875 0.82479296875
vt 0.67876875 0.93178125
vt 0.6567093749999999 0.93178125
vt 0.6567093749999999 0.82479296875
vt 0.70082734375 0.82479296875
vt 0.70082734375 0.93178125
vt 0.67876875 0.93178125
vt 0.67876875 0.82479296875
vt 0.7228859375000001 0.82479296875
vt 0.7228859375000001 0.93178125
vt 0.70082734375 0.93178125
vt 0.70082734375 0.82479296875
vt 0.74494453125 0.82479296875
vt 0.74494453125 0.93178125
vt 0.7228859375000001 0.93178125
vt 0.7228859375000001 0.82479296875
vt 0.76700390625 0.82479296875
vt 0.76700390625 0.93178125
vt 0.74494453125 0.93178125
vt 0.74494453125 0.82479296875
vt 0.52159921875 0.7734375
vt 0.5436578125 0.7734375
vt 0.5436578125 0.78125
vt 0.52159921875 0.78125
vt 0.499540625 0.7734375
vt 0.52159921875 0.7734375
vt 0.52159921875 0.78125
vt 0.499540625 0.78125
vt 0.47748124999999997 0.7734375
vt 0.499540625 0.7734375
vt 0.499540625 0.78125
vt 0.47748124999999997 0.78125
vt 0.45542265625 0.7734375
vt 0.47748124999999997 0.7734375
vt 0.47748124999999997 0.78125
vt 0.45542265625 0.78125
vt 0.4333640625 0.7734375
vt 0.45542265625 0.7734375
vt 0.45542265625 0.78125
vt 0.4333640625 0.78125
vt 0.41130546874999996 0.7734375
vt 0.4333640625 0.7734375
vt 0.4333640625 0.78125
vt 0.41130546874999996 0.78125
vt 0.38924609374999997 0.7734375
vt 0.41130546874999996 0.7734375
vt 0.41130546874999996 0.78125
vt 0.38924609374999997 0.78125
vt 0.3671875 0.7734375
vt 0.38924609374999997 0.7734375
vt 0.38924609374999997 0.78125
vt 0.3671875 0.78125
vt 0.10950820312500001 0.7432296875
vt 0.175511328125 0.7305453125
vt 0.176192578125 0.738328125
vt 0.109167578125 0.75103515625
vt 0.004514453125000012 0.7265625
vt 0.10950820312500001 0.7432296875
vt 0.109167578125 0.75103515625
vt 0.003494921875000001 0.73430859375
vt 0.76700390625 0.8046875
vt 0.7890625 0.8046875
vt 0.7890625 0.8125
vt 0.76700390625 0.8125
vt 0.74494453125 0.8046875
vt 0.76700390625 0.8046875
vt 0.76700390625 0.8125
vt 0.74494453125 0.8125
vt 0.7228859375000001 0.8046875
vt 0.74494453125 0.8046875
vt 0.74494453125 0.8125
vt 0.7228859375000001 0.8125
vt 0.70082734375 0.8046875
vt 0.7228859375000001 0.8046875
vt 0.7228859375000001 0.8125
vt 0.70082734375 0.8125
vt 0.67876875 0.8046875
vt 0.70082734375 0.8046875
vt 0.70082734375 0.8125
vt 0.67876875 0.8125
vt 0.6567093749999999 0.8046875
vt 0.67876875 0.8046875
vt 0.67876875 0.8125
vt 0.6567093749999999 0.8125
vt 0.63465078125 0.8046875
vt 0.6567093749999999 0.8046875
vt 0.6567093749999999 0.8125
vt 0.63465078125 0.8125
vt 0.6125921875 0.8046875
vt 0.63465078125 0.8046875
vt 0.63465078125 0.8125
vt 0.6125921875 0.8125
vt 0.19828164998980893 0.7471083883067366
vt 0.1927001860254122 0.7545187408676892
vt 0.1912882316526222 0.6407443335259999
vt 0.19910049988589246 0.6408045107761585
vt 0.39164340657837327 0.8739078650556846
vt 0.39940142731462636 0.8746199676367395
vt 0.38677895992430666 0.9870167904310503
vt 0.38194317708683034 0.9790878312663376
vt 0.19969651439466526 0.5736053332491364
vt 0.194171204295486 0.5661353090987131
vt 0.22175511047424976 0.5657935922073337
vt 0.22175511047424976 0.5736059453700163
vt 0.3757578056935036 0.805956145502174
vt 0.37647499319350364 0.798177239252174
vt 0.40391014944350356 0.8010491142521741
vt 0.3977234306935036 0.8079819267521741
vt 0.22034454661911637 0.7472869740780029
vt 0.2202804349445408 0.7550959166537421
vt 0.19270018602541217 0.7545187408676892
vt 0.19828777532614555 0.7471002558701396
vt 0.38194317708683023 0.9790878312663376
vt 0.38676172623748095 0.9870246924134723
vt 0.35926140305696785 0.9848420721046116
vt 0.35997911821677164 0.9770621944527772
vt 0.19901855491566717 0.6408038795608924
vt 0.1912882316526222 0.6407443335259999
vt 0.194171204295486 0.5661353090987131
vt 0.19969716666140278 0.5736062150907333
vt 0.397722856722607 0.8079881503409627
vt 0.40390539344922793 0.8011041792321114
vt 0.39942305821064894 0.8746235325649976
vt 0.39164357222487234 0.8739060689442435
vt 0.374751088644136 0.7485513624902542
vt 0.37468694992457763 0.7563635992041956
vt 0.3526290995627642 0.7561825035295228
vt 0.3526932382823225 0.7483702668155814
vt 0.22818558604746403 0.9649042926694114
vt 0.22746790883742776 0.9726837589539449
vt 0.20550258578304723 0.9706573973514074
vt 0.20622026299308352 0.9628779310668739
vt 0.3526932382823225 0.7483702668155814
vt 0.3526290995627642 0.7561825035295228
vt 0.33057124920095077 0.7560014078548499
vt 0.33063538792050906 0.7481891711409085
vt 0.25015090910184457 0.9669306542719488
vt 0.2494332318918083 0.9747101205564823
vt 0.22746790883742776 0.9726837589539449
vt 0.22818558604746403 0.9649042926694114
vt 0.33063538792050906 0.7481891711409085
vt 0.33057124920095077 0.7560014078548499
vt 0.3085126176154659 0.7558203057663051
vt 0.30857675633502424 0.7480080690523637
vt 0.2721170101028536 0.9689570876422072
vt 0.27139933289281726 0.9767365539267409
vt 0.2494332318918083 0.9747101205564824
vt 0.25015090910184457 0.9669306542719488
vt 0.30857675633502424 0.7480080690523637
vt 0.30851261761546594 0.7558203057663051
vt 0.2864547672536525 0.7556392100916323
vt 0.2865189059732108 0.747826973377691
vt 0.2940823331572341 0.9709834492447448
vt 0.29336465594719785 0.9787629155292783
vt 0.27139933289281726 0.9767365539267409
vt 0.2721170101028536 0.9689570876422072
vt 0.2865189059732108 0.7478269733776909
vt 0.2864547672536525 0.7556392100916323
vt 0.26439691689183903 0.7554581144169595
vt 0.2644610556113973 0.7476458777030182
vt 0.3160476562116147 0.9730098108472822
vt 0.31532997900157833 0.9807892771318157
vt 0.29336465594719785 0.9787629155292783
vt 0.2940823331572341 0.9709834492447448
vt 0.2644610556113973 0.7476458777030182
vt 0.26439691689183903 0.7554581144169594
vt 0.2423390665300256 0.7552770187422867
vt 0.24240320524958386 0.7474647820283453
vt 0.33801297926599516 0.9750361724498195
vt 0.3372953020559589 0.9828156387343532
vt 0.31532997900157833 0.9807892771318157
vt 0.3160476562116147 0.9730098108472822
vt 0.24240320524958386 0.7474647820283453
vt 0.24233906653002563 0.7552770187422867
vt 0.22028043494454078 0.7550959166537421
vt 0.220344573664099 0.7472836799398007
vt 0.3599790802670042 0.9770626058200781
vt 0.35926140305696785 0.9848420721046116
vt 0.3372953020559589 0.9828156387343532
vt 0.33801297926599516 0.9750361724498195
vt 0.30169604168314446 0.7141421077382835
vt 0.30241258113229497 0.7063625365760784
vt 0.3243782003087807 0.7083856857107548
vt 0.3236616608596302 0.7161652568729597
vt 0.22199884534958447 0.7917757149938591
vt 0.22271630897033845 0.7839962290080824
vt 0.24468168765117868 0.7860219875412813
vt 0.2439642240304247 0.7938014735270579
vt 0.27973042250665875 0.7121189586036071
vt 0.2804469619558092 0.7043393874414021
vt 0.30241258113229497 0.7063625365760784
vt 0.30169604168314446 0.7141421077382835
vt 0.2439642240304247 0.793801473527058
vt 0.24468168765117868 0.7860219875412813
vt 0.26664706633201896 0.7880477460744801
vt 0.265929602711265 0.7958272320602567
vt 0.2577640253730568 0.7100957378149859
vt 0.25848056482220727 0.7023161666527808
vt 0.2804469619558092 0.7043393874414021
vt 0.27973042250665875 0.7121189586036071
vt 0.265929602711265 0.7958272320602567
vt 0.26664706633201896 0.7880477460744801
vt 0.28861322296145775 0.7900735763540411
vt 0.28789575934070377 0.7978530623398177
vt 0.23579840619657108 0.7080725886803095
vt 0.23651494564572154 0.7002930175181046
vt 0.25848056482220727 0.7023161666527808
vt 0.2577640253730568 0.7100957378149859
vt 0.28789575934070377 0.7978530623398177
vt 0.28861322296145775 0.7900735763540411
vt 0.310578601642298 0.7920993348872399
vt 0.309861138021544 0.7998788208730165
vt 0.21383278702008535 0.7060494395456333
vt 0.2145493264692358 0.6982698683834283
vt 0.23651494564572154 0.7002930175181046
vt 0.23579840619657108 0.7080725886803095
vt 0.309861138021544 0.7998788208730165
vt 0.310578601642298 0.7920993348872399
vt 0.33254398032313826 0.7941250934204388
vt 0.3318265167023843 0.8019045794062154
vt 0.24381448547424975 0.5736060922073337
vt 0.24381448547424975 0.5657935922073337
vt 0.26587307922424974 0.5657935922073337
vt 0.26587307922424974 0.5736060922073337
vt 0.3318265167023843 0.8019045794062154
vt 0.33254398032313826 0.7941250934204388
vt 0.3545093590039785 0.7961508519536377
vt 0.35379189538322453 0.8039303379394143
vt 0.22175511047424976 0.5736060922073337
vt 0.22175511047424976 0.5657935922073337
vt 0.24381448547424975 0.5657935922073337
vt 0.24381448547424975 0.5736060922073337
vt 0.35379189538322453 0.8039303379394143
vt 0.3545093590039785 0.7961508519536377
vt 0.3764755156334173 0.7981766822331986
vt 0.3757580520126633 0.8059561682189752
vt 0.15625 0.6171875
vt 0.15625 0.609375
vt 0.1640625 0.609375
vt 0.1640625 0.6171875
vt 0.22028043494454078 0.7550959166537421
vt 0.22011672164252383 0.7629068998084056
vt 0.192536932666268 0.7623296690508525
vt 0.19269986621144544 0.754518734174897
vt 0.2195109375 0.6388617187500001
vt 0.21176484375 0.6378421875
vt 0.21278437500000003 0.630096875
vt 0.22053046874999999 0.6311164062500001
vt 0.38676172623748095 0.9870246924134722
vt 0.38614320480728426 0.9948120229766344
vt 0.3586437199118565 0.9926303150101133
vt 0.3592615962961344 0.9848420874414398
vt 0.328125 0.6328125
vt 0.328125 0.625
vt 0.3359375 0.625
vt 0.3359375 0.6328125
vt 0.26439691689183903 0.7554581144169595
vt 0.2643327781722808 0.7632703511309009
vt 0.2422749278104673 0.7630892554562281
vt 0.24233906653002557 0.7552770187422867
vt 0.3203125 0.6328125
vt 0.3125 0.6328125
vt 0.3125 0.625
vt 0.3203125 0.625
vt 0.3372953020559589 0.9828156387343532
vt 0.3365776248459227 0.9905951050188867
vt 0.3146123017915421 0.9885687434163493
vt 0.31532997900157833 0.9807892771318157
vt 0.296875 0.6328125
vt 0.296875 0.625
vt 0.3046875 0.625
vt 0.3046875 0.6328125
vt 0.3085126176154659 0.7558203057663051
vt 0.30844847889590765 0.7636325424802465
vt 0.2863906285340942 0.7634514468055736
vt 0.2864547672536525 0.7556392100916323
vt 0.1796875 0.6328125
vt 0.171875 0.6328125
vt 0.171875 0.625
vt 0.1796875 0.625
vt 0.29336465594719785 0.9787629155292783
vt 0.2926469787371615 0.9865423818138118
vt 0.270681655682781 0.9845160202112744
vt 0.27139933289281726 0.9767365539267409
vt 0.15625 0.6328125
vt 0.15625 0.625
vt 0.1640625 0.625
vt 0.1640625 0.6328125
vt 0.3526290995627642 0.7561825035295228
vt 0.3525649608432059 0.7639947402434641
vt 0.3305071104813925 0.7638136445687913
vt 0.33057124920095077 0.7560014078548499
vt 0.1484375 0.6328125
vt 0.140625 0.6328125
vt 0.140625 0.625
vt 0.1484375 0.625
vt 0.2494332318918083 0.9747101205564823
vt 0.248715554681772 0.982489586841016
vt 0.22675023162739147 0.9804632252384785
vt 0.22746790883742776 0.9726837589539449
vt 0.34375 0.734375
vt 0.3359375 0.734375
vt 0.3359375 0.7265625
vt 0.34375 0.7265625
vt 0.109375 0.625
vt 0.109375 0.6171875
vt 0.1171875 0.6171875
vt 0.1171875 0.625
vt 0.046875 0.625
vt 0.046875 0.6171875
vt 0.0546875 0.6171875
vt 0.0546875 0.625
vt 0.2804469619558092 0.7043393874414021
vt 0.28116350140495966 0.6965598162791972
vt 0.30312912058144537 0.6985829654138735
vt 0.30241258113229497 0.7063625365760784
vt 0.0390625 0.625
vt 0.03125 0.625
vt 0.03125 0.6171875
vt 0.0390625 0.6171875
vt 0.24468168765117868 0.7860219875412813
vt 0.24539915127193265 0.7782425015555047
vt 0.26736452995277293 0.7802682600887035
vt 0.26664706633201896 0.7880477460744801
vt 0.015625 0.625
vt 0.015625 0.6171875
vt 0.0234375 0.6171875
vt 0.0234375 0.625
vt 0.23651494564572154 0.7002930175181046
vt 0.237231485094872 0.6925134463558996
vt 0.2591971042713577 0.694536595490576
vt 0.25848056482220727 0.7023161666527808
vt 0.0078125 0.625
vt 0 0.625
vt 0 0.6171875
vt 0.0078125 0.6171875
vt 0.28861322296145775 0.7900735763540411
vt 0.2893306865822117 0.7822940903682645
vt 0.311296065263052 0.7843198489014633
vt 0.310578601642298 0.7920993348872399
vt 0.359375 0.6328125
vt 0.359375 0.625
vt 0.3671875 0.625
vt 0.3671875 0.6328125
vt 0.24381448547424975 0.5657935922073337
vt 0.24381448547424975 0.5579810922073337
vt 0.26587307922424974 0.5579810922073337
vt 0.26587307922424974 0.5657935922073337
vt 0.3515625 0.6328125
vt 0.34375 0.6328125
vt 0.34375 0.625
vt 0.3515625 0.625
vt 0.33254398032313826 0.7941250934204388
vt 0.33326144394389223 0.7863456074346622
vt 0.3552268226247325 0.7883713659678611
vt 0.3545093590039785 0.7961508519536377
vt 0.404771875 0.6353015625
vt 0.4125546875 0.6346203125000001
vt 0.41323515625 0.642403125
vt 0.40545234375 0.6430843749999999
vt 0.194171204295486 0.5661353090987131
vt 0.1940744129992601 0.5583232100637117
vt 0.22165813497405532 0.5579822740881039
vt 0.22175498122732515 0.5657935938084795
vt 0.0859375 0.6171875
vt 0.078125 0.6171875
vt 0.078125 0.609375
vt 0.0859375 0.609375
vt 0.37647499319350364 0.798177239252174
vt 0.377288587010432 0.7904078016874748
vt 0.40472450924305814 0.7932797568694987
vt 0.4039109154261298 0.801049194434198
vn 0.9997976630718378 -0.002625598243455398 -0.019943398656090603
vn 0 0.9877037143806787 -0.15633736788948036
vn 0 -0.9875627800552501 0.15722517435050212
vn 0.012417355273529527 -0.08714902318561236 0.9961178931460897
vn 0.012753605450213281 -0.13051557645522605 -0.9913642266344799
vn 0 -0.9815404121325532 -0.19125485444991458
vn 0.99950659636386 0.0013700681016632532 0.03137971858587938
vn 0 0.982500657878298 0.18625911325009514
vn 0 -0.1305261922200512 -0.9914448613738105
vn 0 -0.13052619222005118 -0.9914448613738105
vn 0 -0.13052619222005118 -0.9914448613738105
vn 0 -0.13052619222005118 -0.9914448613738105
vn 0 -0.13052619222005118 -0.9914448613738105
vn 0 -0.13052619222005118 -0.9914448613738105
vn 0 -0.13052619222005118 -0.9914448613738105
vn 0 -0.13052619222005118 -0.9914448613738105
vn 0 -0.9875627800552501 0.15722517435050215
vn 0 -0.9875627800552501 0.15722517435050212
vn 0 -0.9875627800552501 0.15722517435050215
vn 0 -0.9875627800552501 0.15722517435050212
vn 0 -0.9875627800552501 0.15722517435050212
vn 0 -0.9875627800552501 0.15722517435050212
vn 0 -0.9875627800552501 0.15722517435050212
vn 0 -0.9875627800552501 0.15722517435050212
vn 0 -0.9815404121325532 -0.19125485444991452
vn 0 -0.9815404121325532 -0.19125485444991458
vn 0 -0.9815404121325532 -0.19125485444991458
vn 0 -0.9815404121325532 -0.19125485444991452
vn 0 -0.9815404121325532 -0.19125485444991452
vn 0 -0.9815404121325532 -0.19125485444991452
vn 0 -0.9815404121325532 -0.19125485444991452
vn 0 -0.9815404121325532 -0.19125485444991458
vn 0 -0.08715574274765998 0.9961946980917455
vn 0 -0.08715574274765998 0.9961946980917455
vn 0 -0.08715574274765998 0.9961946980917455
vn 0 -0.08715574274765998 0.9961946980917455
vn 0 -0.08715574274765998 0.9961946980917454
vn 0 -0.08715574274765998 0.9961946980917454
vn 0 -0.08715574274765998 0.9961946980917455
vn 0 -0.08715574274765998 0.9961946980917454
vn 0 0.9825006578782981 0.18625911325009514
vn 0 0.982500657878298 0.18625911325009514
vn 0 0.982500657878298 0.18625911325009514
vn 0 0.982500657878298 0.18625911325009514
vn 0 0.982500657878298 0.18625911325009514
vn 0 0.982500657878298 0.18625911325009514
vn 0 0.982500657878298 0.18625911325009514
vn 0 0.982500657878298 0.18625911325009514
vn 0 0.9877037143806788 -0.15633736788948036
vn 0 0.9877037143806787 -0.15633736788948036
vn 0 0.9877037143806787 -0.15633736788948036
vn 0 0.9877037143806787 -0.15633736788948036
vn 0 0.9877037143806787 -0.15633736788948036
vn 0 0.9877037143806787 -0.15633736788948036
vn 0 0.9877037143806787 -0.15633736788948036
vn 0 0.9877037143806787 -0.15633736788948036
vn 0 -0.13052619222005118 -0.9914448613738105
vn 0 -0.08715574274765822 0.9961946980917457
vn 0 -0.08715574274765822 0.9961946980917457
vn 0 -0.08715574274765822 0.9961946980917457
vn 0 -0.08715574274765822 0.9961946980917457
vn 0 -0.08715574274765822 0.9961946980917457
vn 0 -0.08715574274765822 0.9961946980917457
vn 0 -0.08715574274765822 0.9961946980917457
vn 0 -0.08715574274765822 0.9961946980917457
vn 0 -0.08715574274765822 0.9961946980917457
vn 1 1.0854704844356523e-16 -1.2406984410203193e-15
vn 1 9.170031575650476e-17 2.1002825328041424e-15
vn 0 -0.13052619222005118 -0.9914448613738106
vn 0 -0.13052619222005118 -0.9914448613738105
vn 0 -0.13052619222005118 -0.9914448613738105
vn 0 -0.13052619222005118 -0.9914448613738105
vn 0 -0.13052619222005118 -0.9914448613738105
vn 0 -0.13052619222005118 -0.9914448613738105
vn 0 -0.13052619222005118 -0.9914448613738105
vn 0 -0.13052619222005118 -0.9914448613738105
vn -0.07435606901706142 0.9857416944647823 -0.15094531060629157
vn 0 -0.9881889150477072 0.15324055656658048
vn -0.0063944709823403985 0.9975855385530825 0.06915348155091247
vn 0.006171273272183558 -0.9961757280659541 -0.08715408308545644
vn -0.009242004170357395 0.9914025185161215 -0.1305206176770814
vn 0.009583729739511694 -0.9945682893750353 0.10364395734386155
vn 0 0.9843166711829351 0.17641057460182477
vn 0.1473601687211636 -0.9740006217840333 -0.17206908333220997
vn 0 0.9914448613738105 -0.13052619222005113
vn 0 -0.9914448613738105 0.13052619222005107
vn 0 0.9914448613738105 -0.13052619222005113
vn 0 -0.9914448613738105 0.13052619222005107
vn 0 0.9914448613738105 -0.13052619222005113
vn 0 -0.9914448613738105 0.13052619222005107
vn 0 0.9914448613738105 -0.13052619222005113
vn 0 -0.9914448613738105 0.13052619222005107
vn 0 0.9914448613738105 -0.13052619222005113
vn 0 -0.9914448613738105 0.13052619222005107
vn 0 0.9914448613738105 -0.13052619222005113
vn 0 -0.9914448613738105 0.13052619222005107
vn 0 0.9914448613738105 -0.13052619222005113
vn 0 -0.9914448613738105 0.13052619222005107
vn 0 0.9914448613738105 -0.13052619222005113
vn 0 -0.9914448613738105 0.13052619222005107
vn 0 0.9961946980917455 0.08715574274766004
vn 0 -0.9961946980917455 -0.08715574274765998
vn 0 0.9961946980917455 0.08715574274766004
vn 0 -0.9961946980917455 -0.08715574274765998
vn 0 0.9961946980917455 0.08715574274766004
vn 0 -0.9961946980917455 -0.08715574274765998
vn 0 0.9961946980917455 0.08715574274766004
vn 0 -0.9961946980917455 -0.08715574274765998
vn 0 0.9961946980917455 0.08715574274766004
vn 0 -0.9961946980917455 -0.08715574274765998
vn 0 0.9961946980917455 0.08715574274766004
vn 0 -0.9961946980917455 -0.08715574274765998
vn 0 0.9961946980917455 0.08715574274766004
vn 0 -0.9961946980917455 -0.08715574274765998
vn 0 0.9961946980917455 0.08715574274766004
vn 0 -0.9961946980917454 -0.08715574274765998
vn -0.9999186694666824 -0.0016646795564933816 -0.012644496587604121
vn -0.00924050098142334 0.9913871416786925 -0.13063746957042813
vn 0.9999186694666824 0.0016646795564933593 0.012644496587604123
vn 0.009240500981423407 -0.9913871416786925 0.13063746957042804
vn -1 0 0
vn 0 0.9914448613738105 -0.13052619222005113
vn 1 0 0
vn 0 -0.9914448613738105 0.13052619222005107
vn -1 0 0
vn 0 0.9914448613738105 -0.13052619222005113
vn 1 0 0
vn 0 -0.9914448613738105 0.13052619222005107
vn -1 0 0
vn 0 0.9914448613738105 -0.13052619222005113
vn 1 0 0
vn 0 -0.9914448613738105 0.13052619222005107
vn 0 0.9914448613738105 -0.13052619222005113
vn 1 0 0
vn 0 -0.9914448613738105 0.13052619222005107
vn 1 0 0
vn 0 0.9961946980917455 0.08715574274765998
vn 0 -0.9961946980917455 -0.08715574274765998
vn 1 0 0
vn 0 0.9961946980917455 0.08715574274765998
vn -1 0 0
vn 0 -0.9961946980917455 -0.08715574274765998
vn 1 0 0
vn 0 0.9961946980917455 0.08715574274765998
vn -1 0 0
vn 0 -0.9961946980917455 -0.08715574274765998
vn 1 0 0
vn 0 0.9961946980917455 0.08715574274765998
vn -1 0 0
vn 0 -0.9961946980917455 -0.08715574274765998
vn 0.9999229016719294 0.0010822438218261415 -0.012370103487812869
vn -0.006170321737280844 0.9961690526834072 0.08723041674497461
vn -0.9999229016719294 -0.0010822438218261415 0.012370103487812867
vn 0.006170321737280812 -0.9961690526834072 -0.08723041674497467
vn -0.9997976630718378 -0.002625598243455411 -0.019943398656090607
vn 0 0.9877037143806787 -0.15633736788948033
vn 0 -0.9875627800552501 0.15722517435050212
vn -0.012417355273529527 -0.08714902318561236 0.9961178931460897
vn -0.012753605450213285 -0.13051557645522605 -0.9913642266344799
vn 0 -0.9815404121325532 -0.19125485444991458
vn -0.99950659636386 0.0013700681016632734 0.03137971858587938
vn 0 0.982500657878298 0.18625911325009514
vn 0 -0.13052619222005118 -0.9914448613738105
vn 0 -0.13052619222005118 -0.9914448613738105
vn 0 -0.13052619222005118 -0.9914448613738105
vn 0 -0.13052619222005118 -0.9914448613738105
vn 0 -0.13052619222005118 -0.9914448613738105
vn 0 -0.13052619222005118 -0.9914448613738105
vn 0 -0.13052619222005118 -0.9914448613738105
vn 0 -0.9875627800552501 0.15722517435050212
vn 0 -0.9875627800552501 0.15722517435050215
vn 0 -0.9875627800552501 0.15722517435050215
vn 0 -0.9875627800552501 0.15722517435050212
vn 0 -0.9875627800552501 0.15722517435050215
vn 0 -0.9875627800552501 0.15722517435050212
vn 0 -0.9875627800552501 0.15722517435050215
vn 0 -0.9815404121325532 -0.19125485444991458
vn 0 -0.981540412132553 -0.19125485444991452
vn 0 -0.9815404121325532 -0.19125485444991452
vn 0 -0.9815404121325532 -0.19125485444991452
vn 0 -0.9815404121325532 -0.19125485444991452
vn 0 -0.9815404121325532 -0.19125485444991455
vn 0 -0.9815404121325532 -0.19125485444991458
vn 0 -0.08715574274765998 0.9961946980917455
vn 0 -0.08715574274765998 0.9961946980917455
vn 0 -0.08715574274765998 0.9961946980917455
vn 0 -0.08715574274765998 0.9961946980917454
vn 0 -0.08715574274765998 0.9961946980917454
vn 0 -0.08715574274765998 0.9961946980917455
vn 0 -0.08715574274765998 0.9961946980917454
vn 0 0.982500657878298 0.18625911325009514
vn 0 0.982500657878298 0.18625911325009517
vn 0 0.982500657878298 0.18625911325009517
vn 0 0.982500657878298 0.18625911325009514
vn 0 0.982500657878298 0.18625911325009514
vn 0 0.982500657878298 0.18625911325009514
vn 0 0.982500657878298 0.18625911325009514
vn 0 0.9877037143806787 -0.15633736788948036
vn 0 0.9877037143806787 -0.15633736788948038
vn 0 0.9877037143806787 -0.1563373678894803
vn 0 0.9877037143806787 -0.15633736788948036
vn 0 0.9877037143806787 -0.15633736788948036
vn 0 0.9877037143806787 -0.15633736788948036
vn 0 0.9877037143806787 -0.15633736788948033
vn 0 -0.08715574274765822 0.9961946980917457
vn 0 -0.08715574274765822 0.9961946980917457
vn 0 -0.08715574274765822 0.9961946980917457
vn 0 -0.08715574274765822 0.9961946980917457
vn 0 -0.08715574274765822 0.9961946980917457
vn 0 -0.08715574274765822 0.9961946980917457
vn 0 -0.08715574274765822 0.9961946980917457
vn 0 -0.08715574274765822 0.9961946980917457
vn -1 1.0854704844356523e-16 -1.2406984410203193e-15
vn -1 9.170031575650295e-17 2.1002825328041424e-15
vn 0 -0.13052619222005118 -0.9914448613738106
vn 0 -0.13052619222005118 -0.9914448613738105
vn 0 -0.13052619222005118 -0.9914448613738105
vn 0 -0.13052619222005118 -0.9914448613738105
vn 0 -0.13052619222005118 -0.9914448613738105
vn 0 -0.13052619222005118 -0.9914448613738105
vn 0 -0.13052619222005118 -0.9914448613738105
vn 0 -0.13052619222005118 -0.9914448613738105
vn 0.07435606901706118 0.9857416944647823 -0.15094531060629157
vn 0 -0.9881889150477072 0.15324055656658048
vn 0.006394470982340398 0.9975855385530825 0.06915348155091247
vn -0.00617127327218356 -0.9961757280659541 -0.08715408308545644
vn 0.009242004170357396 0.9914025185161215 -0.1305206176770814
vn -0.009583729739511698 -0.9945682893750353 0.10364395734386153
vn 0 0.9843166711829351 0.17641057460182477
vn -0.1473601687211635 -0.9740006217840332 -0.17206908333220994
vn 0 0.9914448613738105 -0.13052619222005113
vn 0 -0.9914448613738105 0.13052619222005107
vn 0 0.9914448613738105 -0.13052619222005113
vn 0 -0.9914448613738105 0.13052619222005107
vn 0 0.9914448613738105 -0.13052619222005113
vn 0 -0.9914448613738105 0.13052619222005107
vn 0 0.9914448613738105 -0.13052619222005113
vn 0 -0.9914448613738105 0.13052619222005107
vn 0 0.9914448613738105 -0.13052619222005113
vn 0 -0.9914448613738105 0.13052619222005107
vn 0 0.9914448613738105 -0.13052619222005113
vn 0 -0.9914448613738105 0.13052619222005107
vn 0 0.9914448613738105 -0.13052619222005113
vn 0 -0.9914448613738105 0.13052619222005107
vn 0 0.9961946980917455 0.08715574274766004
vn 0 -0.9961946980917455 -0.08715574274765998
vn 0 0.9961946980917455 0.08715574274766004
vn 0 -0.9961946980917455 -0.08715574274765998
vn 0 0.9961946980917455 0.08715574274766004
vn 0 -0.9961946980917455 -0.08715574274765998
vn 0 0.9961946980917455 0.08715574274766004
vn 0 -0.9961946980917455 -0.08715574274765998
vn 0 0.9961946980917455 0.08715574274766004
vn 0 -0.9961946980917455 -0.08715574274765998
vn 0 0.9961946980917455 0.08715574274766004
vn 0 -0.9961946980917455 -0.08715574274765998
vn 0 0.9961946980917455 0.08715574274766004
vn 0 -0.9961946980917454 -0.08715574274765998
vn 0.9999186694666824 -0.0016646795564933818 -0.012644496587604123
vn 0.009240500981423337 0.9913871416786925 -0.13063746957042813
vn -0.9999186694666824 0.0016646795564933597 0.012644496587604125
vn -0.009240500981423413 -0.9913871416786925 0.13063746957042804
vn 1 0 0
vn 0 0.9914448613738105 -0.13052619222005113
vn -1 0 0
vn 0 -0.9914448613738105 0.13052619222005107
vn 1 0 0
vn 0 0.9914448613738105 -0.13052619222005113
vn -1 0 0
vn 0 -0.9914448613738105 0.13052619222005107
vn 1 0 0
vn 0 0.9914448613738105 -0.13052619222005113
vn -1 0 0
vn 0 -0.9914448613738105 0.13052619222005107
vn -1 0 0
vn -1 0 0
vn -1 0 0
vn 0 0.9961946980917455 0.08715574274765998
vn 1 0 0
vn 0 -0.9961946980917455 -0.08715574274765998
vn -1 0 0
vn 0 0.9961946980917455 0.08715574274765998
vn 1 0 0
vn 0 -0.9961946980917455 -0.08715574274765998
vn -1 0 0
vn 0 0.9961946980917455 0.08715574274765998
vn 1 0 0
vn 0 -0.9961946980917455 -0.08715574274765998
vn -0.9999229016719295 0.001082243821826142 -0.012370103487812869
vn 0.006170321737280845 0.9961690526834072 0.08723041674497461
vn 0.9999229016719294 -0.001082243821826142 0.012370103487812867
vn -0.006170321737280812 -0.9961690526834072 -0.08723041674497466
usemtl m_f1931535-d587-f454-bd54-3ff30ceeb94d
f 330/937/235 332/938/235 331/939/235 363/940/235
f 258/941/236 277/942/236 310/943/236 262/944/236
f 261/945/237 286/946/237 278/947/237 260/948/237
f 400/949/238 402/950/238 401/951/238 403/952/238
f 368/953/239 370/954/239 369/955/239 371/956/239
f 259/957/240 294/958/240 286/959/240 261/960/240
f 363/961/241 331/962/241 335/963/241 364/964/241
f 262/965/242 310/966/242 302/967/242 257/968/242
f 532/969/243 531/970/243 384/971/243 385/972/243
f 339/973/244 338/974/244 340/975/244 341/976/244
f 380/977/245 382/978/245 381/979/245 383/980/245
f 365/981/246 342/982/246 343/983/246 344/984/246
f 376/985/247 378/986/247 377/987/247 379/988/247
f 366/989/248 345/990/248 346/991/248 347/992/248
f 372/993/249 374/994/249 373/995/249 375/996/249
f 367/997/250 348/998/250 337/999/250 333/1000/250
f 411/1001/251 264/1002/251 279/1003/251 426/1004/251
f 264/1005/252 266/1006/252 280/1007/252 279/1008/252
f 266/1009/253 268/1010/253 281/1011/253 280/1012/253
f 268/1013/254 270/1014/254 282/1015/254 281/1016/254
f 270/1017/255 272/1018/255 283/1019/255 282/1020/255
f 272/1021/256 274/1022/256 284/1023/256 283/1024/256
f 274/1025/257 276/1026/257 285/1027/257 284/1028/257
f 276/1029/258 278/1030/258 286/1031/258 285/1032/258
f 426/1033/259 279/1034/259 287/1035/259 434/1036/259
f 279/1037/260 280/1038/260 288/1039/260 287/1040/260
f 280/1041/261 281/1042/261 289/1043/261 288/1044/261
f 281/1045/262 282/1046/262 290/1047/262 289/1048/262
f 282/1049/263 283/1050/263 291/1051/263 290/1052/263
f 283/1053/264 284/1054/264 292/1055/264 291/1056/264
f 284/1057/265 285/1058/265 293/1059/265 292/1060/265
f 285/1061/266 286/1062/266 294/1063/266 293/1064/266
f 386/1065/267 387/1066/267 534/1067/267 533/1068/267
f 350/1069/268 357/1070/268 356/1071/268 349/1072/268
f 388/1073/269 390/1074/269 389/1075/269 391/1076/269
f 352/1077/270 359/1078/270 358/1079/270 351/1080/270
f 392/1081/271 394/1082/271 393/1083/271 395/1084/271
f 354/1085/272 361/1086/272 360/1087/272 353/1088/272
f 396/1089/273 398/1090/273 397/1091/273 399/1092/273
f 336/1093/274 334/1094/274 362/1095/274 355/1096/274
f 442/1097/275 295/1098/275 303/1099/275 450/1100/275
f 295/1101/276 296/1102/276 304/1103/276 303/1104/276
f 296/1105/277 297/1106/277 305/1107/277 304/1108/277
f 297/1109/278 298/1110/278 306/1111/278 305/1112/278
f 298/1113/279 299/1114/279 307/1115/279 306/1116/279
f 299/1117/280 300/1118/280 308/1119/280 307/1120/280
f 300/1121/281 301/1122/281 309/1123/281 308/1124/281
f 301/1125/282 302/1126/282 310/1127/282 309/1128/282
f 450/1129/283 303/1130/283 263/1131/283 410/1132/283
f 303/1133/284 304/1134/284 265/1135/284 263/1136/284
f 304/1137/285 305/1138/285 267/1139/285 265/1140/285
f 305/1141/286 306/1142/286 269/1143/286 267/1144/286
f 306/1145/287 307/1146/287 271/1147/287 269/1148/287
f 307/1149/288 308/1150/288 273/1151/288 271/1152/288
f 308/1153/289 309/1154/289 275/1155/289 273/1156/289
f 309/1157/290 310/1158/290 277/1159/290 275/1160/290
f 263/1161/291 311/1162/291 458/1163/291 410/1164/291
f 442/1165/292 459/1166/292 312/1167/292 295/1168/292
f 295/1169/293 312/1170/293 313/1171/293 296/1172/293
f 296/1173/294 313/1174/294 314/1175/294 297/1176/294
f 297/1177/295 314/1178/295 315/1179/295 298/1180/295
f 298/1181/296 315/1182/296 316/1183/296 299/1184/296
f 299/1185/297 316/1186/297 317/1187/297 300/1188/297
f 300/1189/298 317/1190/298 318/1191/298 301/1192/298
f 301/1193/299 318/1194/299 319/1195/299 302/1196/299
f 302/1197/300 319/1198/300 320/1199/300 257/1200/300
f 257/1201/301 320/1202/301 321/1203/301 262/1204/301
f 262/1205/302 321/1206/302 322/1207/302 258/1208/302
f 258/1209/303 322/1210/303 323/1211/303 277/1212/303
f 277/1213/304 323/1214/304 324/1215/304 275/1216/304
f 275/1217/305 324/1218/305 325/1219/305 273/1220/305
f 273/1221/306 325/1222/306 326/1223/306 271/1224/306
f 271/1225/307 326/1226/307 327/1227/307 269/1228/307
f 269/1229/308 327/1230/308 328/1231/308 267/1232/308
f 267/1233/309 328/1234/309 329/1235/309 265/1236/309
f 265/1237/310 329/1238/310 311/1239/310 263/1240/310
f 331/1241/311 332/1242/311 322/1243/311 321/1244/311
f 330/1245/312 363/1246/312 261/1247/312 260/1248/312
f 334/1249/313 335/1250/313 320/1251/313 319/1252/313
f 364/1253/314 336/1254/314 294/1255/314 259/1256/314
f 332/1257/315 337/1258/315 323/1259/315 322/1260/315
f 333/1261/316 330/1262/316 260/1263/316 278/1264/316
f 335/1265/317 331/1266/317 321/1267/317 320/1268/317
f 363/1269/318 364/1270/318 259/1271/318 261/1272/318
f 338/1273/319 485/1274/319 458/1275/319 311/1276/319
f 486/1277/320 339/1278/320 264/1279/320 411/1280/320
f 340/1281/321 338/1282/321 311/1283/321 329/1284/321
f 339/1285/322 341/1286/322 266/1287/322 264/1288/322
f 342/1289/323 340/1290/323 329/1291/323 328/1292/323
f 341/1293/324 365/1294/324 268/1295/324 266/1296/324
f 343/1297/325 342/1298/325 328/1299/325 327/1300/325
f 365/1301/326 344/1302/326 270/1303/326 268/1304/326
f 345/1305/327 343/1306/327 327/1307/327 326/1308/327
f 344/1309/328 366/1310/328 272/1311/328 270/1312/328
f 346/1313/329 345/1314/329 326/1315/329 325/1316/329
f 366/1317/330 347/1318/330 274/1319/330 272/1320/330
f 348/1321/331 346/1322/331 325/1323/331 324/1324/331
f 347/1325/332 367/1326/332 276/1327/332 274/1328/332
f 337/1329/333 348/1330/333 324/1331/333 323/1332/333
f 367/1333/334 333/1334/334 278/1335/334 276/1336/334
f 503/1337/335 356/1338/335 312/1339/335 459/1340/335
f 349/1341/336 496/1342/336 434/1343/336 287/1344/336
f 356/1345/337 357/1346/337 313/1347/337 312/1348/337
f 350/1349/338 349/1350/338 287/1351/338 288/1352/338
f 357/1353/339 358/1354/339 314/1355/339 313/1356/339
f 351/1357/340 350/1358/340 288/1359/340 289/1360/340
f 358/1361/341 359/1362/341 315/1363/341 314/1364/341
f 352/1365/342 351/1366/342 289/1367/342 290/1368/342
f 359/1369/343 360/1370/343 316/1371/343 315/1372/343
f 353/1373/344 352/1374/344 290/1375/344 291/1376/344
f 360/1377/345 361/1378/345 317/1379/345 316/1380/345
f 354/1381/346 353/1382/346 291/1383/346 292/1384/346
f 361/1385/347 362/1386/347 318/1387/347 317/1388/347
f 355/1389/348 354/1390/348 292/1391/348 293/1392/348
f 362/1393/349 334/1394/349 319/1395/349 318/1396/349
f 336/1397/350 355/1398/350 293/1399/350 294/1400/350
f 370/1401/351 368/1402/351 333/1403/351 337/1404/351
f 369/1405/352 370/1406/352 337/1407/352 332/1408/352
f 371/1409/353 369/1410/353 332/1411/353 330/1412/353
f 368/1413/354 371/1414/354 330/1415/354 333/1416/354
f 374/1417/355 372/1418/355 347/1419/355 346/1420/355
f 373/1421/356 374/1422/356 346/1423/356 348/1424/356
f 375/1425/357 373/1426/357 348/1427/357 367/1428/357
f 372/1429/358 375/1430/358 367/1431/358 347/1432/358
f 378/1433/359 376/1434/359 344/1435/359 343/1436/359
f 377/1437/360 378/1438/360 343/1439/360 345/1440/360
f 379/1441/361 377/1442/361 345/1443/361 366/1444/361
f 376/1445/362 379/1446/362 366/1447/362 344/1448/362
f 382/1449/363 380/1450/363 341/1451/363 340/1452/363
f 381/1453/364 382/1454/364 340/1455/364 342/1456/364
f 383/1457/365 381/1458/365 342/1459/365 365/1460/365
f 380/1461/366 383/1462/366 365/1463/366 341/1464/366
f 384/1465/367 531/1466/367 485/1467/367 338/1468/367
f 385/1469/368 384/1470/368 338/1471/368 339/1472/368
f 532/1473/369 385/1474/369 339/1475/369 486/1476/369
f 387/1477/370 386/1478/370 349/1479/370 356/1480/370
f 534/1481/371 387/1482/371 356/1483/371 503/1484/371
f 386/1485/372 533/1486/372 496/1487/372 349/1488/372
f 390/1489/373 388/1490/373 351/1491/373 358/1492/373
f 389/1493/374 390/1494/374 358/1495/374 357/1496/374
f 391/1497/375 389/1498/375 357/1499/375 350/1500/375
f 388/1501/376 391/1502/376 350/1503/376 351/1504/376
f 394/1505/377 392/1506/377 353/1507/377 360/1508/377
f 393/1509/378 394/1510/378 360/1511/378 359/1512/378
f 395/1513/379 393/1514/379 359/1515/379 352/1516/379
f 392/1517/380 395/1518/380 352/1519/380 353/1520/380
f 398/1521/381 396/1522/381 355/1523/381 362/1524/381
f 397/1525/382 398/1526/382 362/1527/382 361/1528/382
f 399/1529/383 397/1530/383 361/1531/383 354/1532/383
f 396/1533/384 399/1534/384 354/1535/384 355/1536/384
f 402/1537/385 400/1538/385 364/1539/385 335/1540/385
f 401/1541/386 402/1542/386 335/1543/386 334/1544/386
f 403/1545/387 401/1546/387 334/1547/387 336/1548/387
f 400/1549/388 403/1550/388 336/1551/388 364/1552/388
f 478/1553/389 479/1554/389 477/1555/389 510/1556/389
f 457/1557/390 424/1558/390 405/1559/390 409/1560/390
f 425/1561/391 433/1562/391 408/1563/391 407/1564/391
f 548/1565/392 549/1566/392 547/1567/392 550/1568/392
f 516/1569/393 517/1570/393 515/1571/393 518/1572/393
f 433/1573/394 441/1574/394 406/1575/394 408/1576/394
f 482/1577/395 478/1578/395 510/1579/395 511/1580/395
f 449/1581/396 457/1582/396 409/1583/396 404/1584/396
f 487/1585/397 485/1586/397 486/1587/397 488/1588/397
f 528/1589/398 529/1590/398 527/1591/398 530/1592/398
f 490/1593/399 489/1594/399 512/1595/399 491/1596/399
f 524/1597/400 525/1598/400 523/1599/400 526/1600/400
f 493/1601/401 492/1602/401 513/1603/401 494/1604/401
f 520/1605/402 521/1606/402 519/1607/402 522/1608/402
f 484/1609/403 495/1610/403 514/1611/403 480/1612/403
f 427/1613/404 413/1614/404 411/1615/404 426/1616/404
f 428/1617/405 415/1618/405 413/1619/405 427/1620/405
f 429/1621/406 417/1622/406 415/1623/406 428/1624/406
f 430/1625/407 419/1626/407 417/1627/407 429/1628/407
f 431/1629/408 421/1630/408 419/1631/408 430/1632/408
f 432/1633/409 423/1634/409 421/1635/409 431/1636/409
f 433/1637/410 425/1638/410 423/1639/410 432/1640/410
f 435/1641/411 427/1642/411 426/1643/411 434/1644/411
f 436/1645/412 428/1646/412 427/1647/412 435/1648/412
f 437/1649/413 429/1650/413 428/1651/413 436/1652/413
f 438/1653/414 430/1654/414 429/1655/414 437/1656/414
f 439/1657/415 431/1658/415 430/1659/415 438/1660/415
f 440/1661/416 432/1662/416 431/1663/416 439/1664/416
f 441/1665/417 433/1666/417 432/1667/417 440/1668/417
f 503/1669/418 504/1670/418 497/1671/418 496/1672/418
f 536/1673/419 537/1674/419 535/1675/419 538/1676/419
f 505/1677/420 506/1678/420 499/1679/420 498/1680/420
f 540/1681/421 541/1682/421 539/1683/421 542/1684/421
f 507/1685/422 508/1686/422 501/1687/422 500/1688/422
f 544/1689/423 545/1690/423 543/1691/423 546/1692/423
f 509/1693/424 481/1694/424 483/1695/424 502/1696/424
f 451/1697/425 443/1698/425 442/1699/425 450/1700/425
f 452/1701/426 444/1702/426 443/1703/426 451/1704/426
f 453/1705/427 445/1706/427 444/1707/427 452/1708/427
f 454/1709/428 446/1710/428 445/1711/428 453/1712/428
f 455/1713/429 447/1714/429 446/1715/429 454/1716/429
f 456/1717/430 448/1718/430 447/1719/430 455/1720/430
f 457/1721/431 449/1722/431 448/1723/431 456/1724/431
f 412/1725/432 451/1726/432 450/1727/432 410/1728/432
f 414/1729/433 452/1730/433 451/1731/433 412/1732/433
f 416/1733/434 453/1734/434 452/1735/434 414/1736/434
f 418/1737/435 454/1738/435 453/1739/435 416/1740/435
f 420/1741/436 455/1742/436 454/1743/436 418/1744/436
f 422/1745/437 456/1746/437 455/1747/437 420/1748/437
f 424/1749/438 457/1750/438 456/1751/438 422/1752/438
f 460/1753/439 459/1754/439 442/1755/439 443/1756/439
f 461/1757/440 460/1758/440 443/1759/440 444/1760/440
f 462/1761/441 461/1762/441 444/1763/441 445/1764/441
f 463/1765/442 462/1766/442 445/1767/442 446/1768/442
f 464/1769/443 463/1770/443 446/1771/443 447/1772/443
f 465/1773/444 464/1774/444 447/1775/444 448/1776/444
f 466/1777/445 465/1778/445 448/1779/445 449/1780/445
f 467/1781/446 466/1782/446 449/1783/446 404/1784/446
f 468/1785/447 467/1786/447 404/1787/447 409/1788/447
f 469/1789/448 468/1790/448 409/1791/448 405/1792/448
f 470/1793/449 469/1794/449 405/1795/449 424/1796/449
f 471/1797/450 470/1798/450 424/1799/450 422/1800/450
f 472/1801/451 471/1802/451 422/1803/451 420/1804/451
f 473/1805/452 472/1806/452 420/1807/452 418/1808/452
f 474/1809/453 473/1810/453 418/1811/453 416/1812/453
f 475/1813/454 474/1814/454 416/1815/454 414/1816/454
f 476/1817/455 475/1818/455 414/1819/455 412/1820/455
f 458/1821/456 476/1822/456 412/1823/456 410/1824/456
f 469/1825/457 479/1826/457 478/1827/457 468/1828/457
f 408/1829/458 510/1830/458 477/1831/458 407/1832/458
f 467/1833/459 482/1834/459 481/1835/459 466/1836/459
f 441/1837/460 483/1838/460 511/1839/460 406/1840/460
f 470/1841/461 484/1842/461 479/1843/461 469/1844/461
f 407/1845/462 477/1846/462 480/1847/462 425/1848/462
f 468/1849/463 478/1850/463 482/1851/463 467/1852/463
f 406/1853/464 511/1854/464 510/1855/464 408/1856/464
f 458/1857/465 485/1858/465 487/1859/465 476/1860/465
f 413/1861/466 488/1862/466 486/1863/466 411/1864/466
f 476/1865/467 487/1866/467 489/1867/467 475/1868/467
f 415/1869/468 512/1870/468 488/1871/468 413/1872/468
f 475/1873/469 489/1874/469 490/1875/469 474/1876/469
f 417/1877/470 491/1878/470 512/1879/470 415/1880/470
f 474/1881/471 490/1882/471 492/1883/471 473/1884/471
f 419/1885/472 513/1886/472 491/1887/472 417/1888/472
f 473/1889/473 492/1890/473 493/1891/473 472/1892/473
f 421/1893/474 494/1894/474 513/1895/474 419/1896/474
f 472/1897/475 493/1898/475 495/1899/475 471/1900/475
f 423/1901/476 514/1902/476 494/1903/476 421/1904/476
f 471/1905/477 495/1906/477 484/1907/477 470/1908/477
f 425/1909/478 480/1910/478 514/1911/478 423/1912/478
f 460/1913/479 504/1914/479 503/1915/479 459/1916/479
f 434/1917/480 496/1918/480 497/1919/480 435/1920/480
f 461/1921/481 505/1922/481 504/1923/481 460/1924/481
f 435/1925/482 497/1926/482 498/1927/482 436/1928/482
f 462/1929/483 506/1930/483 505/1931/483 461/1932/483
f 436/1933/484 498/1934/484 499/1935/484 437/1936/484
f 463/1937/485 507/1938/485 506/1939/485 462/1940/485
f 437/1941/486 499/1942/486 500/1943/486 438/1944/486
f 464/1945/487 508/1946/487 507/1947/487 463/1948/487
f 438/1949/488 500/1950/488 501/1951/488 439/1952/488
f 465/1953/489 509/1954/489 508/1955/489 464/1956/489
f 439/1957/490 501/1958/490 502/1959/490 440/1960/490
f 466/1961/491 481/1962/491 509/1963/491 465/1964/491
f 440/1965/492 502/1966/492 483/1967/492 441/1968/492
f 480/1969/493 515/1970/493 517/1971/493 484/1972/493
f 484/1973/494 517/1974/494 516/1975/494 479/1976/494
f 479/1977/495 516/1978/495 518/1979/495 477/1980/495
f 477/1981/496 518/1982/496 515/1983/496 480/1984/496
f 494/1985/497 519/1986/497 521/1987/497 493/1988/497
f 493/1989/498 521/1990/498 520/1991/498 495/1992/498
f 495/1993/499 520/1994/499 522/1995/499 514/1996/499
f 514/1997/500 522/1998/500 519/1999/500 494/2000/500
f 491/2001/501 523/2002/501 525/2003/501 490/2004/501
f 490/2005/502 525/2006/502 524/2007/502 492/2008/502
f 492/2009/503 524/2010/503 526/2011/503 513/2012/503
f 513/2013/504 526/2014/504 523/2015/504 491/2016/504
f 488/2017/505 527/2018/505 529/2019/505 487/2020/505
f 487/2021/506 529/2022/506 528/2023/506 489/2024/506
f 489/2025/507 528/2026/507 530/2027/507 512/2028/507
f 512/2029/508 530/2030/508 527/2031/508 488/2032/508
f 485/2033/509 531/2034/509 532/2035/509 486/2036/509
f 496/2037/510 533/2038/510 534/2039/510 503/2040/510
f 498/2041/511 535/2042/511 537/2043/511 505/2044/511
f 505/2045/512 537/2046/512 536/2047/512 504/2048/512
f 504/2049/513 536/2050/513 538/2051/513 497/2052/513
f 497/2053/514 538/2054/514 535/2055/514 498/2056/514
f 500/2057/515 539/2058/515 541/2059/515 507/2060/515
f 507/2061/516 541/2062/516 540/2063/516 506/2064/516
f 506/2065/517 540/2066/517 542/2067/517 499/2068/517
f 499/2069/518 542/2070/518 539/2071/518 500/2072/518
f 502/2073/519 543/2074/519 545/2075/519 509/2076/519
f 509/2077/520 545/2078/520 544/2079/520 508/2080/520
f 508/2081/521 544/2082/521 546/2083/521 501/2084/521
f 501/2085/522 546/2086/522 543/2087/522 502/2088/522
f 511/2089/523 547/2090/523 549/2091/523 482/2092/523
f 482/2093/524 549/2094/524 548/2095/524 481/2096/524
f 481/2097/525 548/2098/525 550/2099/525 483/2100/525
f 483/2101/526 550/2102/526 547/2103/526 511/2104/526
o mesh
v 0.5 1.375 -0.5625
v 0.5 1.375 -0.625
v 0.5 1 -0.5625
v 0.5 1 -0.625
v -0.5 1.375 -0.5625
v -0.5 1.375 -0.625
v -0.5 1 -0.5625
v -0.5 1 -0.625
vt 0.265625 0.96875
vt 0.515625 0.96875
vt 0.515625 1
vt 0.265625 1
vt 0.515625 0.921875
vt 0.515625 0.953125
vt 0.265625 0.953125
vt 0.265625 0.921875
vt 0.25 0.875
vt 0.25 1
vt 0 1
vt 0 0.875
vt 0.25 0.859375
vt 0 0.859375
vt 0 0.734375
vt 0.25 0.734375
vt 0.296875 0.90625
vt 0.265625 0.90625
vt 0.265625 0.78125
vt 0.296875 0.78125
vt 0.296875 0.640625
vt 0.296875 0.765625
vt 0.265625 0.765625
vt 0.265625 0.640625
vn 0 1 0
vn 0 -1 0
vn 0 0 1
vn 0 0 -1
vn 1 0 0
vn -1 0 0
usemtl m_c41d2c1e-48ad-c416-7ba8-1ec53ce4fe6f
f 555/2105/527 551/2106/527 552/2107/527 556/2108/527
f 554/2109/528 553/2110/528 557/2111/528 558/2112/528
f 553/2113/529 551/2114/529 555/2115/529 557/2116/529
f 556/2117/530 552/2118/530 554/2119/530 558/2120/530
f 552/2121/531 551/2122/531 553/2123/531 554/2124/531
f 557/2125/532 555/2126/532 556/2127/532 558/2128/532