# Made in Blockbench 5.1.4
mtllib train1.1.mtl

o mesh
v 0.5 1.8181818181818183 1.15625
v 0.5 1.8181818181818183 0.15625
v 0.5 0.625 1.15625
v 0.5 0.625 0.15625
v 0.5 1.9375 1.15625
v 0.5 1.9375 0.15625
v 0.5 1.9375 1.34375
v 0.5 1.8181818181818183 1.34375
v 0.5 1.6988636363636365 0.55
v 0.5 1.6988636363636365 0.825
v 0.5 1.2215909090909092 0.825
v 0.5 1.2215909090909092 0.55
v 0.4375 1.6988636363636365 0.55
v 0.4375 1.6988636363636365 0.825
v 0.4375 1.2215909090909092 0.825
v 0.4375 1.2215909090909092 0.55
v -0.5 1.8181818181818183 1.15625
v -0.5 1.8181818181818183 0.15625
v -0.5 0.625 1.15625
v -0.5 0.625 0.15625
v -0.5 1.9375 1.15625
v -0.5 1.9375 0.15625
v -0.5 1.9375 1.34375
v -0.5 1.8181818181818183 1.34375
v -0.5 1.6988636363636365 0.55
v -0.5 1.6988636363636365 0.825
v -0.5 1.2215909090909092 0.825
v -0.5 1.2215909090909092 0.55
v -0.4375 1.6988636363636365 0.55
v -0.4375 1.6988636363636365 0.825
v -0.4375 1.2215909090909092 0.825
v -0.4375 1.2215909090909092 0.55
vt 0.4765625 0.734375
vt 0.4453125 0.734375
vt 0.4453125 0.6875
vt 0.4765625 0.6875
vt 0.15625 0.875
vt 0.28125 0.875
vt 0.28125 1
vt 0.15625 1
vt 0.328125 0.5
vt 0.328125 0.625
vt 0.203125 0.625
vt 0.203125 0.5
vt 0.4609375 0.5078125
vt 0.4609375 0.625
vt 0.3359375 0.625
vt 0.3359375 0.5078125
vt 0.28125 0.83203125
vt 0.15625 0.83203125
vt 0.15625 0.71484375
vt 0.28125 0.71484375
vt 0.515625 0.6796875
vt 0.390625 0.6796875
vt 0.390625 0.6640625
vt 0.515625 0.6640625
vt 0.1484375 1
vt 0.0234375 1
vt 0.0234375 0.98828125
vt 0.1484375 0.98828125
vt 0.28125 0.84375
vt 0.15625 0.84375
vt 0.15625 0.83203125
vt 0.28125 0.83203125
vt 0.15625 0.8515625
vt 0.28125 0.8515625
vt 0.28125 0.875
vt 0.15625 0.875
vt 0.515625 0.765625
vt 0.390625 0.765625
vt 0.390625 0.7421875
vt 0.515625 0.7421875
vt 0 1
vt 0 0.98828125
vt 0.0234375 0.98828125
vt 0.0234375 1
vt 0.06484375 0.9765625
vt 0.09921875 0.9765625
vt 0.1484375 0.98828125
vt 0.0234375 0.98828125
vt 0.06484375 0.9296875
vt 0.06484375 0.9765625
vt 0.0234375 0.98828125
vt 0.0234375 0.87109375
vt 0.09921875 0.9296875
vt 0.06484375 0.9296875
vt 0.0234375 0.87109375
vt 0.1484375 0.87109375
vt 0.09921875 0.9765625
vt 0.09921875 0.9296875
vt 0.1484375 0.87109375
vt 0.1484375 0.98828125
vt 0.1875 0.515625
vt 0.1875 0.484375
vt 0.1953125 0.484375
vt 0.1953125 0.515625
vt 0.0078125 0.9296875
vt 0.0078125 0.9765625
vt 0 0.9765625
vt 0 0.9296875
vt 0.3671875 0.5
vt 0.3671875 0.46875
vt 0.375 0.46875
vt 0.375 0.5
vt 0 0.921875
vt 0 0.875
vt 0.0078125 0.875
vt 0.0078125 0.921875
vt 0.5 0.484375
vt 0.5 0.53125
vt 0.46875 0.53125
vt 0.46875 0.484375
vt 0.125 0.84765625
vt 0.125 0.859375
vt 0 0.859375
vt 0 0.84765625
vt 0.125 0.84765625
vt 0.1484375 0.84765625
vt 0.1484375 0.859375
vt 0.125 0.859375
vt 0 0.84765625
vt 0.04921875 0.8359375
vt 0.08359375 0.8359375
vt 0.125 0.84765625
vt 0.125 0.84765625
vt 0.08359375 0.8359375
vt 0.08359375 0.7890625
vt 0.125 0.73046875
vt 0.125 0.73046875
vt 0.08359375 0.7890625
vt 0.04921875 0.7890625
vt 0 0.73046875
vt 0 0.73046875
vt 0.04921875 0.7890625
vt 0.04921875 0.8359375
vt 0 0.84765625
vt 0.3828125 0.46875
vt 0.390625 0.46875
vt 0.390625 0.5
vt 0.3828125 0.5
vt 0.1484375 0.8359375
vt 0.140625 0.8359375
vt 0.140625 0.7890625
vt 0.1484375 0.7890625
vt 0.3984375 0.46875
vt 0.40625 0.46875
vt 0.40625 0.5
vt 0.3984375 0.5
vt 0.140625 0.734375
vt 0.1484375 0.734375
vt 0.1484375 0.78125
vt 0.140625 0.78125
vn 1 0 0
vn 0 1 0
vn 0 -1 0
vn 0 0 1
vn 0 0 -1
vn 0 0 1
vn 1 0 0
vn 0 0 -1
vn 0 1 0
vn 0 -1 0
vn 1 0 0
vn 1 0 0
vn 1 0 0
vn 1 0 0
vn 1 0 0
vn 0 -1 0
vn 0 0 -1
vn 0 1 0
vn 0 0 1
vn -1 0 0
vn -1 0 0
vn -1 0 0
vn -1 0 0
vn -1 0 0
vn -1 0 0
vn -1 0 0
vn 0 -1 0
vn 0 0 -1
vn 0 1 0
vn 0 0 1
usemtl m_69489b9f-f440-a4d6-9bd5-3c67a3fb19af
f 13/1/1 14/2/1 15/3/1 16/4/1
f 21/5/2 5/6/2 6/7/2 22/8/2
f 4/9/3 3/10/3 19/11/3 20/12/3
f 3/13/4 1/14/4 17/15/4 19/16/4
f 18/17/5 2/18/5 4/19/5 20/20/5
f 7/21/6 23/22/6 24/23/6 8/24/6
f 6/25/7 5/26/7 1/27/7 2/28/7
f 22/29/8 6/30/8 2/31/8 18/32/8
f 23/33/9 7/34/9 5/35/9 21/36/9
f 8/37/10 24/38/10 17/39/10 1/40/10
f 7/41/11 8/42/11 1/43/11 5/44/11
f 10/45/12 9/46/12 2/47/12 1/48/12
f 11/49/13 10/50/13 1/51/13 3/52/13
f 12/53/14 11/54/14 3/55/14 4/56/14
f 9/57/15 12/58/15 4/59/15 2/60/15
f 14/61/16 13/62/16 9/63/16 10/64/16
f 15/65/17 14/66/17 10/67/17 11/68/17
f 16/69/18 15/70/18 11/71/18 12/72/18
f 13/73/19 16/74/19 12/75/19 9/76/19
f 31/77/20 30/78/20 29/79/20 32/80/20
f 17/81/21 21/82/21 22/83/21 18/84/21
f 17/85/22 24/86/22 23/87/22 21/88/22
f 18/89/23 25/90/23 26/91/23 17/92/23
f 17/93/24 26/94/24 27/95/24 19/96/24
f 19/97/25 27/98/25 28/99/25 20/100/25
f 20/101/26 28/102/26 25/103/26 18/104/26
f 25/105/27 29/106/27 30/107/27 26/108/27
f 26/109/28 30/110/28 31/111/28 27/112/28
f 27/113/29 31/114/29 32/115/29 28/116/29
f 28/117/30 32/118/30 29/119/30 25/120/30
o mesh
v 0.125 1.9375 -0.5625
v 0.125 1.9375 -0.8125
v 0.125 1.5 -0.5625
v 0.125 1.5 -0.8125
v -0.125 1.9375 -0.5625
v -0.125 1.9375 -0.8125
v -0.125 1.5 -0.5625
v -0.125 1.5 -0.8125
vt 0.03125 0.53125
vt 0 0.53125
vt 0 0.4765625
vt 0.03125 0.4765625
vt 0.078125 0.484375
vt 0.109375 0.484375
vt 0.109375 0.515625
vt 0.078125 0.515625
vt 0.1484375 0.484375
vt 0.1484375 0.515625
vt 0.1171875 0.515625
vt 0.1171875 0.484375
vt 0.0703125 0.4765625
vt 0.0703125 0.53125
vt 0.0390625 0.53125
vt 0.0390625 0.4765625
vt 0.5 0.65625
vt 0.46875 0.65625
vt 0.46875 0.6015625
vt 0.5 0.6015625
vt 0.5 0.5390625
vt 0.5 0.59375
vt 0.46875 0.59375
vt 0.46875 0.5390625
vn 1 0 0
vn 0 1 0
vn 0 -1 0
vn 0 0 1
vn 0 0 -1
vn -1 0 0
usemtl m_69489b9f-f440-a4d6-9bd5-3c67a3fb19af
f 34/121/31 33/122/31 35/123/31 36/124/31
f 37/125/32 33/126/32 34/127/32 38/128/32
f 36/129/33 35/130/33 39/131/33 40/132/33
f 35/133/34 33/134/34 37/135/34 39/136/34
f 38/137/35 34/138/35 36/139/35 40/140/35
f 39/141/36 37/142/36 38/143/36 40/144/36
o mesh
v 0.09375 1.8125 -0.09375
v 0.09375 1.8125 -0.28125
v 0.09375 1.5 -0.09375
v 0.09375 1.5 -0.28125
v -0.09375 1.8125 -0.09375
v -0.09375 1.8125 -0.28125
v -0.09375 1.5 -0.09375
v -0.09375 1.5 -0.28125
vt 0.28125 0.703125
vt 0.2578125 0.703125
vt 0.2578125 0.6640625
vt 0.28125 0.6640625
vt 0.2578125 0.6328125
vt 0.28125 0.6328125
vt 0.28125 0.65625
vt 0.2578125 0.65625
vt 0.359375 0.4765625
vt 0.359375 0.5
vt 0.3359375 0.5
vt 0.3359375 0.4765625
vt 0.1796875 0.4765625
vt 0.1796875 0.515625
vt 0.15625 0.515625
vt 0.15625 0.4765625
vt 0.5078125 0.734375
vt 0.484375 0.734375
vt 0.484375 0.6953125
vt 0.5078125 0.6953125
vt 0.5234375 0.8671875
vt 0.5234375 0.90625
vt 0.5 0.90625
vt 0.5 0.8671875
vn 1 0 0
vn 0 1 0
vn 0 -1 0
vn 0 0 1
vn 0 0 -1
vn -1 0 0
usemtl m_69489b9f-f440-a4d6-9bd5-3c67a3fb19af
f 42/145/37 41/146/37 43/147/37 44/148/37
f 45/149/38 41/150/38 42/151/38 46/152/38
f 44/153/39 43/154/39 47/155/39 48/156/39
f 43/157/40 41/158/40 45/159/40 47/160/40
f 46/161/41 42/162/41 44/163/41 48/164/41
f 47/165/42 45/166/42 46/167/42 48/168/42
o mesh
v 0.1875 2 -0.5
v 0.1875 2 -0.875
v 0.1875 1.875 -0.5
v 0.1875 1.875 -0.875
v -0.1875 2 -0.5
v -0.1875 2 -0.875
v -0.1875 1.875 -0.5
v -0.1875 1.875 -0.875
vt 0.25 0.6484375
vt 0.203125 0.6484375
vt 0.203125 0.6328125
vt 0.25 0.6328125
vt 0.203125 0.65625
vt 0.25 0.65625
vt 0.25 0.703125
vt 0.203125 0.703125
vt 0.4375 0.6875
vt 0.4375 0.734375
vt 0.390625 0.734375
vt 0.390625 0.6875
vt 0.4375 0.640625
vt 0.4375 0.65625
vt 0.390625 0.65625
vt 0.390625 0.640625
vt 0.546875 1
vt 0.5 1
vt 0.5 0.984375
vt 0.546875 0.984375
vt 0.546875 0.7734375
vt 0.546875 0.7890625
vt 0.5 0.7890625
vt 0.5 0.7734375
vn 1 0 0
vn 0 1 0
vn 0 -1 0
vn 0 0 1
vn 0 0 -1
vn -1 0 0
usemtl m_69489b9f-f440-a4d6-9bd5-3c67a3fb19af
f 50/169/43 49/170/43 51/171/43 52/172/43
f 53/173/44 49/174/44 50/175/44 54/176/44
f 52/177/45 51/178/45 55/179/45 56/180/45
f 51/181/46 49/182/46 53/183/46 55/184/46
f 54/185/47 50/186/47 52/187/47 56/188/47
f 55/189/48 53/190/48 54/191/48 56/192/48
o cylinder
v 0 1.0625 0.15625
v 0 1.0625000000000002 -1.34375
v 0.1172275 1.5 0.1562500000000001
v 0.1172275 1.5000000000000004 -1.34375
v 0.3202725 1.3827725 0.15625000000000006
v 0.3202725 1.3827725000000004 -1.34375
v 0.4375 1.1797275 0.15625000000000003
v 0.4375 1.1797275000000003 -1.34375
v 0.4375 0.9452725 0.15624999999999997
v 0.4375 0.9452725000000003 -1.34375
v 0.3202725 0.7422275 0.15624999999999994
v 0.3202725 0.7422275000000003 -1.34375
v 0.1172275 0.625 0.1562499999999999
v 0.1172275 0.6250000000000003 -1.34375
v -0.1172275 1.5 0.1562500000000001
v -0.1172275 1.5000000000000004 -1.34375
v -0.3202725 1.3827725 0.15625000000000006
v -0.3202725 1.3827725000000004 -1.34375
v -0.4375 1.1797275 0.15625000000000003
v -0.4375 1.1797275000000003 -1.34375
v -0.4375 0.9452725 0.15624999999999997
v -0.4375 0.9452725000000003 -1.34375
v -0.3202725 0.7422275 0.15624999999999994
v -0.3202725 0.7422275000000003 -1.34375
v -0.1172275 0.625 0.1562499999999999
v -0.1172275 0.6250000000000003 -1.34375
vt 0.430659375 0.890625
vt 0.459965625 0.890625
vt 0.4453125 0.9453125
vt 0.133784375 0.5234375
vt 0.163090625 0.5234375
vt 0.163090625 0.703125
vt 0.133784375 0.703125
vt 0.459965625 0.8828125
vt 0.430659375 0.8828125
vt 0.4453125 0.828125
vt 0.459965625 1
vt 0.430659375 1
vt 0.4453125 0.9453125
vt 0.321284375 0.6328125
vt 0.350590625 0.6328125
vt 0.350590625 0.8125
vt 0.321284375 0.8125
vt 0.430659375 0.7734375
vt 0.459965625 0.7734375
vt 0.4453125 0.828125
vt 0.485346875 0.985346875
vt 0.459965625 1
vt 0.4453125 0.9453125
vt 0.350590625 0.6328125
vt 0.379896875 0.6328125
vt 0.379896875 0.8125
vt 0.350590625 0.8125
vt 0.459965625 0.7734375
vt 0.485346875 0.7880906249999999
vt 0.4453125 0.828125
vt 0.5 0.959965625
vt 0.485346875 0.985346875
vt 0.4453125 0.9453125
vt 0.002915625 0.5390625
vt 0.032221875 0.5390625
vt 0.032221875 0.71875
vt 0.002915625 0.71875
vt 0.485346875 0.7880906249999999
vt 0.5 0.8134718750000001
vt 0.4453125 0.828125
vt 0.5 0.930659375
vt 0.5 0.959965625
vt 0.4453125 0.9453125
vt 0.032221875 0.5390625
vt 0.061528125 0.5390625
vt 0.061528125 0.71875
vt 0.032221875 0.71875
vt 0.5 0.8134718750000001
vt 0.5 0.8427781249999999
vt 0.4453125 0.828125
vt 0.485346875 0.905278125
vt 0.5 0.930659375
vt 0.4453125 0.9453125
vt 0.061528125 0.5390625
vt 0.090834375 0.5390625
vt 0.090834375 0.71875
vt 0.061528125 0.71875
vt 0.5 0.8427781249999999
vt 0.485346875 0.8681593750000001
vt 0.4453125 0.828125
vt 0.459965625 0.890625
vt 0.485346875 0.905278125
vt 0.4453125 0.9453125
vt 0.104478125 0.5234375
vt 0.133784375 0.5234375
vt 0.133784375 0.703125
vt 0.104478125 0.703125
vt 0.485346875 0.8681593750000001
vt 0.459965625 0.8828125
vt 0.4453125 0.828125
vt 0.430659375 1
vt 0.405278125 0.985346875
vt 0.4453125 0.9453125
vt 0.291978125 0.8125
vt 0.291978125 0.6328125
vt 0.321284375 0.6328125
vt 0.321284375 0.8125
vt 0.405278125 0.7880906249999999
vt 0.430659375 0.7734375
vt 0.4453125 0.828125
vt 0.405278125 0.985346875
vt 0.390625 0.959965625
vt 0.4453125 0.9453125
vt 0.350590625 1
vt 0.350590625 0.8203125
vt 0.379896875 0.8203125
vt 0.379896875 1
vt 0.390625 0.8134718750000001
vt 0.405278125 0.7880906249999999
vt 0.4453125 0.828125
vt 0.390625 0.959965625
vt 0.390625 0.930659375
vt 0.4453125 0.9453125
vt 0.321284375 1
vt 0.321284375 0.8203125
vt 0.350590625 0.8203125
vt 0.350590625 1
vt 0.390625 0.8427781249999999
vt 0.390625 0.8134718750000001
vt 0.4453125 0.828125
vt 0.390625 0.930659375
vt 0.405278125 0.905278125
vt 0.4453125 0.9453125
vt 0.291978125 1
vt 0.291978125 0.8203125
vt 0.321284375 0.8203125
vt 0.321284375 1
vt 0.405278125 0.8681593750000001
vt 0.390625 0.8427781249999999
vt 0.4453125 0.828125
vt 0.405278125 0.905278125
vt 0.430659375 0.890625
vt 0.4453125 0.9453125
vt 0.163090625 0.703125
vt 0.163090625 0.5234375
vt 0.192396875 0.5234375
vt 0.192396875 0.703125
vt 0.430659375 0.8828125
vt 0.405278125 0.8681593750000001
vt 0.4453125 0.828125
vn 0 -2.220446049250313e-16 1
vn 0 -1 -2.220446049250313e-16
vn 0 2.220446049250313e-16 -1
vn 0 -2.220446049250313e-16 1
vn 0 1 2.220446049250313e-16
vn 0 2.220446049250313e-16 -1
vn 0 -2.220446049250313e-16 1
vn 0.49999812734070354 0.866026484962088 1.922965087080204e-16
vn 0 2.220446049250313e-16 -1
vn 0 -2.220446049250313e-16 1
vn 0.866026484962088 0.49999812734070354 1.1102188664862201e-16
vn 0 2.220446049250313e-16 -1
vn 0 -2.220446049250313e-16 1
vn 1 0 0
vn 0 2.220446049250313e-16 -1
vn 0 -2.220446049250313e-16 1
vn 0.866026484962088 -0.49999812734070354 -1.1102188664862201e-16
vn 0 2.220446049250313e-16 -1
vn 0 -2.220446049250313e-16 1
vn 0.49999812734070354 -0.866026484962088 -1.922965087080204e-16
vn 0 2.220446049250313e-16 -1
vn 0 -2.220446049250313e-16 1
vn -0.49999812734070354 0.866026484962088 1.922965087080204e-16
vn 0 2.220446049250313e-16 -1
vn 0 -2.220446049250313e-16 1
vn -0.866026484962088 0.49999812734070354 1.1102188664862201e-16
vn 0 2.220446049250313e-16 -1
vn 0 -2.220446049250313e-16 1
vn -1 0 0
vn 0 2.220446049250313e-16 -1
vn 0 -2.220446049250313e-16 1
vn -0.866026484962088 -0.49999812734070354 -1.1102188664862201e-16
vn 0 2.220446049250313e-16 -1
vn 0 -2.220446049250313e-16 1
vn -0.49999812734070354 -0.866026484962088 -1.922965087080204e-16
vn 0 2.220446049250313e-16 -1
usemtl m_69489b9f-f440-a4d6-9bd5-3c67a3fb19af
f 81/193/49 69/194/49 57/195/49
f 69/196/50 81/197/50 82/198/50 70/199/50
f 70/200/51 82/201/51 58/202/51
f 59/203/52 71/204/52 57/205/52
f 71/206/53 59/207/53 60/208/53 72/209/53
f 72/210/54 60/211/54 58/212/54
f 61/213/55 59/214/55 57/215/55
f 59/216/56 61/217/56 62/218/56 60/219/56
f 60/220/57 62/221/57 58/222/57
f 63/223/58 61/224/58 57/225/58
f 61/226/59 63/227/59 64/228/59 62/229/59
f 62/230/60 64/231/60 58/232/60
f 65/233/61 63/234/61 57/235/61
f 63/236/62 65/237/62 66/238/62 64/239/62
f 64/240/63 66/241/63 58/242/63
f 67/243/64 65/244/64 57/245/64
f 65/246/65 67/247/65 68/248/65 66/249/65
f 66/250/66 68/251/66 58/252/66
f 69/253/67 67/254/67 57/255/67
f 67/256/68 69/257/68 70/258/68 68/259/68
f 68/260/69 70/261/69 58/262/69
f 71/263/70 73/264/70 57/265/70
f 74/266/71 73/267/71 71/268/71 72/269/71
f 74/270/72 72/271/72 58/272/72
f 73/273/73 75/274/73 57/275/73
f 76/276/74 75/277/74 73/278/74 74/279/74
f 76/280/75 74/281/75 58/282/75
f 75/283/76 77/284/76 57/285/76
f 78/286/77 77/287/77 75/288/77 76/289/77
f 78/290/78 76/291/78 58/292/78
f 77/293/79 79/294/79 57/295/79
f 80/296/80 79/297/80 77/298/80 78/299/80
f 80/300/81 78/301/81 58/302/81
f 79/303/82 81/304/82 57/305/82
f 82/306/83 81/307/83 79/308/83 80/309/83
f 82/310/84 80/311/84 58/312/84
o 1_L
v -0.53125 0.37500000000000006 -0.875
v -0.53125 0.4754812500000001 -0.5
v -0.6875 0.4754812500000001 -0.5
v -0.53125 0.64951875 -0.6004812500000001
v -0.6875 0.64951875 -0.6004812500000001
v -0.5312499999999999 0.75 -0.77451875
v -0.6874999999999999 0.7500000000000001 -0.77451875
v -0.5312499999999999 0.75 -0.97548125
v -0.6874999999999999 0.7500000000000001 -0.97548125
v -0.53125 0.64951875 -1.14951875
v -0.6875 0.64951875 -1.14951875
v -0.53125 0.4754812500000001 -1.25
v -0.6875 0.4754812500000001 -1.25
v -0.53125 0.27451875000000003 -1.25
v -0.6875 0.2745187500000001 -1.25
v -0.53125 0.10048125000000008 -1.14951875
v -0.6875 0.10048125000000008 -1.14951875
v -0.5312500000000001 5.551115123125783e-17 -0.97548125
v -0.6875000000000001 1.1102230246251565e-16 -0.97548125
v -0.5312500000000001 5.551115123125783e-17 -0.77451875
v -0.6875000000000001 1.1102230246251565e-16 -0.77451875
v -0.53125 0.10048125000000008 -0.6004812500000001
v -0.6875 0.10048125000000008 -0.6004812500000001
v -0.53125 0.27451875000000003 -0.5
v -0.6875 0.2745187500000001 -0.5
v -0.6875 0.06250000000000011 -0.791265625
v -0.6875 0.14623437500000008 -0.646234375
v -0.6875 0.06250000000000011 -0.958734375
v -0.6875 0.14623437500000008 -1.103765625
v -0.6875 0.2912656250000001 -1.1875
v -0.6875 0.4587343750000001 -1.1875
v -0.6875 0.6037656250000001 -1.103765625
v -0.6875 0.6875000000000001 -0.958734375
v -0.6875 0.6875000000000001 -0.791265625
v -0.6875 0.6037656250000001 -0.646234375
v -0.6875 0.4587343750000001 -0.5625
v -0.6875 0.2912656250000001 -0.5625
v -0.625 0.06250000000000006 -0.791265625
v -0.625 0.14623437500000008 -0.646234375
v -0.625 0.37500000000000006 -0.875
v -0.625 0.06250000000000006 -0.958734375
v -0.625 0.14623437500000008 -1.103765625
v -0.625 0.2912656250000001 -1.1875
v -0.625 0.4587343750000001 -1.1875
v -0.625 0.6037656250000001 -1.103765625
v -0.625 0.6875 -0.958734375
v -0.625 0.6875 -0.791265625
v -0.625 0.6037656250000001 -0.646234375
v -0.625 0.4587343750000001 -0.5625
v -0.625 0.2912656250000001 -0.5625
vt 0.08118984374999999 0.98743984375
vt 0.059435156249999996 1
vt 0.046875 0.953125
vt 0.46568515625 0.77734375
vt 0.49080546875 0.77734375
vt 0.49080546875 0.796875
vt 0.46568515625 0.796875
vt 0.37765390625 0.75
vt 0.3957828125 0.76046640625
vt 0.3671875 0.7890625
vt 0.09375 0.96568515625
vt 0.08118984374999999 0.98743984375
vt 0.046875 0.953125
vt 0.40763203125 0.98046875
vt 0.43275234375 0.98046875
vt 0.43275234375 1
vt 0.40763203125 1
vt 0.3957828125 0.76046640625
vt 0.40625 0.7785953125
vt 0.3671875 0.7890625
vt 0.09375 0.94056484375
vt 0.09375 0.96568515625
vt 0.046875 0.953125
vt 0.43275234375 0.98046875
vt 0.45787265625 0.98046875
vt 0.45787265625 1
vt 0.43275234375 1
vt 0.40625 0.7785953125
vt 0.40625 0.79952890625
vt 0.3671875 0.7890625
vt 0.08118984374999999 0.91881015625
vt 0.09375 0.94056484375
vt 0.046875 0.953125
vt 0.45787265625 0.98046875
vt 0.48299296875 0.98046875
vt 0.48299296875 1
vt 0.45787265625 1
vt 0.40625 0.79952890625
vt 0.39578359375 0.8176578125
vt 0.3671875 0.7890625
vt 0.059435156249999996 0.90625
vt 0.08118984374999999 0.91881015625
vt 0.046875 0.953125
vt 0.40763203125 0.94921875
vt 0.43275234375 0.94921875
vt 0.43275234375 0.96875
vt 0.40763203125 0.96875
vt 0.39578359375 0.8176578125
vt 0.3776546875 0.828125
vt 0.3671875 0.7890625
vt 0.034314843750000004 0.90625
vt 0.059435156249999996 0.90625
vt 0.046875 0.953125
vt 0.43275234375 0.94921875
vt 0.45787265625 0.94921875
vt 0.45787265625 0.96875
vt 0.43275234375 0.96875
vt 0.3776546875 0.828125
vt 0.35672109375 0.828125
vt 0.3671875 0.7890625
vt 0.012560156250000003 0.91881015625
vt 0.034314843750000004 0.90625
vt 0.046875 0.953125
vt 0.45787265625 0.94921875
vt 0.48299296875 0.94921875
vt 0.48299296875 0.96875
vt 0.45787265625 0.96875
vt 0.35672109375 0.828125
vt 0.3385921875 0.81765859375
vt 0.3671875 0.7890625
vt 0 0.94056484375
vt 0.012560156250000003 0.91881015625
vt 0.046875 0.953125
vt 0.41544453125 0.80859375
vt 0.44056484375 0.80859375
vt 0.44056484375 0.828125
vt 0.41544453125 0.828125
vt 0.3385921875 0.81765859375
vt 0.328125 0.7995296875
vt 0.3671875 0.7890625
vt 0 0.96568515625
vt 0 0.94056484375
vt 0.046875 0.953125
vt 0.44056484375 0.80859375
vt 0.46568515625 0.80859375
vt 0.46568515625 0.828125
vt 0.44056484375 0.828125
vt 0.328125 0.7995296875
vt 0.328125 0.77859609375
vt 0.3671875 0.7890625
vt 0.012560156250000003 0.98743984375
vt 0 0.96568515625
vt 0.046875 0.953125
vt 0.46568515625 0.80859375
vt 0.49080546875 0.80859375
vt 0.49080546875 0.828125
vt 0.46568515625 0.828125
vt 0.328125 0.77859609375
vt 0.33859140625 0.7604671875
vt 0.3671875 0.7890625
vt 0.034314843750000004 1
vt 0.012560156250000003 0.98743984375
vt 0.046875 0.953125
vt 0.41544453125 0.77734375
vt 0.44056484375 0.77734375
vt 0.44056484375 0.796875
vt 0.41544453125 0.796875
vt 0.33859140625 0.7604671875
vt 0.3567203125 0.75
vt 0.3671875 0.7890625
vt 0.059435156249999996 1
vt 0.034314843750000004 1
vt 0.046875 0.953125
vt 0.44056484375 0.77734375
vt 0.46568515625 0.77734375
vt 0.46568515625 0.796875
vt 0.44056484375 0.796875
vt 0.3567203125 0.75
vt 0.37765390625 0.75
vt 0.3671875 0.7890625
vt 0.10031015624999999 0.8385921875
vt 0.08984375 0.85672109375
vt 0.08203125 0.85462734375
vt 0.09459140625 0.83287265625
vt 0.08984375 0.85672109375
vt 0.08984375 0.8776546875
vt 0.08203125 0.87974765625
vt 0.08203125 0.85462734375
vt 0.08984375 0.8776546875
vt 0.1003109375 0.89578359375
vt 0.09459140625000001 0.90150234375
vt 0.08203125 0.87974765625
vt 0.1003109375 0.89578359375
vt 0.11843984375 0.90625
vt 0.11634609375000002 0.9140625
vt 0.09459140625000001 0.90150234375
vt 0.11843984375 0.90625
vt 0.1393734375 0.90625
vt 0.14146640625 0.9140625
vt 0.11634609375000002 0.9140625
vt 0.1393734375 0.90625
vt 0.15750234375 0.8957828125
vt 0.16322109375 0.9015023437499999
vt 0.14146640625 0.9140625
vt 0.15750234375000002 0.8957828125
vt 0.16796875 0.87765390625
vt 0.17578125 0.87974765625
vt 0.16322109375000002 0.90150234375
vt 0.16796875 0.87765390625
vt 0.16796875 0.8567203125
vt 0.17578125 0.85462734375
vt 0.17578125 0.87974765625
vt 0.16796875 0.8567203125
vt 0.1575015625 0.83859140625
vt 0.16322109375 0.83287265625
vt 0.17578125 0.85462734375
vt 0.1575015625 0.83859140625
vt 0.13937265625 0.828125
vt 0.14146640624999998 0.8203125
vt 0.16322109375 0.83287265625
vt 0.13937265625 0.828125
vt 0.1184390625 0.828125
vt 0.11634609374999999 0.8203125
vt 0.14146640624999998 0.8203125
vt 0.1184390625 0.828125
vt 0.10031015624999999 0.8385921875
vt 0.09459140625 0.83287265625
vt 0.11634609374999999 0.8203125
vt 0.097505859375 0.9921875
vt 0.11843945312500001 0.9921875
vt 0.11843945312500001 1
vt 0.097505859375 1
vt 0.11843945312500001 0.9921875
vt 0.13937304687500002 0.9921875
vt 0.13937304687500002 1
vt 0.11843945312500001 1
vt 0.13937304687500002 0.9921875
vt 0.160306640625 0.9921875
vt 0.160306640625 1
vt 0.13937304687500002 1
vt 0.417818359375 0.7578125
vt 0.438751953125 0.7578125
vt 0.438751953125 0.765625
vt 0.417818359375 0.765625
vt 0.438751953125 0.7578125
vt 0.459685546875 0.7578125
vt 0.459685546875 0.765625
vt 0.438751953125 0.765625
vt 0.459685546875 0.7578125
vt 0.480619140625 0.7578125
vt 0.480619140625 0.765625
vt 0.459685546875 0.765625
vt 0.425630859375 0.59375
vt 0.446564453125 0.59375
vt 0.446564453125 0.6015625
vt 0.425630859375 0.6015625
vt 0.446564453125 0.59375
vt 0.467498046875 0.59375
vt 0.467498046875 0.6015625
vt 0.446564453125 0.6015625
vt 0.467498046875 0.59375
vt 0.488431640625 0.59375
vt 0.488431640625 0.6015625
vt 0.467498046875 0.6015625
vt 0.480318359375 0.8359375
vt 0.501251953125 0.8359375
vt 0.501251953125 0.84375
vt 0.480318359375 0.84375
vt 0.501251953125 0.8359375
vt 0.522185546875 0.8359375
vt 0.522185546875 0.84375
vt 0.501251953125 0.84375
vt 0.522185546875 0.8359375
vt 0.543119140625 0.8359375
vt 0.543119140625 0.84375
vt 0.522185546875 0.84375
vn 1 -2.220446049250313e-16 0
vn 1.1102284319939225e-16 0.500002435262396 0.8660239977804736
vn -1 2.220446049250313e-16 0
vn 1 -2.220446049250313e-16 0
vn 1.9229595644276144e-16 0.8660239977804736 0.500002435262396
vn -1 2.220446049250313e-16 0
vn 1 -2.220446049250313e-16 0
vn 2.220446049250313e-16 1 0
vn -1 2.220446049250313e-16 0
vn 1 -2.220446049250313e-16 0
vn 1.9229595644276144e-16 0.8660239977804736 -0.500002435262396
vn -1 2.220446049250313e-16 0
vn 1 -2.220446049250313e-16 0
vn 1.1102284319939225e-16 0.500002435262396 -0.8660239977804736
vn -1 2.220446049250313e-16 0
vn 1 -2.220446049250313e-16 0
vn 0 0 -1
vn -1 2.220446049250313e-16 0
vn 1 -2.220446049250313e-16 0
vn -1.1102284319939225e-16 -0.500002435262396 -0.8660239977804736
vn -1 2.220446049250313e-16 0
vn 1 -2.220446049250313e-16 0
vn -1.9229595644276144e-16 -0.8660239977804736 -0.500002435262396
vn -1 2.220446049250313e-16 0
vn 1 -2.220446049250313e-16 0
vn -2.220446049250313e-16 -1 0
vn -1 2.220446049250313e-16 0
vn 1 -2.220446049250313e-16 0
vn -1.9229595644276144e-16 -0.8660239977804736 0.500002435262396
vn -1 2.220446049250313e-16 0
vn 1 -2.220446049250313e-16 0
vn -1.1102284319939225e-16 -0.500002435262396 0.8660239977804736
vn -1 2.220446049250313e-16 0
vn 1 -2.220446049250313e-16 0
vn 0 0 1
vn -1 2.220446049250313e-16 0
vn -1 2.220446049250313e-16 0
vn -1 2.220446049250313e-16 0
vn -1 2.220446049250313e-16 0
vn -1 2.220446049250313e-16 0
vn -1 2.220446049250313e-16 0
vn -1 2.220446049250313e-16 0
vn -1 2.220446049250313e-16 0
vn -1 2.220446049250313e-16 0
vn -1 2.220446049250313e-16 0
vn -1 2.220446049250313e-16 0
vn -1 2.220446049250313e-16 0
vn -1 2.220446049250313e-16 0
vn 1.9229595644276144e-16 0.8660239977804736 -0.5000024352623959
vn 2.220446049250313e-16 1 0
vn 1.9229595644276144e-16 0.8660239977804736 0.5000024352623959
vn 1.1102284319939223e-16 0.5000024352623959 0.8660239977804736
vn 0 0 1
vn -1.1102284319939223e-16 -0.5000024352623959 0.8660239977804736
vn -1.9229595644276144e-16 -0.8660239977804736 0.5000024352623959
vn -2.220446049250313e-16 -1 0
vn -1.9229595644276144e-16 -0.8660239977804736 -0.5000024352623959
vn -1.1102284319939223e-16 -0.5000024352623959 -0.8660239977804736
vn 0 0 -1
vn 1.1102284319939223e-16 0.5000024352623959 -0.8660239977804736
usemtl m_484efce4-b148-c43d-a84b-c44505be50fc
f 86/313/85 84/314/85 83/315/85
f 84/316/86 86/317/86 87/318/86 85/319/86
f 131/320/87 130/321/87 122/322/87
f 88/323/88 86/324/88 83/325/88
f 86/326/89 88/327/89 89/328/89 87/329/89
f 130/330/90 129/331/90 122/332/90
f 90/333/91 88/334/91 83/335/91
f 88/336/92 90/337/92 91/338/92 89/339/92
f 129/340/93 128/341/93 122/342/93
f 92/343/94 90/344/94 83/345/94
f 90/346/95 92/347/95 93/348/95 91/349/95
f 128/350/96 127/351/96 122/352/96
f 94/353/97 92/354/97 83/355/97
f 92/356/98 94/357/98 95/358/98 93/359/98
f 127/360/99 126/361/99 122/362/99
f 96/363/100 94/364/100 83/365/100
f 94/366/101 96/367/101 97/368/101 95/369/101
f 126/370/102 125/371/102 122/372/102
f 98/373/103 96/374/103 83/375/103
f 96/376/104 98/377/104 99/378/104 97/379/104
f 125/380/105 124/381/105 122/382/105
f 100/383/106 98/384/106 83/385/106
f 98/386/107 100/387/107 101/388/107 99/389/107
f 124/390/108 123/391/108 122/392/108
f 102/393/109 100/394/109 83/395/109
f 100/396/110 102/397/110 103/398/110 101/399/110
f 123/400/111 120/401/111 122/402/111
f 104/403/112 102/404/112 83/405/112
f 102/406/113 104/407/113 105/408/113 103/409/113
f 120/410/114 121/411/114 122/412/114
f 106/413/115 104/414/115 83/415/115
f 104/416/116 106/417/116 107/418/116 105/419/116
f 121/420/117 132/421/117 122/422/117
f 84/423/118 106/424/118 83/425/118
f 106/426/119 84/427/119 85/428/119 107/429/119
f 132/430/120 131/431/120 122/432/120
f 109/433/121 108/434/121 103/435/121 105/436/121
f 108/437/122 110/438/122 101/439/122 103/440/122
f 110/441/123 111/442/123 99/443/123 101/444/123
f 111/445/124 112/446/124 97/447/124 99/448/124
f 112/449/125 113/450/125 95/451/125 97/452/125
f 113/453/126 114/454/126 93/455/126 95/456/126
f 114/457/127 115/458/127 91/459/127 93/460/127
f 115/461/128 116/462/128 89/463/128 91/464/128
f 116/465/129 117/466/129 87/467/129 89/468/129
f 117/469/130 118/470/130 85/471/130 87/472/130
f 118/473/131 119/474/131 107/475/131 85/476/131
f 119/477/132 109/478/132 105/479/132 107/480/132
f 121/481/133 120/482/133 108/483/133 109/484/133
f 120/485/134 123/486/134 110/487/134 108/488/134
f 123/489/135 124/490/135 111/491/135 110/492/135
f 124/493/136 125/494/136 112/495/136 111/496/136
f 125/497/137 126/498/137 113/499/137 112/500/137
f 126/501/138 127/502/138 114/503/138 113/504/138
f 127/505/139 128/506/139 115/507/139 114/508/139
f 128/509/140 129/510/140 116/511/140 115/512/140
f 129/513/141 130/514/141 117/515/141 116/516/141
f 130/517/142 131/518/142 118/519/142 117/520/142
f 131/521/143 132/522/143 119/523/143 118/524/143
f 132/525/144 121/526/144 109/527/144 119/528/144
o 1_R
v 0.53125 0.37500000000000006 -0.875
v 0.6875 0.47548125 -0.5
v 0.53125 0.4754812500000001 -0.5
v 0.6875 0.64951875 -0.6004812500000001
v 0.53125 0.64951875 -0.6004812500000001
v 0.6875000000000001 0.75 -0.77451875
v 0.5312500000000001 0.75 -0.77451875
v 0.6875000000000001 0.75 -0.97548125
v 0.5312500000000001 0.75 -0.97548125
v 0.6875 0.64951875 -1.14951875
v 0.53125 0.64951875 -1.14951875
v 0.6875 0.47548125 -1.25
v 0.53125 0.4754812500000001 -1.25
v 0.6875 0.27451875000000003 -1.25
v 0.53125 0.2745187500000001 -1.25
v 0.6875 0.10048125000000008 -1.14951875
v 0.53125 0.10048125000000008 -1.14951875
v 0.6874999999999999 5.551115123125783e-17 -0.97548125
v 0.5312499999999999 5.551115123125783e-17 -0.97548125
v 0.6874999999999999 5.551115123125783e-17 -0.77451875
v 0.5312499999999999 5.551115123125783e-17 -0.77451875
v 0.6875 0.10048125000000008 -0.6004812500000001
v 0.53125 0.10048125000000008 -0.6004812500000001
v 0.6875 0.27451875000000003 -0.5
v 0.53125 0.2745187500000001 -0.5
v 0.6875 0.458734375 -1.1875
v 0.6875 0.6037656250000001 -1.103765625
v 0.6875 0.6875 -0.958734375
v 0.6875 0.6875 -0.791265625
v 0.6875 0.6037656250000001 -0.646234375
v 0.6875 0.458734375 -0.5625
v 0.6875 0.29126562500000003 -0.5625
v 0.6875 0.14623437500000003 -0.646234375
v 0.6875 0.29126562500000003 -1.1875
v 0.6875 0.14623437500000003 -1.103765625
v 0.6875 0.06250000000000006 -0.958734375
v 0.6875 0.06250000000000006 -0.791265625
v 0.625 0.458734375 -1.1875
v 0.625 0.6037656250000001 -1.103765625
v 0.625 0.37500000000000006 -0.875
v 0.625 0.2912656250000001 -1.1875
v 0.625 0.6875 -0.958734375
v 0.625 0.6875 -0.791265625
v 0.625 0.6037656250000001 -0.646234375
v 0.625 0.458734375 -0.5625
v 0.625 0.2912656250000001 -0.5625
v 0.625 0.14623437500000006 -0.646234375
v 0.625 0.06250000000000006 -0.791265625
v 0.625 0.06250000000000006 -0.958734375
v 0.625 0.14623437500000006 -1.103765625
vt 0.0676578125 0.65359609375
vt 0.04952890624999999 0.6640625
vt 0.03906249999999999 0.625
vt 0.30943515625 0.55859375
vt 0.33455546875 0.55859375
vt 0.33455546875 0.578125
vt 0.30943515625 0.578125
vt 0.22349765625 0.90625
vt 0.24525234375 0.91881015625
vt 0.2109375 0.953125
vt 0.078125 0.6354671875
vt 0.0676578125 0.65359609375
vt 0.03906249999999999 0.625
vt 0.41544453125 0.56640625
vt 0.44056484375 0.56640625
vt 0.44056484375 0.5859375
vt 0.41544453125 0.5859375
vt 0.24525234375 0.91881015625
vt 0.2578125 0.94056484375
vt 0.2109375 0.953125
vt 0.078125 0.61453359375
vt 0.078125 0.6354671875
vt 0.03906249999999999 0.625
vt 0.44056484375 0.56640625
vt 0.46568515625 0.56640625
vt 0.46568515625 0.5859375
vt 0.44056484375 0.5859375
vt 0.2578125 0.94056484375
vt 0.2578125 0.96568515625
vt 0.2109375 0.953125
vt 0.06765859375 0.5964046875
vt 0.078125 0.61453359375
vt 0.03906249999999999 0.625
vt 0.46568515625 0.56640625
vt 0.49080546875 0.56640625
vt 0.49080546875 0.5859375
vt 0.46568515625 0.5859375
vt 0.2578125 0.96568515625
vt 0.24525234375 0.98743984375
vt 0.2109375 0.953125
vt 0.04952968749999999 0.5859375
vt 0.06765859375 0.5964046875
vt 0.03906249999999999 0.625
vt 0.0013820312499999987 0.55859375
vt 0.02650234375 0.55859375
vt 0.02650234375 0.578125
vt 0.0013820312499999987 0.578125
vt 0.24525234375 0.98743984375
vt 0.22349765625 1
vt 0.2109375 0.953125
vt 0.028596093749999992 0.5859375
vt 0.04952968749999999 0.5859375
vt 0.03906249999999999 0.625
vt 0.02650234375 0.55859375
vt 0.051622656249999996 0.55859375
vt 0.051622656249999996 0.578125
vt 0.02650234375 0.578125
vt 0.22349765625 1
vt 0.19837734375 1
vt 0.2109375 0.953125
vt 0.010467187499999989 0.59640390625
vt 0.028596093749999992 0.5859375
vt 0.03906249999999999 0.625
vt 0.051622656249999996 0.55859375
vt 0.07674296875 0.55859375
vt 0.07674296875 0.578125
vt 0.051622656249999996 0.578125
vt 0.19837734375 1
vt 0.17662265625 0.98743984375
vt 0.2109375 0.953125
vt 6.938893903907228e-18 0.6145328125
vt 0.010467187500000016 0.59640390625
vt 0.0390625 0.625
vt 0.17325703125 0.55859375
vt 0.19837734375 0.55859375
vt 0.19837734375 0.578125
vt 0.17325703125 0.578125
vt 0.17662265625 0.98743984375
vt 0.1640625 0.96568515625
vt 0.2109375 0.953125
vt 0 0.63546640625
vt 6.938893903907228e-18 0.6145328125
vt 0.03906250000000001 0.625
vt 0.19837734375 0.55859375
vt 0.22349765625 0.55859375
vt 0.22349765625 0.578125
vt 0.19837734375 0.578125
vt 0.1640625 0.96568515625
vt 0.1640625 0.94056484375
vt 0.2109375 0.953125
vt 0.01046640624999999 0.6535953125
vt 0 0.63546640625
vt 0.0390625 0.625
vt 0.22349765625 0.55859375
vt 0.24861796875 0.55859375
vt 0.24861796875 0.578125
vt 0.22349765625 0.578125
vt 0.1640625 0.94056484375
vt 0.17662265625 0.91881015625
vt 0.2109375 0.953125
vt 0.02859531249999999 0.6640625
vt 0.01046640624999999 0.6535953125
vt 0.03906249999999999 0.625
vt 0.25919453125 0.55859375
vt 0.28431484375 0.55859375
vt 0.28431484375 0.578125
vt 0.25919453125 0.578125
vt 0.17662265625 0.91881015625
vt 0.19837734375 0.90625
vt 0.2109375 0.953125
vt 0.04952890624999999 0.6640625
vt 0.02859531249999999 0.6640625
vt 0.03906249999999999 0.625
vt 0.28431484375 0.55859375
vt 0.30943515625 0.55859375
vt 0.30943515625 0.578125
vt 0.28431484375 0.578125
vt 0.19837734375 0.90625
vt 0.22349765625 0.90625
vt 0.2109375 0.953125
vt 0.32547109375 0.6745296875
vt 0.30734218750000003 0.6640625
vt 0.30943515625 0.65625
vt 0.33118984375 0.66881015625
vt 0.3359375 0.69265859375
vt 0.32547109375 0.6745296875
vt 0.33118984375 0.66881015625
vt 0.34375 0.69056484375
vt 0.3359375 0.7135921875
vt 0.3359375 0.69265859375
vt 0.34375 0.69056484375
vt 0.34375 0.71568515625
vt 0.3254703125 0.73172109375
vt 0.3359375 0.7135921875
vt 0.34375 0.71568515625
vt 0.33118984375 0.73743984375
vt 0.30734140625 0.7421875
vt 0.3254703125 0.73172109375
vt 0.33118984375 0.73743984375
vt 0.30943515624999995 0.75
vt 0.28640781249999997 0.7421875
vt 0.30734140625 0.7421875
vt 0.30943515624999995 0.75
vt 0.28431484375 0.75
vt 0.26827890625 0.7317203124999999
vt 0.28640781249999997 0.7421875
vt 0.28431484375 0.75
vt 0.26256015625 0.7374398437499999
vt 0.30734218750000003 0.6640625
vt 0.28640859375 0.6640625
vt 0.28431484375 0.65625
vt 0.30943515625 0.65625
vt 0.28640859375 0.6640625
vt 0.2682796875 0.67452890625
vt 0.26256015625 0.66881015625
vt 0.28431484375 0.65625
vt 0.2682796875 0.67452890625
vt 0.2578125 0.6926578125
vt 0.25 0.69056484375
vt 0.26256015625 0.66881015625
vt 0.2578125 0.6926578125
vt 0.2578125 0.71359140625
vt 0.25 0.71568515625
vt 0.25 0.69056484375
vt 0.2578125 0.71359140625
vt 0.26827890625 0.7317203125
vt 0.26256015625 0.73743984375
vt 0.25 0.71568515625
vt 0.066556640625 0.515625
vt 0.045623046875 0.515625
vt 0.045623046875 0.5078125
vt 0.066556640625 0.5078125
vt 0.045623046875 0.515625
vt 0.024689453125000003 0.515625
vt 0.024689453125000003 0.5078125
vt 0.045623046875 0.5078125
vt 0.188751953125 0.515625
vt 0.167818359375 0.515625
vt 0.167818359375 0.5078125
vt 0.188751953125 0.5078125
vt 0.20968554687500002 0.515625
vt 0.188751953125 0.515625
vt 0.188751953125 0.5078125
vt 0.20968554687500002 0.5078125
vt 0.230619140625 0.515625
vt 0.20968554687500002 0.515625
vt 0.20968554687500002 0.5078125
vt 0.230619140625 0.5078125
vt 0.266876953125 0.515625
vt 0.245943359375 0.515625
vt 0.245943359375 0.5078125
vt 0.266876953125 0.5078125
vt 0.287810546875 0.515625
vt 0.266876953125 0.515625
vt 0.266876953125 0.5078125
vt 0.287810546875 0.5078125
vt 0.308744140625 0.515625
vt 0.287810546875 0.515625
vt 0.287810546875 0.5078125
vt 0.308744140625 0.5078125
vt 0.509064453125 0.75
vt 0.488130859375 0.75
vt 0.488130859375 0.7421875
vt 0.509064453125 0.7421875
vt 0.529998046875 0.75
vt 0.509064453125 0.75
vt 0.509064453125 0.7421875
vt 0.529998046875 0.7421875
vt 0.550931640625 0.75
vt 0.529998046875 0.75
vt 0.529998046875 0.7421875
vt 0.550931640625 0.7421875
vt 0.024689453125000003 0.515625
vt 0.0037558593750000036 0.515625
vt 0.0037558593750000036 0.5078125
vt 0.024689453125000003 0.5078125
vn 1 -2.220446049250313e-16 0
vn 1.1102284319939225e-16 0.500002435262396 0.8660239977804736
vn -1 2.220446049250313e-16 0
vn 1 -2.220446049250313e-16 0
vn 1.9229595644276144e-16 0.8660239977804736 0.500002435262396
vn -1 2.220446049250313e-16 0
vn 1 -2.220446049250313e-16 0
vn 2.220446049250313e-16 1 0
vn -1 2.220446049250313e-16 0
vn 1 -2.220446049250313e-16 0
vn 1.9229595644276144e-16 0.8660239977804736 -0.500002435262396
vn -1 2.220446049250313e-16 0
vn 1 -2.220446049250313e-16 0
vn 1.1102284319939225e-16 0.500002435262396 -0.8660239977804736
vn -1 2.220446049250313e-16 0
vn 1 -2.220446049250313e-16 0
vn 0 0 -1
vn -1 2.220446049250313e-16 0
vn 1 -2.220446049250313e-16 0
vn -1.1102284319939225e-16 -0.500002435262396 -0.8660239977804736
vn -1 2.220446049250313e-16 0
vn 1 -2.220446049250313e-16 0
vn -1.9229595644276144e-16 -0.8660239977804736 -0.500002435262396
vn -1 2.220446049250313e-16 0
vn 1 -2.220446049250313e-16 0
vn -2.220446049250313e-16 -1 0
vn -1 2.220446049250313e-16 0
vn 1 -2.220446049250313e-16 0
vn -1.9229595644276144e-16 -0.8660239977804736 0.500002435262396
vn -1 2.220446049250313e-16 0
vn 1 -2.220446049250313e-16 0
vn -1.1102284319939225e-16 -0.500002435262396 0.8660239977804736
vn -1 2.220446049250313e-16 0
vn 1 -2.220446049250313e-16 0
vn 0 0 1
vn -1 2.220446049250313e-16 0
vn 1 -2.220446049250313e-16 0
vn 1 -2.220446049250313e-16 0
vn 1 -2.220446049250313e-16 0
vn 1 -2.220446049250313e-16 0
vn 1 -2.220446049250313e-16 0
vn 1 -2.220446049250313e-16 0
vn 1 -2.220446049250313e-16 0
vn 1 -2.220446049250313e-16 0
vn 1 -2.220446049250313e-16 0
vn 1 -2.220446049250313e-16 0
vn 1 -2.220446049250313e-16 0
vn 1 -2.220446049250313e-16 0
vn -1.1102284319939223e-16 -0.5000024352623959 0.8660239977804736
vn 0 0 1
vn -1.9229595644276144e-16 -0.8660239977804736 0.5000024352623959
vn -2.220446049250313e-16 -1 0
vn -1.9229595644276144e-16 -0.8660239977804736 -0.5000024352623959
vn -1.1102284319939223e-16 -0.5000024352623959 -0.8660239977804736
vn 0 0 -1
vn 1.1102284319939223e-16 0.5000024352623959 -0.8660239977804736
vn 1.9229595644276144e-16 0.8660239977804736 -0.5000024352623959
vn 2.220446049250313e-16 1 0
vn 1.9229595644276144e-16 0.8660239977804736 0.5000024352623959
vn 1.1102284319939223e-16 0.5000024352623959 0.8660239977804736
usemtl m_484efce4-b148-c43d-a84b-c44505be50fc
f 176/529/145 177/530/145 172/531/145
f 134/532/146 136/533/146 137/534/146 135/535/146
f 135/536/147 137/537/147 133/538/147
f 175/539/148 176/540/148 172/541/148
f 136/542/149 138/543/149 139/544/149 137/545/149
f 137/546/150 139/547/150 133/548/150
f 174/549/151 175/550/151 172/551/151
f 138/552/152 140/553/152 141/554/152 139/555/152
f 139/556/153 141/557/153 133/558/153
f 171/559/154 174/560/154 172/561/154
f 140/562/155 142/563/155 143/564/155 141/565/155
f 141/566/156 143/567/156 133/568/156
f 170/569/157 171/570/157 172/571/157
f 142/572/158 144/573/158 145/574/158 143/575/158
f 143/576/159 145/577/159 133/578/159
f 173/579/160 170/580/160 172/581/160
f 144/582/161 146/583/161 147/584/161 145/585/161
f 145/586/162 147/587/162 133/588/162
f 182/589/163 173/590/163 172/591/163
f 146/592/164 148/593/164 149/594/164 147/595/164
f 147/596/165 149/597/165 133/598/165
f 181/599/166 182/600/166 172/601/166
f 148/602/167 150/603/167 151/604/167 149/605/167
f 149/606/168 151/607/168 133/608/168
f 180/609/169 181/610/169 172/611/169
f 150/612/170 152/613/170 153/614/170 151/615/170
f 151/616/171 153/617/171 133/618/171
f 179/619/172 180/620/172 172/621/172
f 152/622/173 154/623/173 155/624/173 153/625/173
f 153/626/174 155/627/174 133/628/174
f 178/629/175 179/630/175 172/631/175
f 154/632/176 156/633/176 157/634/176 155/635/176
f 155/636/177 157/637/177 133/638/177
f 177/639/178 178/640/178 172/641/178
f 156/642/179 134/643/179 135/644/179 157/645/179
f 157/646/180 135/647/180 133/648/180
f 159/649/181 158/650/181 144/651/181 142/652/181
f 160/653/182 159/654/182 142/655/182 140/656/182
f 161/657/183 160/658/183 140/659/183 138/660/183
f 162/661/184 161/662/184 138/663/184 136/664/184
f 163/665/185 162/666/185 136/667/185 134/668/185
f 164/669/186 163/670/186 134/671/186 156/672/186
f 165/673/187 164/674/187 156/675/187 154/676/187
f 158/677/188 166/678/188 146/679/188 144/680/188
f 166/681/189 167/682/189 148/683/189 146/684/189
f 167/685/190 168/686/190 150/687/190 148/688/190
f 168/689/191 169/690/191 152/691/191 150/692/191
f 169/693/192 165/694/192 154/695/192 152/696/192
f 171/697/193 170/698/193 158/699/193 159/700/193
f 170/701/194 173/702/194 166/703/194 158/704/194
f 174/705/195 171/706/195 159/707/195 160/708/195
f 175/709/196 174/710/196 160/711/196 161/712/196
f 176/713/197 175/714/197 161/715/197 162/716/197
f 177/717/198 176/718/198 162/719/198 163/720/198
f 178/721/199 177/722/199 163/723/199 164/724/199
f 179/725/200 178/726/200 164/727/200 165/728/200
f 180/729/201 179/730/201 165/731/201 169/732/201
f 181/733/202 180/734/202 169/735/202 168/736/202
f 182/737/203 181/738/203 168/739/203 167/740/203
f 173/741/204 182/742/204 167/743/204 166/744/204
o 2_L
v -0.53125 0.37500000000000006 0.0625
v -0.53125 0.4754812500000001 0.4375
v -0.6875 0.4754812500000001 0.4375
v -0.53125 0.64951875 0.33701875
v -0.6875 0.64951875 0.33701875
v -0.5312499999999999 0.75 0.16298125
v -0.6874999999999999 0.7500000000000001 0.16298125
v -0.5312499999999999 0.75 -0.037981249999999994
v -0.6874999999999999 0.7500000000000001 -0.037981249999999994
v -0.53125 0.64951875 -0.21201874999999998
v -0.6875 0.64951875 -0.21201874999999998
v -0.53125 0.4754812500000001 -0.3125
v -0.6875 0.4754812500000001 -0.3125
v -0.53125 0.27451875000000003 -0.3125
v -0.6875 0.2745187500000001 -0.3125
v -0.53125 0.10048125000000008 -0.21201874999999998
v -0.6875 0.10048125000000008 -0.21201874999999998
v -0.5312500000000001 5.551115123125783e-17 -0.037981249999999994
v -0.6875000000000001 1.1102230246251565e-16 -0.037981249999999994
v -0.5312500000000001 5.551115123125783e-17 0.16298125
v -0.6875000000000001 1.1102230246251565e-16 0.16298125
v -0.53125 0.10048125000000008 0.33701875
v -0.6875 0.10048125000000008 0.33701875
v -0.53125 0.27451875000000003 0.4375
v -0.6875 0.2745187500000001 0.4375
v -0.6875 0.06250000000000011 0.146234375
v -0.6875 0.14623437500000008 0.291265625
v -0.6875 0.06250000000000011 -0.021234375
v -0.6875 0.14623437500000008 -0.166265625
v -0.6875 0.2912656250000001 -0.25
v -0.6875 0.4587343750000001 -0.25
v -0.6875 0.6037656250000001 -0.166265625
v -0.6875 0.6875000000000001 -0.021234375
v -0.6875 0.6875000000000001 0.146234375
v -0.6875 0.6037656250000001 0.291265625
v -0.6875 0.4587343750000001 0.375
v -0.6875 0.2912656250000001 0.375
v -0.625 0.06250000000000006 0.146234375
v -0.625 0.14623437500000008 0.291265625
v -0.625 0.37500000000000006 0.0625
v -0.625 0.06250000000000006 -0.021234375
v -0.625 0.14623437500000008 -0.166265625
v -0.625 0.2912656250000001 -0.25
v -0.625 0.4587343750000001 -0.25
v -0.625 0.6037656250000001 -0.166265625
v -0.625 0.6875 -0.021234375
v -0.625 0.6875 0.146234375
v -0.625 0.6037656250000001 0.291265625
v -0.625 0.4587343750000001 0.375
v -0.625 0.2912656250000001 0.375
vt 0.08118984374999999 0.81556484375
vt 0.059435156249999996 0.828125
vt 0.046875 0.78125
vt 0.39537265625 0.53515625
vt 0.42049296875 0.53515625
vt 0.42049296875 0.5546875
vt 0.39537265625 0.5546875
vt 0.22140390625 0.5859375
vt 0.2395328125 0.59640390625
vt 0.2109375 0.625
vt 0.09375 0.79381015625
vt 0.08118984374999999 0.81556484375
vt 0.046875 0.78125
vt 0.42325703125 0.64453125
vt 0.44837734375 0.64453125
vt 0.44837734375 0.6640625
vt 0.42325703125 0.6640625
vt 0.2395328125 0.59640390625
vt 0.25 0.6145328125
vt 0.2109375 0.625
vt 0.09375 0.76868984375
vt 0.09375 0.79381015625
vt 0.046875 0.78125
vt 0.44837734375 0.64453125
vt 0.47349765625 0.64453125
vt 0.47349765625 0.6640625
vt 0.44837734375 0.6640625
vt 0.25 0.6145328125
vt 0.25 0.63546640625
vt 0.2109375 0.625
vt 0.08118984374999999 0.74693515625
vt 0.09375 0.76868984375
vt 0.046875 0.78125
vt 0.47349765625 0.64453125
vt 0.49861796875 0.64453125
vt 0.49861796875 0.6640625
vt 0.47349765625 0.6640625
vt 0.25 0.63546640625
vt 0.23953359375 0.6535953125
vt 0.2109375 0.625
vt 0.059435156249999996 0.734375
vt 0.08118984374999999 0.74693515625
vt 0.046875 0.78125
vt 0.42325703125 0.61328125
vt 0.44837734375 0.61328125
vt 0.44837734375 0.6328125
vt 0.42325703125 0.6328125
vt 0.23953359375 0.6535953125
vt 0.2214046875 0.6640625
vt 0.2109375 0.625
vt 0.034314843750000004 0.734375
vt 0.059435156249999996 0.734375
vt 0.046875 0.78125
vt 0.44837734375 0.61328125
vt 0.47349765625 0.61328125
vt 0.47349765625 0.6328125
vt 0.44837734375 0.6328125
vt 0.2214046875 0.6640625
vt 0.20047109375 0.6640625
vt 0.2109375 0.625
vt 0.012560156250000003 0.74693515625
vt 0.034314843750000004 0.734375
vt 0.046875 0.78125
vt 0.47349765625 0.61328125
vt 0.49861796875 0.61328125
vt 0.49861796875 0.6328125
vt 0.47349765625 0.6328125
vt 0.20047109375 0.6640625
vt 0.1823421875 0.65359609375
vt 0.2109375 0.625
vt 0 0.76868984375
vt 0.012560156250000003 0.74693515625
vt 0.046875 0.78125
vt 0.08731953125 0.53515625
vt 0.11243984375 0.53515625
vt 0.11243984375 0.5546875
vt 0.08731953125 0.5546875
vt 0.1823421875 0.65359609375
vt 0.171875 0.6354671875
vt 0.2109375 0.625
vt 0 0.79381015625
vt 0 0.76868984375
vt 0.046875 0.78125
vt 0.11243984375 0.53515625
vt 0.13756015625 0.53515625
vt 0.13756015625 0.5546875
vt 0.11243984375 0.5546875
vt 0.171875 0.6354671875
vt 0.171875 0.61453359375
vt 0.2109375 0.625
vt 0.012560156250000003 0.81556484375
vt 0 0.79381015625
vt 0.046875 0.78125
vt 0.13756015625 0.53515625
vt 0.16268046875 0.53515625
vt 0.16268046875 0.5546875
vt 0.13756015625 0.5546875
vt 0.171875 0.61453359375
vt 0.18234140625 0.5964046875
vt 0.2109375 0.625
vt 0.034314843750000004 0.828125
vt 0.012560156250000003 0.81556484375
vt 0.046875 0.78125
vt 0.34513203125 0.53515625
vt 0.37025234375 0.53515625
vt 0.37025234375 0.5546875
vt 0.34513203125 0.5546875
vt 0.18234140625 0.5964046875
vt 0.2004703125 0.5859375
vt 0.2109375 0.625
vt 0.059435156249999996 0.828125
vt 0.034314843750000004 0.828125
vt 0.046875 0.78125
vt 0.37025234375 0.53515625
vt 0.39537265625 0.53515625
vt 0.39537265625 0.5546875
vt 0.37025234375 0.5546875
vt 0.2004703125 0.5859375
vt 0.22140390625 0.5859375
vt 0.2109375 0.625
vt 0.17843515625 0.7526546875
vt 0.16796875 0.77078359375
vt 0.16015625 0.76868984375
vt 0.17271640625 0.74693515625
vt 0.16796875 0.77078359375
vt 0.16796875 0.7917171875
vt 0.16015625 0.79381015625
vt 0.16015625 0.76868984375
vt 0.16796875 0.7917171875
vt 0.1784359375 0.80984609375
vt 0.17271640625 0.81556484375
vt 0.16015625 0.79381015625
vt 0.1784359375 0.80984609375
vt 0.19656484375 0.8203125
vt 0.19447109375000002 0.828125
vt 0.17271640625 0.81556484375
vt 0.19656484375 0.8203125
vt 0.2174984375 0.8203125
vt 0.21959140625 0.828125
vt 0.19447109375000002 0.828125
vt 0.2174984375 0.8203125
vt 0.23562734375 0.8098453125
vt 0.24134609375 0.8155648437499999
vt 0.21959140625 0.828125
vt 0.23562734375000002 0.8098453125
vt 0.24609375 0.79171640625
vt 0.25390625 0.79381015625
vt 0.24134609375000002 0.81556484375
vt 0.24609375 0.79171640625
vt 0.24609375 0.7707828125
vt 0.25390625 0.76868984375
vt 0.25390625 0.79381015625
vt 0.24609375 0.7707828125
vt 0.2356265625 0.75265390625
vt 0.24134609375 0.74693515625
vt 0.25390625 0.76868984375
vt 0.2356265625 0.75265390625
vt 0.21749765625 0.7421875
vt 0.21959140624999998 0.734375
vt 0.24134609375 0.74693515625
vt 0.21749765625 0.7421875
vt 0.1965640625 0.7421875
vt 0.19447109375 0.734375
vt 0.21959140624999998 0.734375
vt 0.1965640625 0.7421875
vt 0.17843515625 0.7526546875
vt 0.17271640625 0.74693515625
vt 0.19447109375 0.734375
vt 0.488130859375 0.7265625
vt 0.509064453125 0.7265625
vt 0.509064453125 0.734375
vt 0.488130859375 0.734375
vt 0.509064453125 0.7265625
vt 0.529998046875 0.7265625
vt 0.529998046875 0.734375
vt 0.509064453125 0.734375
vt 0.529998046875 0.7265625
vt 0.550931640625 0.7265625
vt 0.550931640625 0.734375
vt 0.529998046875 0.734375
vt 0.488130859375 0.7109375
vt 0.509064453125 0.7109375
vt 0.509064453125 0.71875
vt 0.488130859375 0.71875
vt 0.509064453125 0.7109375
vt 0.529998046875 0.7109375
vt 0.529998046875 0.71875
vt 0.509064453125 0.71875
vt 0.529998046875 0.7109375
vt 0.550931640625 0.7109375
vt 0.550931640625 0.71875
vt 0.529998046875 0.71875
vt 0.488130859375 0.6953125
vt 0.509064453125 0.6953125
vt 0.509064453125 0.703125
vt 0.488130859375 0.703125
vt 0.509064453125 0.6953125
vt 0.529998046875 0.6953125
vt 0.529998046875 0.703125
vt 0.509064453125 0.703125
vt 0.529998046875 0.6953125
vt 0.550931640625 0.6953125
vt 0.550931640625 0.703125
vt 0.529998046875 0.703125
vt 0.488130859375 0.6796875
vt 0.509064453125 0.6796875
vt 0.509064453125 0.6875
vt 0.488130859375 0.6875
vt 0.509064453125 0.6796875
vt 0.529998046875 0.6796875
vt 0.529998046875 0.6875
vt 0.509064453125 0.6875
vt 0.529998046875 0.6796875
vt 0.550931640625 0.6796875
vt 0.550931640625 0.6875
vt 0.529998046875 0.6875
vn 1 -2.220446049250313e-16 0
vn 1.1102284319939225e-16 0.500002435262396 0.8660239977804736
vn -1 2.220446049250313e-16 0
vn 1 -2.220446049250313e-16 0
vn 1.9229595644276144e-16 0.8660239977804736 0.500002435262396
vn -1 2.220446049250313e-16 0
vn 1 -2.220446049250313e-16 0
vn 2.220446049250313e-16 1 0
vn -1 2.220446049250313e-16 0
vn 1 -2.220446049250313e-16 0
vn 1.9229595644276144e-16 0.8660239977804736 -0.500002435262396
vn -1 2.220446049250313e-16 0
vn 1 -2.220446049250313e-16 0
vn 1.1102284319939225e-16 0.500002435262396 -0.8660239977804736
vn -1 2.220446049250313e-16 0
vn 1 -2.220446049250313e-16 0
vn 0 0 -1
vn -1 2.220446049250313e-16 0
vn 1 -2.220446049250313e-16 0
vn -1.1102284319939225e-16 -0.500002435262396 -0.8660239977804736
vn -1 2.220446049250313e-16 0
vn 1 -2.220446049250313e-16 0
vn -1.9229595644276144e-16 -0.8660239977804736 -0.500002435262396
vn -1 2.220446049250313e-16 0
vn 1 -2.220446049250313e-16 0
vn -2.220446049250313e-16 -1 0
vn -1 2.220446049250313e-16 0
vn 1 -2.220446049250313e-16 0
vn -1.9229595644276144e-16 -0.8660239977804736 0.500002435262396
vn -1 2.220446049250313e-16 0
vn 1 -2.220446049250313e-16 0
vn -1.1102284319939225e-16 -0.500002435262396 0.8660239977804736
vn -1 2.220446049250313e-16 0
vn 1 -2.220446049250313e-16 0
vn 0 0 1
vn -1 2.220446049250313e-16 0
vn -1 2.220446049250313e-16 0
vn -1 2.220446049250313e-16 0
vn -1 2.220446049250313e-16 0
vn -1 2.220446049250313e-16 0
vn -1 2.220446049250313e-16 0
vn -1 2.220446049250313e-16 0
vn -1 2.220446049250313e-16 0
vn -1 2.220446049250313e-16 0
vn -1 2.220446049250313e-16 0
vn -1 2.220446049250313e-16 0
vn -1 2.220446049250313e-16 0
vn -1 2.220446049250313e-16 0
vn 1.9229595644276144e-16 0.8660239977804736 -0.5000024352623959
vn 2.220446049250313e-16 1 0
vn 1.9229595644276144e-16 0.8660239977804736 0.5000024352623959
vn 1.1102284319939223e-16 0.5000024352623959 0.8660239977804736
vn 0 0 1
vn -1.1102284319939223e-16 -0.5000024352623959 0.8660239977804736
vn -1.9229595644276144e-16 -0.8660239977804736 0.5000024352623959
vn -2.220446049250313e-16 -1 0
vn -1.9229595644276144e-16 -0.8660239977804736 -0.5000024352623959
vn -1.1102284319939223e-16 -0.5000024352623959 -0.8660239977804736
vn 0 0 -1
vn 1.1102284319939223e-16 0.5000024352623959 -0.8660239977804736
usemtl m_484efce4-b148-c43d-a84b-c44505be50fc
f 186/745/205 184/746/205 183/747/205
f 184/748/206 186/749/206 187/750/206 185/751/206
f 231/752/207 230/753/207 222/754/207
f 188/755/208 186/756/208 183/757/208
f 186/758/209 188/759/209 189/760/209 187/761/209
f 230/762/210 229/763/210 222/764/210
f 190/765/211 188/766/211 183/767/211
f 188/768/212 190/769/212 191/770/212 189/771/212
f 229/772/213 228/773/213 222/774/213
f 192/775/214 190/776/214 183/777/214
f 190/778/215 192/779/215 193/780/215 191/781/215
f 228/782/216 227/783/216 222/784/216
f 194/785/217 192/786/217 183/787/217
f 192/788/218 194/789/218 195/790/218 193/791/218
f 227/792/219 226/793/219 222/794/219
f 196/795/220 194/796/220 183/797/220
f 194/798/221 196/799/221 197/800/221 195/801/221
f 226/802/222 225/803/222 222/804/222
f 198/805/223 196/806/223 183/807/223
f 196/808/224 198/809/224 199/810/224 197/811/224
f 225/812/225 224/813/225 222/814/225
f 200/815/226 198/816/226 183/817/226
f 198/818/227 200/819/227 201/820/227 199/821/227
f 224/822/228 223/823/228 222/824/228
f 202/825/229 200/826/229 183/827/229
f 200/828/230 202/829/230 203/830/230 201/831/230
f 223/832/231 220/833/231 222/834/231
f 204/835/232 202/836/232 183/837/232
f 202/838/233 204/839/233 205/840/233 203/841/233
f 220/842/234 221/843/234 222/844/234
f 206/845/235 204/846/235 183/847/235
f 204/848/236 206/849/236 207/850/236 205/851/236
f 221/852/237 232/853/237 222/854/237
f 184/855/238 206/856/238 183/857/238
f 206/858/239 184/859/239 185/860/239 207/861/239
f 232/862/240 231/863/240 222/864/240
f 209/865/241 208/866/241 203/867/241 205/868/241
f 208/869/242 210/870/242 201/871/242 203/872/242
f 210/873/243 211/874/243 199/875/243 201/876/243
f 211/877/244 212/878/244 197/879/244 199/880/244
f 212/881/245 213/882/245 195/883/245 197/884/245
f 213/885/246 214/886/246 193/887/246 195/888/246
f 214/889/247 215/890/247 191/891/247 193/892/247
f 215/893/248 216/894/248 189/895/248 191/896/248
f 216/897/249 217/898/249 187/899/249 189/900/249
f 217/901/250 218/902/250 185/903/250 187/904/250
f 218/905/251 219/906/251 207/907/251 185/908/251
f 219/909/252 209/910/252 205/911/252 207/912/252
f 221/913/253 220/914/253 208/915/253 209/916/253
f 220/917/254 223/918/254 210/919/254 208/920/254
f 223/921/255 224/922/255 211/923/255 210/924/255
f 224/925/256 225/926/256 212/927/256 211/928/256
f 225/929/257 226/930/257 213/931/257 212/932/257
f 226/933/258 227/934/258 214/935/258 213/936/258
f 227/937/259 228/938/259 215/939/259 214/940/259
f 228/941/260 229/942/260 216/943/260 215/944/260
f 229/945/261 230/946/261 217/947/261 216/948/261
f 230/949/262 231/950/262 218/951/262 217/952/262
f 231/953/263 232/954/263 219/955/263 218/956/263
f 232/957/264 221/958/264 209/959/264 219/960/264
o 2_R
v 0.53125 0.37500000000000006 0.0625
v 0.6875 0.47548125 0.4375
v 0.53125 0.4754812500000001 0.4375
v 0.6875 0.64951875 0.33701875
v 0.53125 0.64951875 0.33701875
v 0.6875000000000001 0.75 0.16298125
v 0.5312500000000001 0.75 0.16298125
v 0.6875000000000001 0.75 -0.037981249999999994
v 0.5312500000000001 0.75 -0.037981249999999994
v 0.6875 0.64951875 -0.21201874999999998
v 0.53125 0.64951875 -0.21201874999999998
v 0.6875 0.47548125 -0.3125
v 0.53125 0.4754812500000001 -0.3125
v 0.6875 0.27451875000000003 -0.3125
v 0.53125 0.2745187500000001 -0.3125
v 0.6875 0.10048125000000008 -0.21201874999999998
v 0.53125 0.10048125000000008 -0.21201874999999998
v 0.6874999999999999 5.551115123125783e-17 -0.037981249999999994
v 0.5312499999999999 5.551115123125783e-17 -0.037981249999999994
v 0.6874999999999999 5.551115123125783e-17 0.16298125
v 0.5312499999999999 5.551115123125783e-17 0.16298125
v 0.6875 0.10048125000000008 0.33701875
v 0.53125 0.10048125000000008 0.33701875
v 0.6875 0.27451875000000003 0.4375
v 0.53125 0.2745187500000001 0.4375
v 0.6875 0.6875 0.146234375
v 0.6875 0.6037656250000001 0.291265625
v 0.6875 0.6875 -0.021234375
v 0.6875 0.6037656250000001 -0.166265625
v 0.6875 0.458734375 -0.25
v 0.6875 0.29126562500000003 -0.25
v 0.6875 0.14623437500000003 -0.166265625
v 0.6875 0.06250000000000006 -0.021234375
v 0.6875 0.06250000000000006 0.146234375
v 0.6875 0.14623437500000003 0.291265625
v 0.6875 0.29126562500000003 0.375
v 0.6875 0.458734375 0.375
v 0.625 0.6875 0.146234375
v 0.625 0.6037656250000001 0.291265625
v 0.625 0.37500000000000006 0.0625
v 0.625 0.6875 -0.021234375
v 0.625 0.6037656250000001 -0.166265625
v 0.625 0.458734375 -0.25
v 0.625 0.2912656250000001 -0.25
v 0.625 0.14623437500000006 -0.166265625
v 0.625 0.06250000000000006 -0.021234375
v 0.625 0.06250000000000006 0.146234375
v 0.625 0.14623437500000006 0.291265625
v 0.625 0.2912656250000001 0.375
v 0.625 0.458734375 0.375
vt 0.4035953125 0.65359609375
vt 0.38546640625 0.6640625
vt 0.375 0.625
vt 0.30943515625 0.52734375
vt 0.33455546875 0.52734375
vt 0.33455546875 0.546875
vt 0.30943515625 0.546875
vt 0.30162265625 0.8203125
vt 0.32337734375 0.83287265625
vt 0.2890625 0.8671875
vt 0.4140625 0.6354671875
vt 0.4035953125 0.65359609375
vt 0.375 0.625
vt 0.43106953125 0.53515625
vt 0.45618984375 0.53515625
vt 0.45618984375 0.5546875
vt 0.43106953125 0.5546875
vt 0.32337734375 0.83287265625
vt 0.3359375 0.85462734375
vt 0.2890625 0.8671875
vt 0.4140625 0.61453359375
vt 0.4140625 0.6354671875
vt 0.375 0.625
vt 0.45618984375 0.53515625
vt 0.48131015625 0.53515625
vt 0.48131015625 0.5546875
vt 0.45618984375 0.5546875
vt 0.3359375 0.85462734375
vt 0.3359375 0.87974765625
vt 0.2890625 0.8671875
vt 0.40359609375 0.5964046875
vt 0.4140625 0.61453359375
vt 0.375 0.625
vt 0.48131015625 0.53515625
vt 0.50643046875 0.53515625
vt 0.50643046875 0.5546875
vt 0.48131015625 0.5546875
vt 0.3359375 0.87974765625
vt 0.32337734375 0.90150234375
vt 0.2890625 0.8671875
vt 0.3854671875 0.5859375
vt 0.40359609375 0.5964046875
vt 0.375 0.625
vt 0.0013820312499999987 0.52734375
vt 0.02650234375 0.52734375
vt 0.02650234375 0.546875
vt 0.0013820312499999987 0.546875
vt 0.32337734375 0.90150234375
vt 0.30162265625 0.9140625
vt 0.2890625 0.8671875
vt 0.36453359375 0.5859375
vt 0.3854671875 0.5859375
vt 0.375 0.625
vt 0.02650234375 0.52734375
vt 0.051622656249999996 0.52734375
vt 0.051622656249999996 0.546875
vt 0.02650234375 0.546875
vt 0.30162265625 0.9140625
vt 0.27650234375 0.9140625
vt 0.2890625 0.8671875
vt 0.3464046875 0.59640390625
vt 0.36453359375 0.5859375
vt 0.375 0.625
vt 0.051622656249999996 0.52734375
vt 0.07674296875 0.52734375
vt 0.07674296875 0.546875
vt 0.051622656249999996 0.546875
vt 0.27650234375 0.9140625
vt 0.25474765625 0.90150234375
vt 0.2890625 0.8671875
vt 0.3359375 0.6145328125
vt 0.34640468750000003 0.59640390625
vt 0.375 0.625
vt 0.17325703125 0.52734375
vt 0.19837734375 0.52734375
vt 0.19837734375 0.546875
vt 0.17325703125 0.546875
vt 0.25474765625 0.90150234375
vt 0.2421875 0.87974765625
vt 0.2890625 0.8671875
vt 0.3359375 0.63546640625
vt 0.3359375 0.6145328125
vt 0.375 0.625
vt 0.19837734375 0.52734375
vt 0.22349765625 0.52734375
vt 0.22349765625 0.546875
vt 0.19837734375 0.546875
vt 0.2421875 0.87974765625
vt 0.2421875 0.85462734375
vt 0.2890625 0.8671875
vt 0.34640390625 0.6535953125
vt 0.3359375 0.63546640625
vt 0.375 0.625
vt 0.22349765625 0.52734375
vt 0.24861796875 0.52734375
vt 0.24861796875 0.546875
vt 0.22349765625 0.546875
vt 0.2421875 0.85462734375
vt 0.25474765625 0.83287265625
vt 0.2890625 0.8671875
vt 0.36453281249999997 0.6640625
vt 0.34640390625 0.6535953125
vt 0.375 0.625
vt 0.25919453125 0.52734375
vt 0.28431484375 0.52734375
vt 0.28431484375 0.546875
vt 0.25919453125 0.546875
vt 0.25474765625 0.83287265625
vt 0.27650234375 0.8203125
vt 0.2890625 0.8671875
vt 0.38546640625 0.6640625
vt 0.36453281249999997 0.6640625
vt 0.375 0.625
vt 0.28431484375 0.52734375
vt 0.30943515625 0.52734375
vt 0.30943515625 0.546875
vt 0.28431484375 0.546875
vt 0.27650234375 0.8203125
vt 0.30162265625 0.8203125
vt 0.2890625 0.8671875
vt 0.15359531249999997 0.72390859375
vt 0.1640625 0.7057796875
vt 0.171875 0.70787265625
vt 0.15931484375 0.72962734375
vt 0.1640625 0.7057796875
vt 0.1640625 0.68484609375
vt 0.171875 0.68275234375
vt 0.171875 0.70787265625
vt 0.1640625 0.68484609375
vt 0.15359609375 0.6667171875
vt 0.15931484375 0.66099765625
vt 0.171875 0.68275234375
vt 0.15359609375 0.6667171875
vt 0.13546718749999997 0.65625
vt 0.13756015625 0.6484375
vt 0.15931484375 0.66099765625
vt 0.13546718749999997 0.65625
vt 0.11453359375 0.65625
vt 0.11243984374999999 0.6484375
vt 0.13756015625 0.6484375
vt 0.11453359375 0.65625
vt 0.09640468749999997 0.66671640625
vt 0.09068515625 0.66099765625
vt 0.11243984374999999 0.6484375
vt 0.09640468750000006 0.66671640625
vt 0.08593750000000003 0.6848453125
vt 0.07812500000000003 0.68275234375
vt 0.09068515625000007 0.66099765625
vt 0.08593750000000003 0.6848453125
vt 0.08593750000000001 0.70577890625
vt 0.07812500000000001 0.70787265625
vt 0.07812500000000004 0.68275234375
vt 0.08593750000000001 0.70577890625
vt 0.09640390624999999 0.7239078125
vt 0.09068515624999998 0.72962734375
vt 0.07812500000000001 0.70787265625
vt 0.09640390624999999 0.7239078125
vt 0.11453281249999998 0.734375
vt 0.11243984374999999 0.7421875
vt 0.09068515624999998 0.72962734375
vt 0.11453281249999998 0.734375
vt 0.13546640625 0.734375
vt 0.13756015624999998 0.7421875
vt 0.11243984374999999 0.7421875
vt 0.13546640625 0.734375
vt 0.15359531249999997 0.72390859375
vt 0.15931484375 0.72962734375
vt 0.13756015624999998 0.7421875
vt 0.558744140625 1
vt 0.537810546875 1
vt 0.537810546875 0.9921875
vt 0.558744140625 0.9921875
vt 0.537810546875 1
vt 0.516876953125 1
vt 0.516876953125 0.9921875
vt 0.537810546875 0.9921875
vt 0.516876953125 1
vt 0.495943359375 1
vt 0.495943359375 0.9921875
vt 0.516876953125 0.9921875
vt 0.558744140625 0.984375
vt 0.537810546875 0.984375
vt 0.537810546875 0.9765625
vt 0.558744140625 0.9765625
vt 0.537810546875 0.984375
vt 0.516876953125 0.984375
vt 0.516876953125 0.9765625
vt 0.537810546875 0.9765625
vt 0.516876953125 0.984375
vt 0.495943359375 0.984375
vt 0.495943359375 0.9765625
vt 0.516876953125 0.9765625
vt 0.558744140625 0.96875
vt 0.537810546875 0.96875
vt 0.537810546875 0.9609375
vt 0.558744140625 0.9609375
vt 0.537810546875 0.96875
vt 0.516876953125 0.96875
vt 0.516876953125 0.9609375
vt 0.537810546875 0.9609375
vt 0.516876953125 0.96875
vt 0.495943359375 0.96875
vt 0.495943359375 0.9609375
vt 0.516876953125 0.9609375
vt 0.558744140625 0.953125
vt 0.537810546875 0.953125
vt 0.537810546875 0.9453125
vt 0.558744140625 0.9453125
vt 0.537810546875 0.953125
vt 0.516876953125 0.953125
vt 0.516876953125 0.9453125
vt 0.537810546875 0.9453125
vt 0.516876953125 0.953125
vt 0.495943359375 0.953125
vt 0.495943359375 0.9453125
vt 0.516876953125 0.9453125
vn 1 -2.220446049250313e-16 0
vn 1.1102284319939225e-16 0.500002435262396 0.8660239977804736
vn -1 2.220446049250313e-16 0
vn 1 -2.220446049250313e-16 0
vn 1.9229595644276144e-16 0.8660239977804736 0.500002435262396
vn -1 2.220446049250313e-16 0
vn 1 -2.220446049250313e-16 0
vn 2.220446049250313e-16 1 0
vn -1 2.220446049250313e-16 0
vn 1 -2.220446049250313e-16 0
vn 1.9229595644276144e-16 0.8660239977804736 -0.500002435262396
vn -1 2.220446049250313e-16 0
vn 1 -2.220446049250313e-16 0
vn 1.1102284319939225e-16 0.500002435262396 -0.8660239977804736
vn -1 2.220446049250313e-16 0
vn 1 -2.220446049250313e-16 0
vn 0 0 -1
vn -1 2.220446049250313e-16 0
vn 1 -2.220446049250313e-16 0
vn -1.1102284319939225e-16 -0.500002435262396 -0.8660239977804736
vn -1 2.220446049250313e-16 0
vn 1 -2.220446049250313e-16 0
vn -1.9229595644276144e-16 -0.8660239977804736 -0.500002435262396
vn -1 2.220446049250313e-16 0
vn 1 -2.220446049250313e-16 0
vn -2.220446049250313e-16 -1 0
vn -1 2.220446049250313e-16 0
vn 1 -2.220446049250313e-16 0
vn -1.9229595644276144e-16 -0.8660239977804736 0.500002435262396
vn -1 2.220446049250313e-16 0
vn 1 -2.220446049250313e-16 0
vn -1.1102284319939225e-16 -0.500002435262396 0.8660239977804736
vn -1 2.220446049250313e-16 0
vn 1 -2.220446049250313e-16 0
vn 0 0 1
vn -1 2.220446049250313e-16 0
vn 1 -2.220446049250313e-16 0
vn 1 -2.220446049250313e-16 0
vn 1 -2.220446049250313e-16 0
vn 1 -2.220446049250313e-16 0
vn 1 -2.220446049250313e-16 0
vn 1 -2.220446049250313e-16 0
vn 1 -2.220446049250313e-16 0
vn 1 -2.220446049250313e-16 0
vn 1 -2.220446049250313e-16 0
vn 1 -2.220446049250313e-16 0
vn 1 -2.220446049250313e-16 0
vn 1 -2.220446049250313e-16 0
vn -1.9229595644276144e-16 -0.8660239977804736 -0.5000024352623959
vn -2.220446049250313e-16 -1 0
vn -1.9229595644276144e-16 -0.8660239977804736 0.5000024352623959
vn -1.1102284319939223e-16 -0.5000024352623959 0.8660239977804736
vn 0 0 1
vn 1.1102284319939223e-16 0.5000024352623959 0.8660239977804736
vn 1.9229595644276144e-16 0.8660239977804736 0.5000024352623959
vn 2.220446049250313e-16 1 0
vn 1.9229595644276144e-16 0.8660239977804736 -0.5000024352623959
vn 1.1102284319939223e-16 0.5000024352623959 -0.8660239977804736
vn 0 0 -1
vn -1.1102284319939223e-16 -0.5000024352623959 -0.8660239977804736
usemtl m_484efce4-b148-c43d-a84b-c44505be50fc
f 271/961/265 282/962/265 272/963/265
f 234/964/266 236/965/266 237/966/266 235/967/266
f 235/968/267 237/969/267 233/970/267
f 270/971/268 271/972/268 272/973/268
f 236/974/269 238/975/269 239/976/269 237/977/269
f 237/978/270 239/979/270 233/980/270
f 273/981/271 270/982/271 272/983/271
f 238/984/272 240/985/272 241/986/272 239/987/272
f 239/988/273 241/989/273 233/990/273
f 274/991/274 273/992/274 272/993/274
f 240/994/275 242/995/275 243/996/275 241/997/275
f 241/998/276 243/999/276 233/1000/276
f 275/1001/277 274/1002/277 272/1003/277
f 242/1004/278 244/1005/278 245/1006/278 243/1007/278
f 243/1008/279 245/1009/279 233/1010/279
f 276/1011/280 275/1012/280 272/1013/280
f 244/1014/281 246/1015/281 247/1016/281 245/1017/281
f 245/1018/282 247/1019/282 233/1020/282
f 277/1021/283 276/1022/283 272/1023/283
f 246/1024/284 248/1025/284 249/1026/284 247/1027/284
f 247/1028/285 249/1029/285 233/1030/285
f 278/1031/286 277/1032/286 272/1033/286
f 248/1034/287 250/1035/287 251/1036/287 249/1037/287
f 249/1038/288 251/1039/288 233/1040/288
f 279/1041/289 278/1042/289 272/1043/289
f 250/1044/290 252/1045/290 253/1046/290 251/1047/290
f 251/1048/291 253/1049/291 233/1050/291
f 280/1051/292 279/1052/292 272/1053/292
f 252/1054/293 254/1055/293 255/1056/293 253/1057/293
f 253/1058/294 255/1059/294 233/1060/294
f 281/1061/295 280/1062/295 272/1063/295
f 254/1064/296 256/1065/296 257/1066/296 255/1067/296
f 255/1068/297 257/1069/297 233/1070/297
f 282/1071/298 281/1072/298 272/1073/298
f 256/1074/299 234/1075/299 235/1076/299 257/1077/299
f 257/1078/300 235/1079/300 233/1080/300
f 259/1081/301 258/1082/301 238/1083/301 236/1084/301
f 258/1085/302 260/1086/302 240/1087/302 238/1088/302
f 260/1089/303 261/1090/303 242/1091/303 240/1092/303
f 261/1093/304 262/1094/304 244/1095/304 242/1096/304
f 262/1097/305 263/1098/305 246/1099/305 244/1100/305
f 263/1101/306 264/1102/306 248/1103/306 246/1104/306
f 264/1105/307 265/1106/307 250/1107/307 248/1108/307
f 265/1109/308 266/1110/308 252/1111/308 250/1112/308
f 266/1113/309 267/1114/309 254/1115/309 252/1116/309
f 267/1117/310 268/1118/310 256/1119/310 254/1120/310
f 268/1121/311 269/1122/311 234/1123/311 256/1124/311
f 269/1125/312 259/1126/312 236/1127/312 234/1128/312
f 271/1129/313 270/1130/313 258/1131/313 259/1132/313
f 270/1133/314 273/1134/314 260/1135/314 258/1136/314
f 273/1137/315 274/1138/315 261/1139/315 260/1140/315
f 274/1141/316 275/1142/316 262/1143/316 261/1144/316
f 275/1145/317 276/1146/317 263/1147/317 262/1148/317
f 276/1149/318 277/1150/318 264/1151/318 263/1152/318
f 277/1153/319 278/1154/319 265/1155/319 264/1156/319
f 278/1157/320 279/1158/320 266/1159/320 265/1160/320
f 279/1161/321 280/1162/321 267/1163/321 266/1164/321
f 280/1165/322 281/1166/322 268/1167/322 267/1168/322
f 281/1169/323 282/1170/323 269/1171/323 268/1172/323
f 282/1173/324 271/1174/324 259/1175/324 269/1176/324
o 3_L
v -0.53125 0.31250000000000006 1.03125
v -0.53125 0.396234375 1.34375
v -0.6875 0.3962343750000001 1.34375
v -0.53125 0.5412656250000001 1.260015625
v -0.6875 0.5412656250000001 1.260015625
v -0.53125 0.625 1.114984375
v -0.6875 0.6250000000000001 1.114984375
v -0.53125 0.625 0.947515625
v -0.6875 0.6250000000000001 0.947515625
v -0.53125 0.5412656250000001 0.802484375
v -0.6875 0.5412656250000001 0.802484375
v -0.53125 0.396234375 0.71875
v -0.6875 0.3962343750000001 0.71875
v -0.53125 0.22876562500000006 0.71875
v -0.6875 0.22876562500000008 0.71875
v -0.53125 0.08373437500000006 0.802484375
v -0.6875 0.08373437500000008 0.802484375
v -0.53125 5.551115123125783e-17 0.947515625
v -0.6875 1.1102230246251565e-16 0.947515625
v -0.53125 5.551115123125783e-17 1.114984375
v -0.6875 1.1102230246251565e-16 1.114984375
v -0.53125 0.08373437500000006 1.260015625
v -0.6875 0.08373437500000008 1.260015625
v -0.53125 0.22876562500000006 1.34375
v -0.6875 0.22876562500000008 1.34375
v -0.6875 0.24551250000000008 1.28125
v -0.6875 0.3794875000000001 1.28125
v -0.6875 0.4955125000000001 1.2142625
v -0.6875 0.5625000000000001 1.0982375
v -0.6875 0.5625000000000001 0.9642625
v -0.6875 0.4955125000000001 0.8482375
v -0.6875 0.3794875000000001 0.78125
v -0.6875 0.24551250000000008 0.78125
v -0.6875 0.1294875000000001 0.8482375
v -0.6875 0.06250000000000008 0.9642625
v -0.6875 0.06250000000000008 1.0982375
v -0.6875 0.1294875000000001 1.2142625
v -0.625 0.24551250000000008 1.28125
v -0.625 0.3794875000000001 1.28125
v -0.625 0.31250000000000006 1.03125
v -0.625 0.4955125000000001 1.2142625
v -0.625 0.5625 1.0982375
v -0.625 0.5625 0.9642625
v -0.625 0.4955125000000001 0.8482375
v -0.625 0.3794875000000001 0.78125
v -0.625 0.24551250000000008 0.78125
v -0.625 0.1294875000000001 0.8482375
v -0.625 0.06250000000000006 0.9642625
v -0.625 0.06250000000000006 1.0982375
v -0.625 0.1294875000000001 1.2142625
vt 0.1535953125 0.63015859375
vt 0.13546640625 0.640625
vt 0.125 0.6015625
vt 0.13156054687500002 0.50390625
vt 0.152494140625 0.50390625
vt 0.152494140625 0.5234375
vt 0.13156054687500002 0.5234375
vt 0.0396234375 0.8359375
vt 0.0541265625 0.8443109375
vt 0.03125 0.8671875
vt 0.1640625 0.6120296875
vt 0.1535953125 0.63015859375
vt 0.125 0.6015625
vt 0.0037558593750000036 0.70703125
vt 0.024689453125000003 0.70703125
vt 0.024689453125000003 0.7265625
vt 0.0037558593750000036 0.7265625
vt 0.0541265625 0.8443109375
vt 0.0625 0.8588140625
vt 0.03125 0.8671875
vt 0.1640625 0.59109609375
vt 0.1640625 0.6120296875
vt 0.125 0.6015625
vt 0.024689453125000003 0.70703125
vt 0.045623046875 0.70703125
vt 0.045623046875 0.7265625
vt 0.024689453125000003 0.7265625
vt 0.0625 0.8588140625
vt 0.0625 0.8755609375
vt 0.03125 0.8671875
vt 0.15359609375 0.5729671875
vt 0.1640625 0.59109609375
vt 0.125 0.6015625
vt 0.045623046875 0.70703125
vt 0.066556640625 0.70703125
vt 0.066556640625 0.7265625
vt 0.045623046875 0.7265625
vt 0.0625 0.8755609375
vt 0.0541265625 0.8900640625
vt 0.03125 0.8671875
vt 0.13546718749999997 0.5625
vt 0.15359609375 0.5729671875
vt 0.125 0.6015625
vt 0.0037558593750000036 0.67578125
vt 0.024689453125000003 0.67578125
vt 0.024689453125000003 0.6953125
vt 0.0037558593750000036 0.6953125
vt 0.0541265625 0.8900640625
vt 0.0396234375 0.8984375
vt 0.03125 0.8671875
vt 0.11453359375 0.5625
vt 0.13546718749999997 0.5625
vt 0.125 0.6015625
vt 0.024689453125000003 0.67578125
vt 0.045623046875 0.67578125
vt 0.045623046875 0.6953125
vt 0.024689453125000003 0.6953125
vt 0.0396234375 0.8984375
vt 0.0228765625 0.8984375
vt 0.03125 0.8671875
vt 0.09640468749999999 0.57296640625
vt 0.11453359375 0.5625
vt 0.125 0.6015625
vt 0.045623046875 0.67578125
vt 0.066556640625 0.67578125
vt 0.066556640625 0.6953125
vt 0.045623046875 0.6953125
vt 0.0228765625 0.8984375
vt 0.0083734375 0.8900640625
vt 0.03125 0.8671875
vt 0.0859375 0.5910953125
vt 0.09640468750000002 0.57296640625
vt 0.125 0.6015625
vt 0.472505859375 0.91796875
vt 0.493439453125 0.91796875
vt 0.493439453125 0.9375
vt 0.472505859375 0.9375
vt 0.0083734375 0.8900640625
vt 0 0.8755609375
vt 0.03125 0.8671875
vt 0.0859375 0.61202890625
vt 0.0859375 0.5910953125
vt 0.125 0.6015625
vt 0.493439453125 0.91796875
vt 0.514373046875 0.91796875
vt 0.514373046875 0.9375
vt 0.493439453125 0.9375
vt 0 0.8755609375
vt 0 0.8588140625
vt 0.03125 0.8671875
vt 0.09640390624999999 0.6301578125
vt 0.0859375 0.61202890625
vt 0.125 0.6015625
vt 0.514373046875 0.91796875
vt 0.535306640625 0.91796875
vt 0.535306640625 0.9375
vt 0.514373046875 0.9375
vt 0 0.8588140625
vt 0.0083734375 0.8443109375
vt 0.03125 0.8671875
vt 0.1145328125 0.640625
vt 0.09640390624999999 0.6301578125
vt 0.125 0.6015625
vt 0.089693359375 0.50390625
vt 0.11062695312500001 0.50390625
vt 0.11062695312500001 0.5234375
vt 0.089693359375 0.5234375
vt 0.0083734375 0.8443109375
vt 0.0228765625 0.8359375
vt 0.03125 0.8671875
vt 0.13546640625 0.640625
vt 0.1145328125 0.640625
vt 0.125 0.6015625
vt 0.11062695312500001 0.50390625
vt 0.13156054687500002 0.50390625
vt 0.13156054687500002 0.5234375
vt 0.11062695312500001 0.5234375
vt 0.0228765625 0.8359375
vt 0.0396234375 0.8359375
vt 0.03125 0.8671875
vt 0.43806093749999997 0.84375
vt 0.4213140625 0.84375
vt 0.4192203125 0.8359375
vt 0.44015390625 0.8359375
vt 0.45256406250000003 0.8521234375
vt 0.43806093749999997 0.84375
vt 0.44015390625 0.8359375
vt 0.4582828125 0.84640390625
vt 0.4609375 0.8666265625
vt 0.45256406250000003 0.8521234375
vt 0.4582828125 0.84640390625
vt 0.46875 0.8645328125
vt 0.4609375 0.8833734375
vt 0.4609375 0.8666265625
vt 0.46875 0.8645328125
vt 0.46875 0.88546640625
vt 0.4525640625 0.8978765625
vt 0.4609375 0.8833734375
vt 0.46875 0.88546640625
vt 0.45828359375 0.9035953125
vt 0.43806093749999997 0.90625
vt 0.4525640625 0.8978765625
vt 0.45828359375 0.9035953125
vt 0.4401546875 0.9140625
vt 0.4213140625 0.90625
vt 0.43806093749999997 0.90625
vt 0.4401546875 0.9140625
vt 0.41922109375 0.9140625
vt 0.40681093749999997 0.8978765625
vt 0.4213140625 0.90625
vt 0.41922109375 0.9140625
vt 0.4010921875 0.90359609375
vt 0.3984375 0.8833734375
vt 0.40681093749999997 0.8978765625
vt 0.4010921875 0.90359609375
vt 0.390625 0.8854671875
vt 0.3984375 0.8666265625
vt 0.3984375 0.8833734375
vt 0.390625 0.8854671875
vt 0.390625 0.86453359375
vt 0.4068109375 0.8521234375
vt 0.3984375 0.8666265625
vt 0.390625 0.86453359375
vt 0.40109140625 0.8464046875
vt 0.4213140625 0.84375
vt 0.4068109375 0.8521234375
vt 0.40109140625 0.8464046875
vt 0.4192203125 0.8359375
vt 0.1205328125 0.9765625
vt 0.1372796875 0.9765625
vt 0.1372796875 0.984375
vt 0.1205328125 0.984375
vt 0.1037859375 0.9765625
vt 0.1205328125 0.9765625
vt 0.1205328125 0.984375
vt 0.1037859375 0.984375
vt 0.1372796875 0.9609375
vt 0.15402656250000002 0.9609375
vt 0.15402656250000002 0.96875
vt 0.1372796875 0.96875
vt 0.1205328125 0.9609375
vt 0.1372796875 0.9609375
vt 0.1372796875 0.96875
vt 0.1205328125 0.96875
vt 0.1037859375 0.9609375
vt 0.1205328125 0.9609375
vt 0.1205328125 0.96875
vt 0.1037859375 0.96875
vt 0.1372796875 0.9453125
vt 0.15402656250000002 0.9453125
vt 0.15402656250000002 0.953125
vt 0.1372796875 0.953125
vt 0.1205328125 0.9453125
vt 0.1372796875 0.9453125
vt 0.1372796875 0.953125
vt 0.1205328125 0.953125
vt 0.1037859375 0.9453125
vt 0.1205328125 0.9453125
vt 0.1205328125 0.953125
vt 0.1037859375 0.953125
vt 0.1372796875 0.9296875
vt 0.15402656250000002 0.9296875
vt 0.15402656250000002 0.9375
vt 0.1372796875 0.9375
vt 0.1205328125 0.9296875
vt 0.1372796875 0.9296875
vt 0.1372796875 0.9375
vt 0.1205328125 0.9375
vt 0.1037859375 0.9296875
vt 0.1205328125 0.9296875
vt 0.1205328125 0.9375
vt 0.1037859375 0.9375
vt 0.1372796875 0.9765625
vt 0.15402656250000002 0.9765625
vt 0.15402656250000002 0.984375
vt 0.1372796875 0.984375
vn 1 -2.220446049250313e-16 0
vn 1.1102284319939225e-16 0.500002435262396 0.8660239977804737
vn -1 2.220446049250313e-16 0
vn 1 -2.220446049250313e-16 0
vn 1.9229595644276147e-16 0.8660239977804737 0.500002435262396
vn -1 2.220446049250313e-16 0
vn 1 -2.220446049250313e-16 0
vn 2.220446049250313e-16 1 0
vn -1 2.220446049250313e-16 0
vn 1 -2.220446049250313e-16 0
vn 1.9229595644276147e-16 0.8660239977804737 -0.500002435262396
vn -1 2.220446049250313e-16 0
vn 1 -2.220446049250313e-16 0
vn 1.1102284319939225e-16 0.500002435262396 -0.8660239977804737
vn -1 2.220446049250313e-16 0
vn 1 -2.220446049250313e-16 0
vn 0 0 -1
vn -1 2.220446049250313e-16 0
vn 1 -2.220446049250313e-16 0
vn -1.1102284319939225e-16 -0.500002435262396 -0.8660239977804737
vn -1 2.220446049250313e-16 0
vn 1 -2.220446049250313e-16 0
vn -1.9229595644276147e-16 -0.8660239977804737 -0.500002435262396
vn -1 2.220446049250313e-16 0
vn 1 -2.220446049250313e-16 0
vn -2.220446049250313e-16 -1 0
vn -1 2.220446049250313e-16 0
vn 1 -2.220446049250313e-16 0
vn -1.9229595644276147e-16 -0.8660239977804737 0.500002435262396
vn -1 2.220446049250313e-16 0
vn 1 -2.220446049250313e-16 0
vn -1.1102284319939225e-16 -0.500002435262396 0.8660239977804737
vn -1 2.220446049250313e-16 0
vn 1 -2.220446049250313e-16 0
vn 0 0 1
vn -1 2.220446049250313e-16 0
vn -1 2.220446049250313e-16 0
vn -1 2.220446049250313e-16 0
vn -1 2.220446049250313e-16 0
vn -1 2.220446049250313e-16 0
vn -1 2.220446049250313e-16 0
vn -1 2.220446049250313e-16 0
vn -1 2.220446049250313e-16 0
vn -1 2.220446049250313e-16 0
vn -1 2.220446049250313e-16 0
vn -1 2.220446049250313e-16 0
vn -1 2.220446049250313e-16 0
vn -1 2.220446049250313e-16 0
vn 0 0 -1
vn -1.1102284319939223e-16 -0.5000024352623959 -0.8660239977804736
vn -1.9229595644276144e-16 -0.8660239977804736 -0.5000024352623959
vn -2.220446049250313e-16 -1 0
vn -1.9229595644276144e-16 -0.8660239977804736 0.5000024352623959
vn -1.1102284319939223e-16 -0.5000024352623959 0.8660239977804736
vn 0 0 1
vn 1.1102284319939223e-16 0.5000024352623959 0.8660239977804736
vn 1.9229595644276144e-16 0.8660239977804736 0.5000024352623959
vn 2.220446049250313e-16 1 0
vn 1.9229595644276144e-16 0.8660239977804736 -0.5000024352623959
vn 1.1102284319939223e-16 0.5000024352623959 -0.8660239977804736
usemtl m_484efce4-b148-c43d-a84b-c44505be50fc
f 286/1177/325 284/1178/325 283/1179/325
f 284/1180/326 286/1181/326 287/1182/326 285/1183/326
f 321/1184/327 323/1185/327 322/1186/327
f 288/1187/328 286/1188/328 283/1189/328
f 286/1190/329 288/1191/329 289/1192/329 287/1193/329
f 323/1194/330 324/1195/330 322/1196/330
f 290/1197/331 288/1198/331 283/1199/331
f 288/1200/332 290/1201/332 291/1202/332 289/1203/332
f 324/1204/333 325/1205/333 322/1206/333
f 292/1207/334 290/1208/334 283/1209/334
f 290/1210/335 292/1211/335 293/1212/335 291/1213/335
f 325/1214/336 326/1215/336 322/1216/336
f 294/1217/337 292/1218/337 283/1219/337
f 292/1220/338 294/1221/338 295/1222/338 293/1223/338
f 326/1224/339 327/1225/339 322/1226/339
f 296/1227/340 294/1228/340 283/1229/340
f 294/1230/341 296/1231/341 297/1232/341 295/1233/341
f 327/1234/342 328/1235/342 322/1236/342
f 298/1237/343 296/1238/343 283/1239/343
f 296/1240/344 298/1241/344 299/1242/344 297/1243/344
f 328/1244/345 329/1245/345 322/1246/345
f 300/1247/346 298/1248/346 283/1249/346
f 298/1250/347 300/1251/347 301/1252/347 299/1253/347
f 329/1254/348 330/1255/348 322/1256/348
f 302/1257/349 300/1258/349 283/1259/349
f 300/1260/350 302/1261/350 303/1262/350 301/1263/350
f 330/1264/351 331/1265/351 322/1266/351
f 304/1267/352 302/1268/352 283/1269/352
f 302/1270/353 304/1271/353 305/1272/353 303/1273/353
f 331/1274/354 332/1275/354 322/1276/354
f 306/1277/355 304/1278/355 283/1279/355
f 304/1280/356 306/1281/356 307/1282/356 305/1283/356
f 332/1284/357 320/1285/357 322/1286/357
f 284/1287/358 306/1288/358 283/1289/358
f 306/1290/359 284/1291/359 285/1292/359 307/1293/359
f 320/1294/360 321/1295/360 322/1296/360
f 309/1297/361 308/1298/361 307/1299/361 285/1300/361
f 310/1301/362 309/1302/362 285/1303/362 287/1304/362
f 311/1305/363 310/1306/363 287/1307/363 289/1308/363
f 312/1309/364 311/1310/364 289/1311/364 291/1312/364
f 313/1313/365 312/1314/365 291/1315/365 293/1316/365
f 314/1317/366 313/1318/366 293/1319/366 295/1320/366
f 315/1321/367 314/1322/367 295/1323/367 297/1324/367
f 316/1325/368 315/1326/368 297/1327/368 299/1328/368
f 317/1329/369 316/1330/369 299/1331/369 301/1332/369
f 318/1333/370 317/1334/370 301/1335/370 303/1336/370
f 319/1337/371 318/1338/371 303/1339/371 305/1340/371
f 308/1341/372 319/1342/372 305/1343/372 307/1344/372
f 321/1345/373 320/1346/373 308/1347/373 309/1348/373
f 323/1349/374 321/1350/374 309/1351/374 310/1352/374
f 324/1353/375 323/1354/375 310/1355/375 311/1356/375
f 325/1357/376 324/1358/376 311/1359/376 312/1360/376
f 326/1361/377 325/1362/377 312/1363/377 313/1364/377
f 327/1365/378 326/1366/378 313/1367/378 314/1368/378
f 328/1369/379 327/1370/379 314/1371/379 315/1372/379
f 329/1373/380 328/1374/380 315/1375/380 316/1376/380
f 330/1377/381 329/1378/381 316/1379/381 317/1380/381
f 331/1381/382 330/1382/382 317/1383/382 318/1384/382
f 332/1385/383 331/1386/383 318/1387/383 319/1388/383
f 320/1389/384 332/1390/384 319/1391/384 308/1392/384
o 3_R
v 0.53125 0.31250000000000006 1.03125
v 0.6875 0.396234375 1.34375
v 0.53125 0.3962343750000001 1.34375
v 0.6875 0.5412656250000001 1.260015625
v 0.53125 0.5412656250000001 1.260015625
v 0.6875 0.625 1.114984375
v 0.53125 0.625 1.114984375
v 0.6875 0.625 0.947515625
v 0.53125 0.625 0.947515625
v 0.6875 0.5412656250000001 0.802484375
v 0.53125 0.5412656250000001 0.802484375
v 0.6875 0.396234375 0.71875
v 0.53125 0.3962343750000001 0.71875
v 0.6875 0.22876562500000003 0.71875
v 0.53125 0.22876562500000008 0.71875
v 0.6875 0.08373437500000003 0.802484375
v 0.53125 0.08373437500000008 0.802484375
v 0.6875 5.551115123125783e-17 0.947515625
v 0.53125 5.551115123125783e-17 0.947515625
v 0.6875 5.551115123125783e-17 1.114984375
v 0.53125 5.551115123125783e-17 1.114984375
v 0.6875 0.08373437500000003 1.260015625
v 0.53125 0.08373437500000008 1.260015625
v 0.6875 0.22876562500000003 1.34375
v 0.53125 0.22876562500000008 1.34375
v 0.6875 0.37948750000000003 0.78125
v 0.6875 0.4955125 0.8482375
v 0.6875 0.5625 0.9642625
v 0.6875 0.5625 1.0982375
v 0.6875 0.24551250000000002 0.78125
v 0.6875 0.12948750000000003 0.8482375
v 0.6875 0.06250000000000006 0.9642625
v 0.6875 0.06250000000000006 1.0982375
v 0.6875 0.12948750000000003 1.2142625
v 0.6875 0.24551250000000002 1.28125
v 0.6875 0.37948750000000003 1.28125
v 0.6875 0.4955125 1.2142625
v 0.625 0.3794875000000001 0.78125
v 0.625 0.4955125 0.8482375
v 0.625 0.31250000000000006 1.03125
v 0.625 0.5625 0.9642625
v 0.625 0.5625 1.0982375
v 0.625 0.24551250000000005 0.78125
v 0.625 0.12948750000000006 0.8482375
v 0.625 0.06250000000000006 0.9642625
v 0.625 0.06250000000000006 1.0982375
v 0.625 0.12948750000000006 1.2142625
v 0.625 0.24551250000000005 1.28125
v 0.625 0.3794875000000001 1.28125
v 0.625 0.4955125 1.2142625
vt 0.31193906250000003 0.6400640625
vt 0.29743593749999997 0.6484375
vt 0.2890625 0.6171875
vt 0.467498046875 0.50390625
vt 0.488431640625 0.50390625
vt 0.488431640625 0.5234375
vt 0.467498046875 0.5234375
vt 0.44796640625 0.671875
vt 0.4660953125 0.68234140625
vt 0.4375 0.7109375
vt 0.3203125 0.6255609375
vt 0.31193906250000003 0.6400640625
vt 0.2890625 0.6171875
vt 0.480318359375 0.88671875
vt 0.501251953125 0.88671875
vt 0.501251953125 0.90625
vt 0.480318359375 0.90625
vt 0.4660953125 0.68234140625
vt 0.4765625 0.7004703125
vt 0.4375 0.7109375
vt 0.3203125 0.6088140625
vt 0.3203125 0.6255609375
vt 0.2890625 0.6171875
vt 0.501251953125 0.88671875
vt 0.522185546875 0.88671875
vt 0.522185546875 0.90625
vt 0.501251953125 0.90625
vt 0.4765625 0.7004703125
vt 0.4765625 0.72140390625
vt 0.4375 0.7109375
vt 0.31193906250000003 0.5943109375
vt 0.3203125 0.6088140625
vt 0.2890625 0.6171875
vt 0.522185546875 0.88671875
vt 0.543119140625 0.88671875
vt 0.543119140625 0.90625
vt 0.522185546875 0.90625
vt 0.4765625 0.72140390625
vt 0.46609609375 0.7395328125
vt 0.4375 0.7109375
vt 0.29743593749999997 0.5859375
vt 0.31193906250000003 0.5943109375
vt 0.2890625 0.6171875
vt 0.480318359375 0.85546875
vt 0.501251953125 0.85546875
vt 0.501251953125 0.875
vt 0.480318359375 0.875
vt 0.46609609375 0.7395328125
vt 0.4479671875 0.75
vt 0.4375 0.7109375
vt 0.2806890625 0.5859375
vt 0.29743593749999997 0.5859375
vt 0.2890625 0.6171875
vt 0.501251953125 0.85546875
vt 0.522185546875 0.85546875
vt 0.522185546875 0.875
vt 0.501251953125 0.875
vt 0.4479671875 0.75
vt 0.42703359375 0.75
vt 0.4375 0.7109375
vt 0.2661859375 0.5943109375
vt 0.2806890625 0.5859375
vt 0.2890625 0.6171875
vt 0.522185546875 0.85546875
vt 0.543119140625 0.85546875
vt 0.543119140625 0.875
vt 0.522185546875 0.875
vt 0.42703359375 0.75
vt 0.4089046875 0.73953359375
vt 0.4375 0.7109375
vt 0.2578125 0.6088140625
vt 0.2661859375 0.5943109375
vt 0.2890625 0.6171875
vt 0.347505859375 0.50390625
vt 0.368439453125 0.50390625
vt 0.368439453125 0.5234375
vt 0.347505859375 0.5234375
vt 0.4089046875 0.73953359375
vt 0.3984375 0.7214046875
vt 0.4375 0.7109375
vt 0.2578125 0.6255609375
vt 0.2578125 0.6088140625
vt 0.2890625 0.6171875
vt 0.368439453125 0.50390625
vt 0.389373046875 0.50390625
vt 0.389373046875 0.5234375
vt 0.368439453125 0.5234375
vt 0.3984375 0.7214046875
vt 0.3984375 0.70047109375
vt 0.4375 0.7109375
vt 0.2661859375 0.6400640625
vt 0.2578125 0.6255609375
vt 0.2890625 0.6171875
vt 0.389373046875 0.50390625
vt 0.410306640625 0.50390625
vt 0.410306640625 0.5234375
vt 0.389373046875 0.5234375
vt 0.3984375 0.70047109375
vt 0.40890390625 0.6823421875
vt 0.4375 0.7109375
vt 0.2806890625 0.6484375
vt 0.2661859375 0.6400640625
vt 0.2890625 0.6171875
vt 0.425630859375 0.50390625
vt 0.446564453125 0.50390625
vt 0.446564453125 0.5234375
vt 0.425630859375 0.5234375
vt 0.40890390625 0.6823421875
vt 0.4270328125 0.671875
vt 0.4375 0.7109375
vt 0.29743593749999997 0.6484375
vt 0.2806890625 0.6484375
vt 0.2890625 0.6171875
vt 0.446564453125 0.50390625
vt 0.467498046875 0.50390625
vt 0.467498046875 0.5234375
vt 0.446564453125 0.5234375
vt 0.4270328125 0.671875
vt 0.44796640625 0.671875
vt 0.4375 0.7109375
vt 0.38225156250000003 0.9302484375
vt 0.36774843749999997 0.921875
vt 0.3698421875 0.9140625
vt 0.38797109375 0.9245296875
vt 0.390625 0.9614984375
vt 0.390625 0.9447515625
vt 0.3984375 0.94265859375
vt 0.3984375 0.9635921875
vt 0.390625 0.9447515625
vt 0.38225156250000003 0.9302484375
vt 0.38797109375 0.9245296875
vt 0.3984375 0.94265859375
vt 0.36774843749999997 0.921875
vt 0.3510015625 0.921875
vt 0.34890859375 0.9140625
vt 0.3698421875 0.9140625
vt 0.3510015625 0.921875
vt 0.3364984375 0.9302484375
vt 0.3307796875 0.92452890625
vt 0.34890859375 0.9140625
vt 0.3364984375 0.9302484375
vt 0.328125 0.9447515625
vt 0.3203125 0.9426578125
vt 0.3307796875 0.92452890625
vt 0.328125 0.9447515625
vt 0.328125 0.9614984375
vt 0.3203125 0.96359140625
vt 0.3203125 0.9426578125
vt 0.328125 0.9614984375
vt 0.3364984375 0.9760015625
vt 0.33077890625 0.9817203125
vt 0.3203125 0.96359140625
vt 0.3364984375 0.9760015625
vt 0.35100156250000003 0.984375
vt 0.3489078125 0.9921875
vt 0.33077890625 0.9817203125
vt 0.35100156250000003 0.984375
vt 0.3677484375 0.984375
vt 0.36984140625 0.9921875
vt 0.3489078125 0.9921875
vt 0.3677484375 0.984375
vt 0.38225156250000003 0.9760015625
vt 0.3879703125 0.98172109375
vt 0.36984140625 0.9921875
vt 0.38225156250000003 0.9760015625
vt 0.390625 0.9614984375
vt 0.3984375 0.9635921875
vt 0.3879703125 0.98172109375
vt 0.23215156250000002 0.7890625
vt 0.2154046875 0.7890625
vt 0.2154046875 0.78125
vt 0.23215156250000002 0.78125
vt 0.1372796875 0.875
vt 0.1205328125 0.875
vt 0.1205328125 0.8671875
vt 0.1372796875 0.8671875
vt 0.1205328125 0.875
vt 0.1037859375 0.875
vt 0.1037859375 0.8671875
vt 0.1205328125 0.8671875
vt 0.2154046875 0.7890625
vt 0.1986578125 0.7890625
vt 0.1986578125 0.78125
vt 0.2154046875 0.78125
vt 0.1986578125 0.7890625
vt 0.1819109375 0.7890625
vt 0.1819109375 0.78125
vt 0.1986578125 0.78125
vt 0.3102765625 1
vt 0.29352968749999997 1
vt 0.29352968749999997 0.9921875
vt 0.3102765625 0.9921875
vt 0.29352968749999997 1
vt 0.2767828125 1
vt 0.2767828125 0.9921875
vt 0.29352968749999997 0.9921875
vt 0.2767828125 1
vt 0.2600359375 1
vt 0.2600359375 0.9921875
vt 0.2767828125 0.9921875
vt 0.3180890625 0.8125
vt 0.30134218749999997 0.8125
vt 0.30134218749999997 0.8046875
vt 0.3180890625 0.8046875
vt 0.30134218749999997 0.8125
vt 0.2845953125 0.8125
vt 0.2845953125 0.8046875
vt 0.30134218749999997 0.8046875
vt 0.2845953125 0.8125
vt 0.2678484375 0.8125
vt 0.2678484375 0.8046875
vt 0.2845953125 0.8046875
vt 0.15402656250000002 0.875
vt 0.1372796875 0.875
vt 0.1372796875 0.8671875
vt 0.15402656250000002 0.8671875
vn 1 -2.220446049250313e-16 0
vn 1.1102284319939225e-16 0.500002435262396 0.8660239977804737
vn -1 2.220446049250313e-16 0
vn 1 -2.220446049250313e-16 0
vn 1.9229595644276147e-16 0.8660239977804737 0.500002435262396
vn -1 2.220446049250313e-16 0
vn 1 -2.220446049250313e-16 0
vn 2.220446049250313e-16 1 0
vn -1 2.220446049250313e-16 0
vn 1 -2.220446049250313e-16 0
vn 1.9229595644276147e-16 0.8660239977804737 -0.500002435262396
vn -1 2.220446049250313e-16 0
vn 1 -2.220446049250313e-16 0
vn 1.1102284319939225e-16 0.500002435262396 -0.8660239977804737
vn -1 2.220446049250313e-16 0
vn 1 -2.220446049250313e-16 0
vn 0 0 -1
vn -1 2.220446049250313e-16 0
vn 1 -2.220446049250313e-16 0
vn -1.1102284319939225e-16 -0.500002435262396 -0.8660239977804737
vn -1 2.220446049250313e-16 0
vn 1 -2.220446049250313e-16 0
vn -1.9229595644276147e-16 -0.8660239977804737 -0.500002435262396
vn -1 2.220446049250313e-16 0
vn 1 -2.220446049250313e-16 0
vn -2.220446049250313e-16 -1 0
vn -1 2.220446049250313e-16 0
vn 1 -2.220446049250313e-16 0
vn -1.9229595644276147e-16 -0.8660239977804737 0.500002435262396
vn -1 2.220446049250313e-16 0
vn 1 -2.220446049250313e-16 0
vn -1.1102284319939225e-16 -0.500002435262396 0.8660239977804737
vn -1 2.220446049250313e-16 0
vn 1 -2.220446049250313e-16 0
vn 0 0 1
vn -1 2.220446049250313e-16 0
vn 1 -2.220446049250313e-16 0
vn 1 -2.220446049250313e-16 0
vn 1 -2.220446049250313e-16 0
vn 1 -2.220446049250313e-16 0
vn 1 -2.220446049250313e-16 0
vn 1 -2.220446049250313e-16 0
vn 1 -2.220446049250313e-16 0
vn 1 -2.220446049250313e-16 0
vn 1 -2.220446049250313e-16 0
vn 1 -2.220446049250313e-16 0
vn 1 -2.220446049250313e-16 0
vn 1 -2.220446049250313e-16 0
vn -1.1102284319939223e-16 -0.5000024352623959 0.8660239977804736
vn -2.220446049250313e-16 -1 0
vn -1.9229595644276144e-16 -0.8660239977804736 0.5000024352623959
vn 0 0 1
vn 1.1102284319939223e-16 0.5000024352623959 0.8660239977804736
vn 1.9229595644276144e-16 0.8660239977804736 0.5000024352623959
vn 2.220446049250313e-16 1 0
vn 1.9229595644276144e-16 0.8660239977804736 -0.5000024352623959
vn 1.1102284319939223e-16 0.5000024352623959 -0.8660239977804736
vn 0 0 -1
vn -1.1102284319939223e-16 -0.5000024352623959 -0.8660239977804736
vn -1.9229595644276144e-16 -0.8660239977804736 -0.5000024352623959
usemtl m_484efce4-b148-c43d-a84b-c44505be50fc
f 382/1393/385 381/1394/385 372/1395/385
f 334/1396/386 336/1397/386 337/1398/386 335/1399/386
f 335/1400/387 337/1401/387 333/1402/387
f 374/1403/388 382/1404/388 372/1405/388
f 336/1406/389 338/1407/389 339/1408/389 337/1409/389
f 337/1410/390 339/1411/390 333/1412/390
f 373/1413/391 374/1414/391 372/1415/391
f 338/1416/392 340/1417/392 341/1418/392 339/1419/392
f 339/1420/393 341/1421/393 333/1422/393
f 371/1423/394 373/1424/394 372/1425/394
f 340/1426/395 342/1427/395 343/1428/395 341/1429/395
f 341/1430/396 343/1431/396 333/1432/396
f 370/1433/397 371/1434/397 372/1435/397
f 342/1436/398 344/1437/398 345/1438/398 343/1439/398
f 343/1440/399 345/1441/399 333/1442/399
f 375/1443/400 370/1444/400 372/1445/400
f 344/1446/401 346/1447/401 347/1448/401 345/1449/401
f 345/1450/402 347/1451/402 333/1452/402
f 376/1453/403 375/1454/403 372/1455/403
f 346/1456/404 348/1457/404 349/1458/404 347/1459/404
f 347/1460/405 349/1461/405 333/1462/405
f 377/1463/406 376/1464/406 372/1465/406
f 348/1466/407 350/1467/407 351/1468/407 349/1469/407
f 349/1470/408 351/1471/408 333/1472/408
f 378/1473/409 377/1474/409 372/1475/409
f 350/1476/410 352/1477/410 353/1478/410 351/1479/410
f 351/1480/411 353/1481/411 333/1482/411
f 379/1483/412 378/1484/412 372/1485/412
f 352/1486/413 354/1487/413 355/1488/413 353/1489/413
f 353/1490/414 355/1491/414 333/1492/414
f 380/1493/415 379/1494/415 372/1495/415
f 354/1496/416 356/1497/416 357/1498/416 355/1499/416
f 355/1500/417 357/1501/417 333/1502/417
f 381/1503/418 380/1504/418 372/1505/418
f 356/1506/419 334/1507/419 335/1508/419 357/1509/419
f 357/1510/420 335/1511/420 333/1512/420
f 359/1513/421 358/1514/421 344/1515/421 342/1516/421
f 361/1517/422 360/1518/422 340/1519/422 338/1520/422
f 360/1521/423 359/1522/423 342/1523/423 340/1524/423
f 358/1525/424 362/1526/424 346/1527/424 344/1528/424
f 362/1529/425 363/1530/425 348/1531/425 346/1532/425
f 363/1533/426 364/1534/426 350/1535/426 348/1536/426
f 364/1537/427 365/1538/427 352/1539/427 350/1540/427
f 365/1541/428 366/1542/428 354/1543/428 352/1544/428
f 366/1545/429 367/1546/429 356/1547/429 354/1548/429
f 367/1549/430 368/1550/430 334/1551/430 356/1552/430
f 368/1553/431 369/1554/431 336/1555/431 334/1556/431
f 369/1557/432 361/1558/432 338/1559/432 336/1560/432
f 371/1561/433 370/1562/433 358/1563/433 359/1564/433
f 374/1565/434 373/1566/434 360/1567/434 361/1568/434
f 373/1569/435 371/1570/435 359/1571/435 360/1572/435
f 370/1573/436 375/1574/436 362/1575/436 358/1576/436
f 375/1577/437 376/1578/437 363/1579/437 362/1580/437
f 376/1581/438 377/1582/438 364/1583/438 363/1584/438
f 377/1585/439 378/1586/439 365/1587/439 364/1588/439
f 378/1589/440 379/1590/440 366/1591/440 365/1592/440
f 379/1593/441 380/1594/441 367/1595/441 366/1596/441
f 380/1597/442 381/1598/442 368/1599/442 367/1600/442
f 381/1601/443 382/1602/443 369/1603/443 368/1604/443
f 382/1605/444 374/1606/444 361/1607/444 369/1608/444
o mesh
v 0.6875 0.75 -1.34375
v 0.6875 0.625 -1.34375
v 0.5 0.75 -1.34375
v 0.5 0.625 -1.34375
v 0.5 0.75 0.53125
v 0.6875 0.75 0.53125
v 0.6875 0.625 0.53125
v 0.5 0.625 0.53125
v 0.5 0.5 0.53125
v 0.5 0.5 1.53125
v 0.6875 0.5 0.53125
v 0.5 0.625 -1.4375
v 0.5 0.75 -1.4375
v 0.5 0.75 -0.40625
v 0.6875 0.75 -0.40625
v 0.6875 0.625 -0.40625
v 0.5 0.625 -0.40625
v 0.5 0.625 0.375
v 0.6875 0.625 0.375
v 0.6875 0.75 0.375
v 0.5 0.75 0.375
v 0.5 0.75 -0.265625
v 0.6875 0.75 -0.265625
v 0.6875 0.625 -0.265625
v 0.5 0.625 -0.265625
v 0.5 0.75 -0.5625
v 0.6875 0.75 -0.5625
v 0.6875 0.625 -0.5625
v 0.5 0.625 -0.5625
v 0.5 0.75 -1.203125
v 0.6875 0.75 -1.203125
v 0.6875 0.625 -1.203125
v 0.5 0.625 -1.203125
v 0.6875 0.875 0.375
v 0.5 0.875 -0.265625
v 0.6875 0.875 -0.265625
v 0.5 0.875 0.375
v 0.6875 0.875 -0.5625
v 0.5 0.875 -1.203125
v 0.6875 0.875 -1.203125
v 0.5 0.875 -0.5625
v 0.5 0.625 0.6875
v 0.6875 0.625 0.6875
v 0.6875 0.5 0.6875
v 0.5 0.5 0.6875
v 0.5 0.625 1.40625
v 0.6875 0.625 1.40625
v 0.6875 0.5 1.40625
v 0.5 0.5 1.40625
v 0.5 0.625 1.53125
v 0.6875 0.625 1.53125
v 0.6875 0.5 1.53125
v 0.5 0.75 0.6875
v 0.6875 0.75 1.40625
v 0.5 0.75 1.40625
v 0.6875 0.75 0.6875
v 0.3 0.625 -1.5
v 0.1 0.625 -1.5625
v 0.3 0.75 -1.5
v 0.1 0.75 -1.5625
v 0.3 0.75 -1.40625
v 0.1 0.75 -1.46875
v 0.3 0.75 -1.203125
v 0.1 0.75 -1.203125
v 0.3 0.75 -0.5625
v 0.1 0.75 -0.5625
v 0.3 0.75 -0.40625
v 0.1 0.75 -0.40625
v 0.3 0.75 -0.265625
v 0.1 0.75 -0.265625
v 0.3 0.75 0.375
v 0.1 0.75 0.375
v 0.3 0.75 0.53125
v 0.1 0.75 0.53125
v 0.3 0.625 0.53125
v 0.1 0.625 0.53125
v 0.1 0.5 0.53125
v 0.3 0.5 0.53125
v 0.1 0.5 1.53125
v 0.3 0.5 1.53125
v 0.1 0.625 1.53125
v 0.3 0.625 1.53125
v 0.1 0.625 1.40625
v 0.3 0.625 1.40625
v 0.1 0.625 0.6875
v 0.3 0.625 0.6875
v 0.1 0.625 0.375
v 0.3 0.625 0.375
v 0.1 0.625 -0.265625
v 0.3 0.625 -0.265625
v 0.1 0.625 -0.40625
v 0.3 0.625 -0.40625
v 0.1 0.625 -0.5625
v 0.3 0.625 -0.5625
v 0.1 0.625 -1.203125
v 0.3 0.625 -1.203125
v 0.1 0.625 -1.46875
v 0.3 0.625 -1.40625
v 0.071 0.6240625 -1.5625
v 0.471 0.6240625 -1.34375
v 0.329 0.6240625 -1.34375
v 0.271 0.6240625 -1.40625
v 0.129 0.6240625 -1.40625
v 0.071 0.6240625 -1.46875
v 0.35 0.625 0.53125
v 0.4 0.625 0.53125
v 0.45 0.625 0.53125
v 0.3 0.3125 -1.40625
v 0.5 0.3125 -1.34375
v 0.3 0.3125 -1.5
v 0.5 0.3125 -1.4375
v 0.1010098414217324 0.31250815877010063 -1.46875
v 0.1010098414217324 0.31250815877010063 -1.5625
v 0.07200984142173239 0.3115706587701006 -1.5625
v 0.07200984142173239 0.3115706587701006 -1.46875
v 0.32 0.375 -1.49375
v 0.48 0.375 -1.44375
v 0.48 0.625 -1.44375
v 0.32 0.625 -1.49375
v 0.12085836520847254 0.3750069349545855 -1.55625
v 0.2800504920710866 0.37500040793850503 -1.50625
v 0.2800504920710866 0.625000407938505 -1.50625
v 0.12005049207108662 0.625000407938505 -1.55625
v 0.45203671939350504 0.375 -1.354267502059216
v 0.29203671939350506 0.375 -1.404267502059216
v 0.45203671939350504 0.625 -1.354267502059216
v 0.29203671939350506 0.625 -1.404267502059216
v 0.25195801552965724 0.37500040793850503 -1.416807978210635
v 0.09276588866704318 0.3750069349545855 -1.466807978210635
v 0.25195801552965724 0.625000407938505 -1.416807978210635
v 0.09195801552965725 0.625000407938505 -1.466807978210635
v 0.12010787313738591 0.37406984289309053 -1.5625
v 0.11842352134635827 0.62406331587701 -1.5625
v 0.12010787313738591 0.37406984289309053 -1.46875
v 0.11842352134635827 0.62406331587701 -1.46875
v -0.6875 0.75 -1.34375
v -0.6875 0.625 -1.34375
v -0.5 0.75 -1.34375
v -0.5 0.625 -1.34375
v -0.5 0.75 0.53125
v -0.6875 0.75 0.53125
v -0.6875 0.625 0.53125
v -0.5 0.625 0.53125
v -0.5 0.5 0.53125
v -0.5 0.5 1.53125
v -0.6875 0.5 0.53125
v -0.5 0.625 -1.4375
v -0.5 0.75 -1.4375
v -0.5 0.75 -0.40625
v -0.6875 0.75 -0.40625
v -0.6875 0.625 -0.40625
v -0.5 0.625 -0.40625
v -0.5 0.625 0.375
v -0.6875 0.625 0.375
v -0.6875 0.75 0.375
v -0.5 0.75 0.375
v -0.5 0.75 -0.265625
v -0.6875 0.75 -0.265625
v -0.6875 0.625 -0.265625
v -0.5 0.625 -0.265625
v -0.5 0.75 -0.5625
v -0.6875 0.75 -0.5625
v -0.6875 0.625 -0.5625
v -0.5 0.625 -0.5625
v -0.5 0.75 -1.203125
v -0.6875 0.75 -1.203125
v -0.6875 0.625 -1.203125
v -0.5 0.625 -1.203125
v -0.6875 0.875 0.375
v -0.5 0.875 -0.265625
v -0.6875 0.875 -0.265625
v -0.5 0.875 0.375
v -0.6875 0.875 -0.5625
v -0.5 0.875 -1.203125
v -0.6875 0.875 -1.203125
v -0.5 0.875 -0.5625
v -0.5 0.625 0.6875
v -0.6875 0.625 0.6875
v -0.6875 0.5 0.6875
v -0.5 0.5 0.6875
v -0.5 0.625 1.40625
v -0.6875 0.625 1.40625
v -0.6875 0.5 1.40625
v -0.5 0.5 1.40625
v -0.5 0.625 1.53125
v -0.6875 0.625 1.53125
v -0.6875 0.5 1.53125
v -0.5 0.75 0.6875
v -0.6875 0.75 1.40625
v -0.5 0.75 1.40625
v -0.6875 0.75 0.6875
v -0.3 0.625 -1.5
v -0.1 0.625 -1.5625
v -0.3 0.75 -1.5
v -0.1 0.75 -1.5625
v -0.3 0.75 -1.40625
v -0.1 0.75 -1.46875
v -0.3 0.75 -1.203125
v -0.1 0.75 -1.203125
v -0.3 0.75 -0.5625
v -0.1 0.75 -0.5625
v -0.3 0.75 -0.40625
v -0.1 0.75 -0.40625
v -0.3 0.75 -0.265625
v -0.1 0.75 -0.265625
v -0.3 0.75 0.375
v -0.1 0.75 0.375
v -0.3 0.75 0.53125
v -0.1 0.75 0.53125
v -0.3 0.625 0.53125
v -0.1 0.625 0.53125
v -0.1 0.5 0.53125
v -0.3 0.5 0.53125
v -0.1 0.5 1.53125
v -0.3 0.5 1.53125
v -0.1 0.625 1.53125
v -0.3 0.625 1.53125
v -0.1 0.625 1.40625
v -0.3 0.625 1.40625
v -0.1 0.625 0.6875
v -0.3 0.625 0.6875
v -0.1 0.625 0.375
v -0.3 0.625 0.375
v -0.1 0.625 -0.265625
v -0.3 0.625 -0.265625
v -0.1 0.625 -0.40625
v -0.3 0.625 -0.40625
v -0.1 0.625 -0.5625
v -0.3 0.625 -0.5625
v -0.1 0.625 -1.203125
v -0.3 0.625 -1.203125
v -0.1 0.625 -1.46875
v -0.3 0.625 -1.40625
v -0.071 0.6240625 -1.5625
v -0.471 0.6240625 -1.34375
v -0.329 0.6240625 -1.34375
v -0.271 0.6240625 -1.40625
v -0.129 0.6240625 -1.40625
v -0.071 0.6240625 -1.46875
v -0.35 0.625 0.53125
v -0.4 0.625 0.53125
v -0.45 0.625 0.53125
v -0.3 0.3125 -1.40625
v -0.5 0.3125 -1.34375
v -0.3 0.3125 -1.5
v -0.5 0.3125 -1.4375
v -0.1010098414217324 0.31250815877010063 -1.46875
v -0.1010098414217324 0.31250815877010063 -1.5625
v -0.07200984142173239 0.3115706587701006 -1.5625
v -0.07200984142173239 0.3115706587701006 -1.46875
v -0.32 0.375 -1.49375
v -0.48 0.375 -1.44375
v -0.48 0.625 -1.44375
v -0.32 0.625 -1.49375
v -0.12085836520847254 0.3750069349545855 -1.55625
v -0.2800504920710866 0.37500040793850503 -1.50625
v -0.2800504920710866 0.625000407938505 -1.50625
v -0.12005049207108662 0.625000407938505 -1.55625
v -0.45203671939350504 0.375 -1.354267502059216
v -0.29203671939350506 0.375 -1.404267502059216
v -0.45203671939350504 0.625 -1.354267502059216
v -0.29203671939350506 0.625 -1.404267502059216
v -0.25195801552965724 0.37500040793850503 -1.416807978210635
v -0.09276588866704318 0.3750069349545855 -1.466807978210635
v -0.25195801552965724 0.625000407938505 -1.416807978210635
v -0.09195801552965725 0.625000407938505 -1.466807978210635
v -0.12010787313738591 0.37406984289309053 -1.5625
v -0.11842352134635827 0.62406331587701 -1.5625
v -0.12010787313738591 0.37406984289309053 -1.46875
v -0.11842352134635827 0.62406331587701 -1.46875
vt 0.23359074271387714 0.984375
vt 0.2585907427138771 0.984375
vt 0.2585907427138771 1
vt 0.23359074271387714 1
vt 0.0984375 1
vt 0.0734375 1
vt 0.0734375 0.98828125
vt 0.0984375 0.98828125
vt 0.0984375 0.98828125
vt 0.0734375 0.98828125
vt 0.0734375 0.955078125
vt 0.0984375 0.955078125
vt 0.0984375 0.955078125
vt 0.0734375 0.955078125
vt 0.0734375 0.875
vt 0.0984375 0.875
vt 0.0984375 0.875
vt 0.0734375 0.875
vt 0.0734375 0.85546875
vt 0.0984375 0.85546875
vt 0.0984375 0.85546875
vt 0.0734375 0.85546875
vt 0.0734375 0.837890625
vt 0.0984375 0.837890625
vt 0.0984375 0.837890625
vt 0.0734375 0.837890625
vt 0.0734375 0.7578125
vt 0.0984375 0.7578125
vt 0.0984375 0.7578125
vt 0.0734375 0.7578125
vt 0.0734375 0.73828125
vt 0.0984375 0.73828125
vt 0.41875 1
vt 0.39375 1
vt 0.39375 0.984375
vt 0.41875 0.984375
vt 0.42890625 0.8515625
vt 0.32890625 0.8515625
vt 0.40390625 0.8359375
vt 0.42890625 0.8359375
vt 0.08437499999999999 1
vt 0.090625 1
vt 0.0031250000000000028 1
vt 0.009375000000000001 1
vt 0.48125 0.953125
vt 0.475 0.953125
vt 0.5125 0.9375
vt 0.5375 0.9375
vt 0.346875 0.546875
vt 0.371875 0.546875
vt 0.371875 0.671875
vt 0.346875 0.671875
vt 0.39375 0.9609375
vt 0.41875 0.9609375
vt 0.41875 0.9765625
vt 0.39375 0.9765625
vt 0.0734375 0.546875
vt 0.0984375 0.546875
vt 0.0984375 0.5625
vt 0.0734375 0.5625
vt 0.0734375 0.5625
vt 0.0984375 0.5625
vt 0.0984375 0.65234375
vt 0.0734375 0.65234375
vt 0.0734375 0.65234375
vt 0.0984375 0.65234375
vt 0.0984375 0.671875
vt 0.0734375 0.671875
vt 0.1875 0.90234375
vt 0.2125 0.90234375
vt 0.2875 0.921875
vt 0.1875 0.921875
vt 0.009375000000000001 1
vt 0.0031250000000000028 1
vt 0.090625 1
vt 0.08437499999999999 1
vt 0.2375 0.90234375
vt 0.2625 0.90234375
vt 0.3 0.921875
vt 0.29375 0.921875
vt 0.2375 0.822265625
vt 0.2625 0.822265625
vt 0.2625 0.90234375
vt 0.2375 0.90234375
vt 0.2375 0.8046875
vt 0.2625 0.8046875
vt 0.2625 0.822265625
vt 0.2375 0.822265625
vt 0.2375 0.78515625
vt 0.2625 0.78515625
vt 0.2625 0.8046875
vt 0.2375 0.8046875
vt 0.2375 0.705078125
vt 0.2625 0.705078125
vt 0.2625 0.78515625
vt 0.2375 0.78515625
vt 0.2375 0.671875
vt 0.2625 0.671875
vt 0.2625 0.705078125
vt 0.2375 0.705078125
vt 0.23721574271387713 0.9842578125
vt 0.2549657427138771 0.9842578125
vt 0.2585907427138771 0.984375
vt 0.23359074271387714 0.984375
vt 0.0301875 0.6796875
vt 0.047937499999999994 0.6796875
vt 0.0515625 0.6875
vt 0.0265625 0.6875
vt 0.0546875 0.71875
vt 0.0724375 0.71875
vt 0.078125 0.7265625
vt 0.078125 0.7265625
vt 0.0574046875 0.6953125
vt 0.0754078125 0.6953125
vt 0.0754078125 0.70703125
vt 0.0574046875 0.70703125
vt 0.210115625 0.96875
vt 0.180509375 0.96875
vt 0.1864375 0.96875
vt 0.2041875 0.96875
vt 0.390625 0.7265625
vt 0.421875 0.7265625
vt 0.421875 0.7421875
vt 0.390625 0.7421875
vt 0.4921875 0.6328125
vt 0.4609375 0.6328125
vt 0.4609375 0.6171875
vt 0.4921875 0.6171875
vt 0.30407578125 0.9375
vt 0.27404921875 0.9375
vt 0.2800609375 0.9296875
vt 0.2980640625 0.9296875
vt 0.5 0.984375
vt 0.5234375 0.984375
vt 0.5234375 1
vt 0.5 1
vt 0.203125 0.4921875
vt 0.203125 0.5703125
vt 0.1796875 0.5703125
vt 0.1796875 0.4921875
vt 0.3125 0.90234375
vt 0.2875 0.90234375
vt 0.2875 0.822265625
vt 0.3125 0.822265625
vt 0.5234375 0.9765625
vt 0.5 0.9765625
vt 0.5 0.9609375
vt 0.5234375 0.9609375
vt 0.013671875 0.8125
vt 0.013671875 0.828125
vt 0.001953125 0.828125
vt 0.001953125 0.8125
vt 0.171875 0.85546875
vt 0.171875 0.875
vt 0.1484375 0.875
vt 0.1484375 0.85546875
vt 0.3623046875 0.7890625
vt 0.3818359375 0.7890625
vt 0.3818359375 0.8046875
vt 0.3623046875 0.8046875
vt 0.3125 0.8046875
vt 0.3125 0.78515625
vt 0.3359375 0.78515625
vt 0.3359375 0.8046875
vt 0.3125 0.8046875
vt 0.2875 0.8046875
vt 0.2875 0.78515625
vt 0.3125 0.78515625
vt 0.5 0.625
vt 0.5234375 0.625
vt 0.5234375 0.640625
vt 0.5 0.640625
vt 0.171875 0.73828125
vt 0.171875 0.7578125
vt 0.1484375 0.7578125
vt 0.1484375 0.73828125
vt 0.1484375 0.85546875
vt 0.1484375 0.837890625
vt 0.171875 0.837890625
vt 0.171875 0.85546875
vt 0.3623046875 0.8046875
vt 0.3447265625 0.8046875
vt 0.3447265625 0.7890625
vt 0.3623046875 0.7890625
vt 0.3359375 0.8046875
vt 0.3359375 0.822265625
vt 0.3125 0.822265625
vt 0.3125 0.8046875
vt 0.3125 0.822265625
vt 0.2875 0.822265625
vt 0.2875 0.8046875
vt 0.3125 0.8046875
vt 0.453125 0.6640625
vt 0.453125 0.7421875
vt 0.4296875 0.7421875
vt 0.4296875 0.6640625
vt 0.3125 0.78515625
vt 0.2875 0.78515625
vt 0.2875 0.705078125
vt 0.3125 0.705078125
vt 0.1484375 0.97265625
vt 0.1484375 0.955078125
vt 0.171875 0.955078125
vt 0.171875 0.97265625
vt 0.2890625 0.5859375
vt 0.2734375 0.5859375
vt 0.2734375 0.5703125
vt 0.2890625 0.5703125
vt 0.3359375 0.6875
vt 0.3359375 0.705078125
vt 0.3125 0.705078125
vt 0.3125 0.6875
vt 0.3125 0.705078125
vt 0.2875 0.705078125
vt 0.2875 0.6796875
vt 0.3125 0.6875
vt 0.1640625 0.5390625
vt 0.0859375 0.5390625
vt 0.0859375 0.5234375
vt 0.1640625 0.5234375
vt 0.390625 0.5
vt 0.3671875 0.5
vt 0.3671875 0.484375
vt 0.390625 0.484375
vt 0.5390625 0.859375
vt 0.4609375 0.859375
vt 0.4609375 0.84375
vt 0.5390625 0.84375
vt 0.421875 0.5
vt 0.3984375 0.5
vt 0.3984375 0.484375
vt 0.421875 0.484375
vt 0.2890625 0.5390625
vt 0.2109375 0.5390625
vt 0.2109375 0.5234375
vt 0.2890625 0.5234375
vt 0.0234375 0.4921875
vt 0 0.4921875
vt 0 0.4765625
vt 0.0234375 0.4765625
vt 0.5390625 0.7578125
vt 0.4609375 0.7578125
vt 0.4609375 0.7421875
vt 0.5390625 0.7421875
vt 0.0546875 0.4921875
vt 0.03125 0.4921875
vt 0.03125 0.4765625
vt 0.0546875 0.4765625
vt 0.4296875 0.65625
vt 0.4296875 0.578125
vt 0.453125 0.578125
vt 0.453125 0.65625
vt 0.4609375 0.734375
vt 0.4609375 0.71875
vt 0.5390625 0.71875
vt 0.5390625 0.734375
vt 0.4296875 0.4921875
vt 0.453125 0.4921875
vt 0.453125 0.5703125
vt 0.4296875 0.5703125
vt 0.4609375 0.7109375
vt 0.4609375 0.6953125
vt 0.5390625 0.6953125
vt 0.5390625 0.7109375
vt 0.0859375 0.4765625
vt 0.0859375 0.4921875
vt 0.0625 0.4921875
vt 0.0625 0.4765625
vt 0.1171875 0.4765625
vt 0.1171875 0.4921875
vt 0.09375 0.4921875
vt 0.09375 0.4765625
vt 0.125 0.4921875
vt 0.125 0.4765625
vt 0.1484375 0.4765625
vt 0.1484375 0.4921875
vt 0.234375 0.4765625
vt 0.234375 0.4921875
vt 0.2109375 0.4921875
vt 0.2109375 0.4765625
vt 0.1484375 0.65234375
vt 0.1234375 0.65234375
vt 0.1234375 0.5625
vt 0.1484375 0.5625
vt 0.2421875 0.6640625
vt 0.2421875 0.5703125
vt 0.265625 0.5703125
vt 0.265625 0.6640625
vt 0.1484375 0.5625
vt 0.1234375 0.5625
vt 0.1234375 0.546875
vt 0.1484375 0.546875
vt 0.1484375 0.5625
vt 0.1484375 0.546875
vt 0.171875 0.546875
vt 0.171875 0.5625
vt 0.203125 0.484375
vt 0.1875 0.484375
vt 0.1875 0.46875
vt 0.203125 0.46875
vt 0.53125 0.8828125
vt 0.4375 0.8828125
vt 0.4375 0.8671875
vt 0.53125 0.8671875
vt 0.265625 0.4921875
vt 0.2421875 0.4921875
vt 0.2421875 0.4765625
vt 0.265625 0.4765625
vt 0.546875 0.828125
vt 0.453125 0.828125
vt 0.453125 0.8125
vt 0.546875 0.8125
vt 0.484375 0.4921875
vt 0.4609375 0.4921875
vt 0.4609375 0.4765625
vt 0.484375 0.4765625
vt 0.34375 0.859375
vt 0.3671875 0.859375
vt 0.3671875 0.953125
vt 0.34375 0.953125
vt 0.515625 0.4765625
vt 0.515625 0.4921875
vt 0.4921875 0.4921875
vt 0.4921875 0.4765625
vt 0.1796875 0.46875
vt 0.1796875 0.484375
vt 0.15625 0.484375
vt 0.15625 0.46875
vt 0.18120558646387713 0.984375
vt 0.20739855521387712 0.984375
vt 0.20739855521387712 1
vt 0.18120558646387713 1
vt 0.20739855521387712 0.984375
vt 0.23359074271387714 0.984375
vt 0.23359074271387714 1
vt 0.20739855521387712 1
vt 0.1484375 0.984375
vt 0.1234375 0.9921875
vt 0.1234375 0.98046875
vt 0.1484375 0.97265625
vt 0.1234375 0.9921875
vt 0.0984375 1
vt 0.0984375 0.98828125
vt 0.1234375 0.98046875
vt 0.1484375 0.97265625
vt 0.1234375 0.98046875
vt 0.1234375 0.955078125
vt 0.1484375 0.955078125
vt 0.1234375 0.98046875
vt 0.0984375 0.98828125
vt 0.0984375 0.955078125
vt 0.1234375 0.955078125
vt 0.1484375 0.955078125
vt 0.1234375 0.955078125
vt 0.1234375 0.875
vt 0.1484375 0.875
vt 0.1234375 0.955078125
vt 0.0984375 0.955078125
vt 0.0984375 0.875
vt 0.1234375 0.875
vt 0.1484375 0.875
vt 0.1234375 0.875
vt 0.1234375 0.85546875
vt 0.1484375 0.85546875
vt 0.1234375 0.875
vt 0.0984375 0.875
vt 0.0984375 0.85546875
vt 0.1234375 0.85546875
vt 0.1484375 0.85546875
vt 0.1234375 0.85546875
vt 0.1234375 0.837890625
vt 0.1484375 0.837890625
vt 0.1234375 0.85546875
vt 0.0984375 0.85546875
vt 0.0984375 0.837890625
vt 0.1234375 0.837890625
vt 0.1484375 0.837890625
vt 0.1234375 0.837890625
vt 0.1234375 0.7578125
vt 0.1484375 0.7578125
vt 0.1234375 0.837890625
vt 0.0984375 0.837890625
vt 0.0984375 0.7578125
vt 0.1234375 0.7578125
vt 0.1484375 0.7578125
vt 0.1234375 0.7578125
vt 0.1234375 0.73828125
vt 0.1484375 0.73828125
vt 0.1234375 0.7578125
vt 0.0984375 0.7578125
vt 0.0984375 0.73828125
vt 0.1234375 0.73828125
vt 0.371875 0.546875
vt 0.396875 0.546875
vt 0.396875 0.671875
vt 0.371875 0.671875
vt 0.41875 0.9609375
vt 0.44375 0.9609375
vt 0.44375 0.9765625
vt 0.41875 0.9765625
vt 0.0984375 0.546875
vt 0.1234375 0.546875
vt 0.1234375 0.5625
vt 0.0984375 0.5625
vt 0.0984375 0.5625
vt 0.1234375 0.5625
vt 0.1234375 0.65234375
vt 0.0984375 0.65234375
vt 0.2625 0.822265625
vt 0.2875 0.822265625
vt 0.2875 0.90234375
vt 0.2625 0.90234375
vt 0.2625 0.8046875
vt 0.2875 0.8046875
vt 0.2875 0.822265625
vt 0.2625 0.822265625
vt 0.2625 0.78515625
vt 0.2875 0.78515625
vt 0.2875 0.8046875
vt 0.2625 0.8046875
vt 0.2625 0.705078125
vt 0.2875 0.705078125
vt 0.2875 0.78515625
vt 0.2625 0.78515625
vt 0.38175 0.859375
vt 0.3995 0.859375
vt 0.403125 0.8671875
vt 0.378125 0.8671875
vt 0.3828125 0.515625
vt 0.3828125 0.5390625
vt 0.359375 0.5390625
vt 0.359375 0.515625
vt 0.421875 0.671875
vt 0.396875 0.671875
vt 0.396875 0.546875
vt 0.421875 0.546875
vt 0.4625 0.9375
vt 0.4875 0.9375
vt 0.46875 0.953125
vt 0.4625 0.953125
vt 0.4390625 0.9375
vt 0.4625 0.9375
vt 0.4625 0.953125
vt 0.4390625 0.953125
vt 0.4921875 0.984375
vt 0.4921875 1
vt 0.46875 1
vt 0.46875 0.984375
vt 0.1484375 0.671875
vt 0.1234375 0.671875
vt 0.1234375 0.65234375
vt 0.1484375 0.65234375
vt 0.3125 0.921875
vt 0.30625 0.921875
vt 0.2875 0.90234375
vt 0.3125 0.90234375
vt 0.3125 0.921875
vt 0.3125 0.90234375
vt 0.3359375 0.90234375
vt 0.3359375 0.921875
vt 0.1484375 0.671875
vt 0.1484375 0.65234375
vt 0.171875 0.65234375
vt 0.171875 0.671875
vt 0.296875 0.46875
vt 0.296875 0.484375
vt 0.2734375 0.484375
vt 0.2734375 0.46875
vt 0.4921875 0.9609375
vt 0.4921875 0.9765625
vt 0.46875 0.9765625
vt 0.46875 0.9609375
vt 0.46875 0.9765625
vt 0.44375 0.9765625
vt 0.44375 0.9609375
vt 0.46875 0.9609375
vt 0.46875 1
vt 0.44375 1
vt 0.44375 0.984375
vt 0.46875 0.984375
vt 0.44375 1
vt 0.41875 1
vt 0.41875 0.984375
vt 0.44375 0.984375
vt 0.475 0.953125
vt 0.46875 0.953125
vt 0.4875 0.9375
vt 0.5125 0.9375
vt 0.0984375 0.65234375
vt 0.1234375 0.65234375
vt 0.1234375 0.671875
vt 0.0984375 0.671875
vt 0.2625 0.90234375
vt 0.2875 0.90234375
vt 0.30625 0.921875
vt 0.3 0.921875
vt 0.2625 0.671875
vt 0.2875 0.6796875
vt 0.2875 0.705078125
vt 0.2625 0.705078125
vt 0.522375 0.59375
vt 0.540125 0.59375
vt 0.54375 0.6015625
vt 0.51875 0.6015625
vt 0.12890859375 0.72265625
vt 0.10390859374999999 0.71484375
vt 0.10390859375 0.703125
vt 0.12890859375 0.7109375
vt 0.10390859374999999 0.71484375
vt 0.07903437499999999 0.70703125
vt 0.07903437499999999 0.6953125
vt 0.10390859375 0.703125
vt 0.0754078125 0.6953125
vt 0.07903437499999999 0.6953125
vt 0.07903437499999999 0.70703125
vt 0.0754078125 0.70703125
vt 0.001953125 0.8125
vt 0.001953125 0.7734375
vt 0.013671875 0.7734375
vt 0.013671875 0.8125
vt 0.3543191437849848 0.7343749213929014
vt 0.35169937752680286 0.7421873425907259
vt 0.33074547128628323 0.7421867122721024
vt 0.3281261750468355 0.7343741334769963
vt 0.3281261750468355 0.7343741334769963
vt 0.33074547128628323 0.7421867122721024
vt 0.3307445312488148 0.7734367122579637
vt 0.328125 0.7734366334593229
vt 0 0.9764269544487247
vt 0 0.9973807727165249
vt 0 0.9738077271652497
vt 0 1
vt 0.35431796873814925 0.773437421375228
vt 0.35169843748933444 0.7734373425765873
vt 0.35169937752680286 0.7421873425907259
vt 0.3543191437849848 0.7343749213929014
vt 0.38039078377443536 0.73437578125
vt 0.3777892212744353 0.74218828125
vt 0.3569321900244353 0.7421875
vt 0.35431890877443534 0.73437421875
vt 0.3543191437849848 0.7343749213929014
vt 0.3569321900244353 0.7421875
vt 0.3569312499869669 0.7734374999858613
vt 0.35431796873814925 0.773437421375228
vt 0.028721093750000003 1
vt 0.02610859375 1
vt 0.0051546874999999995 1
vt 0.002528906249999999 1
vt 0.40625 0.5078125
vt 0.40625 0.5390625
vt 0.390625 0.5390625
vt 0.390625 0.5078125
vt 0.1640625 0.640625
vt 0.1640625 0.6171875
vt 0.171875 0.6171875
vt 0.171875 0.640625
vt 0.4609375 0.609375
vt 0.4609375 0.578125
vt 0.4765625 0.578125
vt 0.4765625 0.609375
vt 0.5390625 0.5859375
vt 0.515625 0.5859375
vt 0.515625 0.578125
vt 0.5390625 0.578125
vt 0.4765625 0.5
vt 0.4765625 0.53125
vt 0.4609375 0.53125
vt 0.4609375 0.5
vt 0.3203125 0.953125
vt 0.3203125 0.9296875
vt 0.3359375 0.9296875
vt 0.3359375 0.953125
vt 0.326874653636049 0.484375
vt 0.3059208353682487 0.484375
vt 0.305937846363951 0.46875
vt 0.3268916646317513 0.46875
vt 0.015625 0.609375
vt 0.015625 0.640625
vt 0 0.640625
vt 0 0.609375
vt 0.21032578125 0.93750078125
vt 0.210115625 0.96875
vt 0.2041875 0.96875
vt 0.2043140625 0.92968828125
vt 0.23359074271387714 0.984375
vt 0.23346418021387713 0.94531328125
vt 0.23708918021387712 0.94519609375
vt 0.23721574271387713 0.9842578125
vt 0.38051109627443536 0.7734375
vt 0.3778860962744353 0.7734375
vt 0.3777892212744353 0.74218828125
vt 0.3803907837744353 0.73437578125
vt 0 0.515625
vt 0 0.5
vt 0.0234375 0.5
vt 0.0234375 0.515625
vt 0.3984375 0.953125
vt 0.375 0.953125
vt 0.375 0.875
vt 0.3984375 0.875
vt 0.2125 0.822265625
vt 0.2125 0.90234375
vt 0.1875 0.90234375
vt 0.1875 0.822265625
vt 0.0546875 0.5
vt 0.0546875 0.515625
vt 0.03125 0.515625
vt 0.03125 0.5
vt 0.013671875 0.9453125
vt 0.001953125 0.9453125
vt 0.001953125 0.9296875
vt 0.013671875 0.9296875
vt 0.0234375 0.875
vt 0 0.875
vt 0 0.85546875
vt 0.0234375 0.85546875
vt 0.3447265625 0.828125
vt 0.3447265625 0.8125
vt 0.3642578125 0.8125
vt 0.3642578125 0.828125
vt 0.1640625 0.78515625
vt 0.1875 0.78515625
vt 0.1875 0.8046875
vt 0.1640625 0.8046875
vt 0.2125 0.78515625
vt 0.2125 0.8046875
vt 0.1875 0.8046875
vt 0.1875 0.78515625
vt 0.0625 0.515625
vt 0.0625 0.5
vt 0.0859375 0.5
vt 0.0859375 0.515625
vt 0.0234375 0.7578125
vt 0 0.7578125
vt 0 0.73828125
vt 0.0234375 0.73828125
vt 0 0.837890625
vt 0.0234375 0.837890625
vt 0.0234375 0.85546875
vt 0 0.85546875
vt 0.3818359375 0.8125
vt 0.3818359375 0.828125
vt 0.3642578125 0.828125
vt 0.3642578125 0.8125
vt 0.1875 0.822265625
vt 0.1640625 0.822265625
vt 0.1640625 0.8046875
vt 0.1875 0.8046875
vt 0.2125 0.8046875
vt 0.2125 0.822265625
vt 0.1875 0.822265625
vt 0.1875 0.8046875
vt 0.4140625 0.828125
vt 0.390625 0.828125
vt 0.390625 0.75
vt 0.4140625 0.75
vt 0.2125 0.705078125
vt 0.2125 0.78515625
vt 0.1875 0.78515625
vt 0.1875 0.705078125
vt 0 0.955078125
vt 0.0234375 0.955078125
vt 0.0234375 0.97265625
vt 0 0.97265625
vt 0.015625 0.984375
vt 0.015625 1
vt 0 1
vt 0 0.984375
vt 0.1875 0.705078125
vt 0.1640625 0.705078125
vt 0.1640625 0.6875
vt 0.1875 0.6875
vt 0.2125 0.6796875
vt 0.2125 0.705078125
vt 0.1875 0.705078125
vt 0.1875 0.6875
vt 0.421875 0.703125
vt 0.421875 0.71875
vt 0.34375 0.71875
vt 0.34375 0.703125
vt 0.1171875 0.5
vt 0.1171875 0.515625
vt 0.09375 0.515625
vt 0.09375 0.5
vt 0.421875 0.6796875
vt 0.421875 0.6953125
vt 0.34375 0.6953125
vt 0.34375 0.6796875
vt 0.1484375 0.5
vt 0.1484375 0.515625
vt 0.125 0.515625
vt 0.125 0.5
vt 0.2890625 0.546875
vt 0.2890625 0.5625
vt 0.2109375 0.5625
vt 0.2109375 0.546875
vt 0.234375 0.5
vt 0.234375 0.515625
vt 0.2109375 0.515625
vt 0.2109375 0.5
vt 0.53125 0.7890625
vt 0.53125 0.8046875
vt 0.453125 0.8046875
vt 0.453125 0.7890625
vt 0.265625 0.5
vt 0.265625 0.515625
vt 0.2421875 0.515625
vt 0.2421875 0.5
vt 0.40625 0.875
vt 0.4296875 0.875
vt 0.4296875 0.953125
vt 0.40625 0.953125
vt 0.453125 0.765625
vt 0.53125 0.765625
vt 0.53125 0.78125
vt 0.453125 0.78125
vt 0.421875 0.828125
vt 0.421875 0.75
vt 0.4453125 0.75
vt 0.4453125 0.828125
vt 0 0.5234375
vt 0.078125 0.5234375
vt 0.078125 0.5390625
vt 0 0.5390625
vt 0.5078125 0.609375
vt 0.484375 0.609375
vt 0.484375 0.59375
vt 0.5078125 0.59375
vt 0.5078125 0.5859375
vt 0.484375 0.5859375
vt 0.484375 0.5703125
vt 0.5078125 0.5703125
vt 0.484375 0.546875
vt 0.5078125 0.546875
vt 0.5078125 0.5625
vt 0.484375 0.5625
vt 0.5078125 0.5390625
vt 0.484375 0.5390625
vt 0.484375 0.5234375
vt 0.5078125 0.5234375
vt 0.0484375 0.5625
vt 0.0484375 0.65234375
vt 0.0234375 0.65234375
vt 0.0234375 0.5625
vt 0.1796875 0.578125
vt 0.203125 0.578125
vt 0.203125 0.671875
vt 0.1796875 0.671875
vt 0.0484375 0.546875
vt 0.0484375 0.5625
vt 0.0234375 0.5625
vt 0.0234375 0.546875
vt 0 0.546875
vt 0.0234375 0.546875
vt 0.0234375 0.5625
vt 0 0.5625
vt 0.015625 0.6796875
vt 0.015625 0.6953125
vt 0 0.6953125
vt 0 0.6796875
vt 0.53125 0.9140625
vt 0.53125 0.9296875
vt 0.4375 0.9296875
vt 0.4375 0.9140625
vt 0.5078125 0.5
vt 0.5078125 0.515625
vt 0.484375 0.515625
vt 0.484375 0.5
vt 0.53125 0.890625
vt 0.53125 0.90625
vt 0.4375 0.90625
vt 0.4375 0.890625
vt 0.296875 0.4921875
vt 0.296875 0.5078125
vt 0.2734375 0.5078125
vt 0.2734375 0.4921875
vt 0.2109375 0.6640625
vt 0.2109375 0.5703125
vt 0.234375 0.5703125
vt 0.234375 0.6640625
vt 0.328125 0.5078125
vt 0.3046875 0.5078125
vt 0.3046875 0.4921875
vt 0.328125 0.4921875
vt 0.359375 0.5078125
vt 0.3359375 0.5078125
vt 0.3359375 0.4921875
vt 0.359375 0.4921875
vt 0.48943203125 0.6875
vt 0.48943203125 0.671875
vt 0.515625 0.671875
vt 0.515625 0.6875
vt 0.46323984375 0.6875
vt 0.46323984375 0.671875
vt 0.48943203125 0.671875
vt 0.48943203125 0.6875
vt 0.0484375 0.98046875
vt 0.0484375 0.9921875
vt 0.0234375 0.984375
vt 0.0234375 0.97265625
vt 0.0734375 0.98828125
vt 0.0734375 1
vt 0.0484375 0.9921875
vt 0.0484375 0.98046875
vt 0.0484375 0.955078125
vt 0.0484375 0.98046875
vt 0.0234375 0.97265625
vt 0.0234375 0.955078125
vt 0.0734375 0.955078125
vt 0.0734375 0.98828125
vt 0.0484375 0.98046875
vt 0.0484375 0.955078125
vt 0.0484375 0.875
vt 0.0484375 0.955078125
vt 0.0234375 0.955078125
vt 0.0234375 0.875
vt 0.0734375 0.875
vt 0.0734375 0.955078125
vt 0.0484375 0.955078125
vt 0.0484375 0.875
vt 0.0484375 0.85546875
vt 0.0484375 0.875
vt 0.0234375 0.875
vt 0.0234375 0.85546875
vt 0.0734375 0.85546875
vt 0.0734375 0.875
vt 0.0484375 0.875
vt 0.0484375 0.85546875
vt 0.0484375 0.837890625
vt 0.0484375 0.85546875
vt 0.0234375 0.85546875
vt 0.0234375 0.837890625
vt 0.0734375 0.837890625
vt 0.0734375 0.85546875
vt 0.0484375 0.85546875
vt 0.0484375 0.837890625
vt 0.0484375 0.7578125
vt 0.0484375 0.837890625
vt 0.0234375 0.837890625
vt 0.0234375 0.7578125
vt 0.0734375 0.7578125
vt 0.0734375 0.837890625
vt 0.0484375 0.837890625
vt 0.0484375 0.7578125
vt 0.0484375 0.73828125
vt 0.0484375 0.7578125
vt 0.0234375 0.7578125
vt 0.0234375 0.73828125
vt 0.0734375 0.73828125
vt 0.0734375 0.7578125
vt 0.0484375 0.7578125
vt 0.0484375 0.73828125
vt 0.321875 0.671875
vt 0.321875 0.546875
vt 0.346875 0.546875
vt 0.346875 0.671875
vt 0.36875 0.9765625
vt 0.36875 0.9609375
vt 0.39375 0.9609375
vt 0.39375 0.9765625
vt 0.0484375 0.5625
vt 0.0484375 0.546875
vt 0.0734375 0.546875
vt 0.0734375 0.5625
vt 0.0484375 0.65234375
vt 0.0484375 0.5625
vt 0.0734375 0.5625
vt 0.0734375 0.65234375
vt 0.2125 0.90234375
vt 0.2125 0.822265625
vt 0.2375 0.822265625
vt 0.2375 0.90234375
vt 0.2125 0.822265625
vt 0.2125 0.8046875
vt 0.2375 0.8046875
vt 0.2375 0.822265625
vt 0.2125 0.8046875
vt 0.2125 0.78515625
vt 0.2375 0.78515625
vt 0.2375 0.8046875
vt 0.2125 0.78515625
vt 0.2125 0.705078125
vt 0.2375 0.705078125
vt 0.2375 0.78515625
vt 0.065625 0.6875
vt 0.06925 0.6796875
vt 0.087 0.6796875
vt 0.090625 0.6875
vt 0.484375 0.6640625
vt 0.4609375 0.6640625
vt 0.4609375 0.640625
vt 0.484375 0.640625
vt 0.321875 0.546875
vt 0.321875 0.671875
vt 0.296875 0.671875
vt 0.296875 0.546875
vt 0.14765625 0.6953125
vt 0.12890625 0.6796875
vt 0.15390625 0.6796875
vt 0.15390625 0.6953125
vt 0.42890625 0.8515625
vt 0.42890625 0.8359375
vt 0.45234375 0.8359375
vt 0.45234375 0.8515625
vt 0.34375 1
vt 0.3203125 1
vt 0.3203125 0.984375
vt 0.34375 0.984375
vt 0.0484375 0.65234375
vt 0.0484375 0.671875
vt 0.0234375 0.671875
vt 0.0234375 0.65234375
vt 0.32421875 0.515625
vt 0.30546875 0.53515625
vt 0.29921875 0.53515625
vt 0.29921875 0.515625
vt 0.1640625 0.90234375
vt 0.1875 0.90234375
vt 0.1875 0.921875
vt 0.1640625 0.921875
vt 0 0.65234375
vt 0.0234375 0.65234375
vt 0.0234375 0.671875
vt 0 0.671875
vt 0.515625 0.6640625
vt 0.4921875 0.6640625
vt 0.4921875 0.6484375
vt 0.515625 0.6484375
vt 0.34375 0.9765625
vt 0.3203125 0.9765625
vt 0.3203125 0.9609375
vt 0.34375 0.9609375
vt 0.36875 0.9609375
vt 0.36875 0.9765625
vt 0.34375 0.9765625
vt 0.34375 0.9609375
vt 0.36875 0.984375
vt 0.36875 1
vt 0.34375 1
vt 0.34375 0.984375
vt 0.39375 0.984375
vt 0.39375 1
vt 0.36875 1
vt 0.36875 0.984375
vt 0.12890625 0.6796875
vt 0.14765625 0.6953125
vt 0.14140625 0.6953125
vt 0.10390625 0.6796875
vt 0.0484375 0.671875
vt 0.0484375 0.65234375
vt 0.0734375 0.65234375
vt 0.0734375 0.671875
vt 0.30546875 0.53515625
vt 0.32421875 0.515625
vt 0.34921875 0.515625
vt 0.31171875 0.53515625
vt 0.2125 0.705078125
vt 0.2125 0.6796875
vt 0.2375 0.671875
vt 0.2375 0.705078125
vt 0.51875 0.6171875
vt 0.522375 0.609375
vt 0.540125 0.609375
vt 0.54375 0.6171875
vt 0.02890390625 0.703125
vt 0.028903906250000014 0.71484375
vt 0.0039039062500000055 0.72265625
vt 0.0039039062500000055 0.7109375
vt 0.05377812500000001 0.6953125
vt 0.05377812500000002 0.70703125
vt 0.028903906250000014 0.71484375
vt 0.02890390625 0.703125
vt 0.05377812500000002 0.70703125
vt 0.05377812500000001 0.6953125
vt 0.057404687499999996 0.6953125
vt 0.0574046875 0.70703125
vt 0.001953125 0.890625
vt 0.013671875 0.890625
vt 0.013671875 0.9296875
vt 0.001953125 0.9296875
vt 0.30836136730508557 0.9531321555016139
vt 0.28740746123192934 0.9531294331616781
vt 0.2847889450071825 0.9453165928970583
vt 0.31098191353612287 0.9453199958981032
vt 0.3083573072925047 0.9843821552378746
vt 0.30836136730508557 0.9531321555016139
vt 0.31098191353612287 0.9453199958981032
vt 0.31097683852039676 0.9843824955684293
vt 0.026101909133900116 1
vt 0.00514809086609987 1
vt 0.002528863582624833 1
vt 0.028721136417375167 1
vt 0.28740746123192934 0.9531294331616781
vt 0.2874034012193485 0.9843794328979388
vt 0.28478386999145644 0.9843790925673842
vt 0.2847889450071825 0.9453165928970583
vt 0.2821746487760925 0.9531287533125714
vt 0.2613176176680666 0.9531261974041638
vt 0.25871730521387715 0.94531328125
vt 0.284789180130153 0.945315890291768
vt 0.28217058876351164 0.9843787530488322
vt 0.2821746487760925 0.9531287533125714
vt 0.2847889450071825 0.9453165928970583
vt 0.28478386999145644 0.9843790925673843
vt 0.026095312500000002 1
vt 0.0051414062499999975 1
vt 0.002528906249999999 1
vt 0.028721093750000003 1
vt 0.2890625 0.625
vt 0.2734375 0.625
vt 0.2734375 0.59375
vt 0.2890625 0.59375
vt 0.3359375 0.484375
vt 0.3359375 0.4765625
vt 0.359375 0.4765625
vt 0.359375 0.484375
vt 0 0.5703125
vt 0.015625 0.5703125
vt 0.015625 0.6015625
vt 0 0.6015625
vt 0.328125 0.8671875
vt 0.3359375 0.8671875
vt 0.3359375 0.890625
vt 0.328125 0.890625
vt 0.4765625 0.5703125
vt 0.4609375 0.5703125
vt 0.4609375 0.5390625
vt 0.4765625 0.5390625
vt 0.140625 0.703125
vt 0.15625 0.703125
vt 0.15625 0.7265625
vt 0.140625 0.7265625
vt 0.15821820610429785 0.4921875
vt 0.16993720990363284 0.4921875
vt 0.16990679389570218 0.515625
vt 0.15818779009636716 0.515625
vt 0.2890625 0.6640625
vt 0.2734375 0.6640625
vt 0.2734375 0.6328125
vt 0.2890625 0.6328125
vt 0.1864375 0.96875
vt 0.180509375 0.96875
vt 0.18029921875 0.93750078125
vt 0.1863109375 0.92968828125
vt 0.25509230521387716 0.94519609375
vt 0.25871730521387715 0.94531328125
vt 0.2585907427138771 0.984375
vt 0.2549657427138771 0.9842578125
vt 0.2613176176680666 0.9531261974041638
vt 0.26121574274426834 0.9843754002540106
vt 0.25859074277786903 0.9843749802498073
vt 0.25871730521387715 0.94531328125
vn 0 0 -1
vn 0 1 0
vn 0 1 0
vn 0 1 0
vn 0 1 0
vn 0 1 0
vn 0 1 0
vn 0 1 0
vn 0 0 1
vn 0 0 -1
vn 0 0 0
vn 0 0 -1
vn 0 -1 0
vn 0 0 1
vn 0 1 0
vn 0 1 0
vn 0 1 0
vn 0 -1 0
vn 0 0 0
vn 0 -1 0
vn 0 -1 0
vn 0 -1 0
vn 0 -1 0
vn 0 -1 0
vn 0 -1 0
vn 0 0 -1
vn 0 0 1
vn 0 0 1
vn 0 -1 0
vn 0 0 1
vn 0 1 0
vn 0 -1 0
vn 0 0 -1
vn 0 0 -1
vn 0 1 0
vn 0 -1 0
vn 1 0 0
vn 1 0 0
vn 0 1 0
vn 1 0 0
vn 0 -1 0
vn 0 -1 0
vn 1 0 0
vn 0 1 0
vn 0 1 0
vn 1 0 0
vn 0 -1 0
vn 0 -1 0
vn 0 1 0
vn 0 -1 0
vn 0 1 0
vn 1 0 0
vn 0 -1 0
vn 0 -1 0
vn 1 0 0
vn 0 0 -1
vn -1 0 0
vn 0 0 1
vn 1 0 0
vn 0 0 -1
vn -1 0 0
vn 0 0 1
vn 0 1 0
vn 1 0 0
vn 0 1 0
vn 1 0 0
vn 0 0 -1
vn 0 0 -1
vn 0 0 1
vn 0 0 1
vn 0 1 0
vn 0 1 0
vn 0 1 0
vn 0 1 0
vn 1 0 0
vn -1 0 0
vn 0 0 1
vn 1 0 0
vn 0 0 -1
vn 0 1 0
vn 0 0 -1
vn 0 0 1
vn 0.2982749931359468 0 -0.9544799780350297
vn 0.2982749931359468 0 -0.9544799780350297
vn 0 1 0
vn 0 1 0
vn 0 1 0
vn 0 1 0
vn 0 1 0
vn 0 1 0
vn 0 1 0
vn 0 1 0
vn 0 1 0
vn 0 1 0
vn 0 1 0
vn 0 1 0
vn 0 1 0
vn 0 1 0
vn 0 -1 0
vn 0 0 1
vn 0 1 0
vn 0 1 0
vn 0 -1 0
vn 0 -1 0
vn 0 -1 0
vn 0 -1 0
vn 0 0 1
vn 0 -1 0
vn 0 -1 0
vn 0 0 -1
vn 0 0 -1
vn 0 0 1
vn 0 1 0
vn 0 -1 0
vn 0 -1 0
vn 0 1 0
vn 0 -1 0
vn 0 0 1
vn 0 0 1
vn 0 0 1
vn 0 0 1
vn 0 0 -1
vn 0 1 0
vn 0 -1 0
vn 0 -1 0
vn 0 0 1
vn 0 -1 0
vn -0.000041000872364930206 -0.9999999991594644 0
vn 0.032310707094669835 -0.9994778727951124 0
vn 1 0 0
vn 0.29827499313594585 1.5936678693004243e-15 -0.95447997803503
vn 0.2982749931359504 0 -0.9544799780350287
vn 0 1 0
vn 0.2982749931359504 0 -0.9544799780350287
vn 0.29965308336248303 0.00024208325666642125 -0.9540482016266547
vn 0.2989625279650194 0 -0.9542648515337684
vn -0.00807629652479521 0.9996333594889407 0.025844148879344758
vn -0.9544799780350299 0 -0.29827499313594624
vn 0 1 0
vn 0.9544799780350299 0 0.29827499313594624
vn 0 -1 0
vn -0.9540482324198932 0 -0.29965308310858
vn 0.000037319323257473665 0.9999999992349378 0.000011721472661044615
vn 0 -1 0
vn -0.9999773032599282 -0.006737430148191098 0
vn 0 0 1
vn 0 0 -1
vn 0.29759030451993856 0.000961685959631511 -0.9546931893628683
vn 0 0 -1
vn 0 1 0
vn 0 -1 0
vn -1 0 0
vn -1 0 0
vn 0 1 0
vn -1 0 0
vn 0 -1 0
vn 0 -1 0
vn -1 0 0
vn 0 1 0
vn 0 1 0
vn -1 0 0
vn 0 -1 0
vn 0 -1 0
vn 0 1 0
vn 0 -1 0
vn 0 1 0
vn -1 0 0
vn 0 -1 0
vn 0 -1 0
vn -1 0 0
vn 0 0 -1
vn 1 0 0
vn 0 0 1
vn -1 0 0
vn 0 0 -1
vn 1 0 0
vn 0 0 1
vn 0 1 0
vn -1 0 0
vn 0 1 0
vn -1 0 0
vn 0 0 -1
vn 0 0 -1
vn 0 0 1
vn 0 0 1
vn 0 1 0
vn 0 1 0
vn 0 1 0
vn 0 1 0
vn -1 0 0
vn 1 0 0
vn 0 0 1
vn -1 0 0
vn 0 0 -1
vn 0 1 0
vn 0 0 -1
vn 0 0 1
vn -0.2982749931359468 0 -0.9544799780350297
vn -0.2982749931359468 0 -0.9544799780350297
vn 0 1 0
vn 0 1 0
vn 0 1 0
vn 0 1 0
vn 0 1 0
vn 0 1 0
vn 0 1 0
vn 0 1 0
vn 0 1 0
vn 0 1 0
vn 0 1 0
vn 0 1 0
vn 0 1 0
vn 0 1 0
vn 0 -1 0
vn 0 0 1
vn 0 1 0
vn 0 1 0
vn 0 -1 0
vn 0 -1 0
vn 0 -1 0
vn 0 -1 0
vn 0 0 1
vn 0 -1 0
vn 0 -1 0
vn 0 0 -1
vn 0 0 -1
vn 0 0 1
vn 0 1 0
vn 0 -1 0
vn 0 -1 0
vn 0 1 0
vn 0 -1 0
vn 0 0 1
vn 0 0 1
vn 0 0 1
vn 0 0 1
vn 0 0 -1
vn 0 1 0
vn 0 -1 0
vn 0 -1 0
vn 0 0 1
vn 0 -1 0
vn 0.00004100087236493021 -0.9999999991594644 0
vn -0.032310707094669835 -0.9994778727951124 0
vn -1 0 0
vn -0.29827499313594585 1.4901829427224747e-15 -0.95447997803503
vn -0.2982749931359504 0 -0.9544799780350287
vn 0 1 0
vn -0.2982749931359504 0 -0.9544799780350287
vn -0.29965308336248303 0.00024208325666646283 -0.9540482016266547
vn -0.2989625279650193 0 -0.9542648515337684
vn 0.008076296524795901 0.9996333594889407 0.025844148879346978
vn 0.9544799780350299 0 -0.29827499313594624
vn 0 1 0
vn -0.9544799780350299 0 0.29827499313594624
vn 0 -1 0
vn 0.9540482324198932 0 -0.29965308310858
vn -0.000037319323257473665 0.9999999992349378 0.000011721472661044618
vn 0 -1 0
vn 0.9999773032599282 -0.006737430148191098 0
vn 0 0 1
vn 0 0 -1
vn -0.29759030451993856 0.0009616859596315112 -0.9546931893628683
usemtl m_15b53fe9-4632-dd38-a2dc-9faf06905f12
f 440/1609/445 575/1610/445 577/1611/445 442/1612/445
f 442/1613/446 577/1614/446 579/1615/446 444/1616/446
f 444/1617/447 579/1618/447 581/1619/447 446/1620/447
f 446/1621/448 581/1622/448 583/1623/448 448/1624/448
f 448/1625/449 583/1626/449 585/1627/449 450/1628/449
f 450/1629/450 585/1630/450 587/1631/450 452/1632/450
f 452/1633/451 587/1634/451 589/1635/451 454/1636/451
f 454/1637/452 589/1638/452 591/1639/452 456/1640/452
f 456/1641/453 591/1642/453 593/1643/453 458/1644/453
f 525/1645/454 457/1646/454 595/1647/454 526/1648/454
f 457/1649/455 487/1650/455 622/1651/455 592/1652/455
f 487/1653/456 488/1654/456 459/1655/456 594/1656/456
f 594/1657/457 459/1658/457 461/1659/457 596/1660/457
f 596/1661/458 461/1662/458 463/1663/458 598/1664/458
f 598/1665/459 463/1666/459 465/1667/459 600/1668/459
f 600/1669/460 465/1670/460 467/1671/460 602/1672/460
f 602/1673/461 467/1674/461 458/1675/461 593/1676/461
f 535/1677/462 605/1678/462 457/1679/462 525/1680/462
f 592/1681/463 622/1682/463 487/1683/463 457/1684/463
f 604/1685/464 469/1686/464 488/1687/464 487/1688/464
f 606/1689/465 471/1690/465 469/1691/465 604/1692/465
f 608/1693/466 473/1694/466 471/1695/466 606/1696/466
f 610/1697/467 475/1698/467 473/1699/467 608/1700/467
f 612/1701/468 477/1702/468 475/1703/468 610/1704/468
f 614/1705/469 479/1706/469 477/1707/469 612/1708/469
f 481/1709/470 616/1710/470 575/1711/470 440/1712/470
f 621/1713/471 486/1714/471 479/1715/471 614/1716/471
f 621/1717/472 486/1718/472 479/1719/472 440/1720/472
f 631/1721/473 496/1722/473 497/1723/473 632/1724/473
f 515/1725/474 650/1726/474 616/1727/474 481/1728/474
f 651/1729/475 516/1730/475 514/1731/475 649/1732/475
f 517/1733/476 652/1734/476 650/1735/476 515/1736/476
f 649/1737/477 514/1738/477 496/1739/477 631/1740/477
f 384/1741/478 386/1742/478 385/1743/478 383/1744/478
f 416/1745/479 418/1746/479 417/1747/479 419/1748/479
f 400/1749/480 470/1750/480 472/1751/480 407/1752/480
f 389/1753/481 425/1754/481 426/1755/481 393/1756/481
f 394/1757/482 395/1758/482 385/1759/482 386/1760/482
f 397/1761/483 409/1762/483 408/1763/483 396/1764/483
f 398/1765/484 410/1766/484 409/1767/484 397/1768/484
f 399/1769/485 411/1770/485 410/1771/485 398/1772/485
f 399/1773/486 474/1774/486 476/1775/486 411/1776/486
f 389/1777/487 401/1778/487 402/1779/487 388/1780/487
f 388/1781/488 402/1782/488 403/1783/488 387/1784/488
f 396/1785/489 404/1786/489 405/1787/489 397/1788/489
f 397/1789/490 405/1790/490 406/1791/490 398/1792/490
f 398/1793/491 406/1794/491 407/1795/491 399/1796/491
f 407/1797/492 472/1798/492 474/1799/492 399/1800/492
f 420/1801/493 422/1802/493 421/1803/493 423/1804/493
f 411/1805/494 476/1806/494 478/1807/494 415/1808/494
f 385/1809/495 412/1810/495 413/1811/495 383/1812/495
f 383/1813/496 413/1814/496 414/1815/496 384/1816/496
f 384/1817/497 414/1818/497 415/1819/497 386/1820/497
f 415/1821/498 478/1822/498 480/1823/498 386/1824/498
f 418/1825/499 416/1826/499 402/1827/499 405/1828/499
f 417/1829/500 418/1830/500 405/1831/500 404/1832/500
f 419/1833/501 417/1834/501 404/1835/501 403/1836/501
f 416/1837/502 419/1838/502 403/1839/502 402/1840/502
f 422/1841/503 420/1842/503 409/1843/503 413/1844/503
f 421/1845/504 422/1846/504 413/1847/504 412/1848/504
f 423/1849/505 421/1850/505 412/1851/505 408/1852/505
f 420/1853/506 423/1854/506 408/1855/506 409/1856/506
f 412/1857/507 408/1858/507 409/1859/507 413/1860/507
f 408/1861/508 411/1862/508 415/1863/508 412/1864/508
f 403/1865/509 402/1866/509 405/1867/509 404/1868/509
f 403/1869/510 400/1870/510 407/1871/510 404/1872/510
f 411/1873/511 408/1874/511 409/1875/511 410/1876/511
f 400/1877/512 403/1878/512 402/1879/512 401/1880/512
f 404/1881/513 407/1882/513 406/1883/513 405/1884/513
f 414/1885/514 413/1886/514 412/1887/514 415/1888/514
f 424/1889/515 468/1890/515 466/1891/515 428/1892/515
f 435/1893/516 437/1894/516 436/1895/516 438/1896/516
f 428/1897/517 466/1898/517 464/1899/517 432/1900/517
f 428/1901/518 432/1902/518 433/1903/518 429/1904/518
f 429/1905/519 433/1906/519 434/1907/519 430/1908/519
f 437/1909/520 435/1910/520 424/1911/520 428/1912/520
f 436/1913/521 437/1914/521 428/1915/521 429/1916/521
f 438/1917/522 436/1918/522 429/1919/522 425/1920/522
f 435/1921/523 438/1922/523 425/1923/523 424/1924/523
f 428/1925/524 429/1926/524 425/1927/524 424/1928/524
f 431/1929/525 428/1930/525 429/1931/525 430/1932/525
f 426/1933/526 425/1934/526 424/1935/526 427/1936/526
f 394/1937/527 439/1938/527 441/1939/527 395/1940/527
f 439/1941/528 440/1942/528 442/1943/528 441/1944/528
f 395/1945/529 441/1946/529 443/1947/529 385/1948/529
f 441/1949/530 442/1950/530 444/1951/530 443/1952/530
f 385/1953/531 443/1954/531 445/1955/531 412/1956/531
f 443/1957/532 444/1958/532 446/1959/532 445/1960/532
f 412/1961/533 445/1962/533 447/1963/533 408/1964/533
f 445/1965/534 446/1966/534 448/1967/534 447/1968/534
f 408/1969/535 447/1970/535 449/1971/535 396/1972/535
f 447/1973/536 448/1974/536 450/1975/536 449/1976/536
f 396/1977/537 449/1978/537 451/1979/537 404/1980/537
f 449/1981/538 450/1982/538 452/1983/538 451/1984/538
f 404/1985/539 451/1986/539 453/1987/539 403/1988/539
f 451/1989/540 452/1990/540 454/1991/540 453/1992/540
f 403/1993/541 453/1994/541 455/1995/541 387/1996/541
f 453/1997/542 454/1998/542 456/1999/542 455/2000/542
f 459/2001/543 460/2002/543 462/2003/543 461/2004/543
f 461/2005/544 462/2006/544 464/2007/544 463/2008/544
f 463/2009/545 464/2010/545 466/2011/545 465/2012/545
f 465/2013/546 466/2014/546 468/2015/546 467/2016/546
f 471/2017/547 472/2018/547 470/2019/547 469/2020/547
f 473/2021/548 474/2022/548 472/2023/548 471/2024/548
f 475/2025/549 476/2026/549 474/2027/549 473/2028/549
f 477/2029/550 478/2030/550 476/2031/550 475/2032/550
f 483/2033/551 482/2034/551 386/2035/551 480/2036/551
f 393/2037/552 426/2038/552 427/2039/552 391/2040/552
f 392/2041/553 462/2042/553 460/2043/553 391/2044/553
f 391/2045/554 460/2046/554 489/2047/554 390/2048/554
f 393/2049/555 391/2050/555 390/2051/555 389/2052/555
f 389/2053/556 388/2054/556 387/2055/556 390/2056/556
f 390/2057/557 457/2058/557 468/2059/557 424/2060/557
f 390/2061/558 489/2062/558 470/2063/558 400/2064/558
f 390/2065/559 400/2066/559 401/2067/559 389/2068/559
f 390/2069/560 424/2070/560 425/2071/560 389/2072/560
f 430/2073/561 434/2074/561 392/2075/561 431/2076/561
f 434/2077/562 433/2078/562 432/2079/562 392/2080/562
f 432/2081/563 464/2082/563 462/2083/563 392/2084/563
f 387/2085/564 455/2086/564 457/2087/564 390/2088/564
f 455/2089/565 456/2090/565 458/2091/565 457/2092/565
f 488/2093/566 489/2094/566 460/2095/566 459/2096/566
f 467/2097/567 468/2098/567 457/2099/567 458/2100/567
f 469/2101/568 470/2102/568 489/2103/568 488/2104/568
f 479/2105/569 480/2106/569 478/2107/569 477/2108/569
f 485/2109/570 484/2110/570 480/2111/570 479/2112/570
f 491/2113/571 490/2114/571 492/2115/571 493/2116/571
f 490/2117/572 494/2118/572 495/2119/572 492/2120/572
f 496/2121/573 495/2122/573 494/2123/573 497/2124/573
f 386/2125/574 491/2126/574 493/2127/574 394/2128/574
f 492/2129/575 498/2130/575 499/2131/575 493/2132/575
f 493/2133/576 499/2134/576 500/2135/576 394/2136/576
f 500/2137/577 501/2138/577 394/2139/577 439/2140/577
f 439/2141/578 501/2142/578 498/2143/578 492/2144/578
f 495/2145/579 502/2146/579 503/2147/579 492/2148/579
f 492/2149/580 503/2150/580 504/2151/580 439/2152/580
f 439/2153/581 504/2154/581 505/2155/581 440/2156/581
f 506/2157/582 508/2158/582 500/2159/582 499/2160/582
f 507/2161/583 506/2162/583 499/2163/583 498/2164/583
f 509/2165/584 507/2166/584 498/2167/584 501/2168/584
f 508/2169/585 509/2170/585 501/2171/585 500/2172/585
f 510/2173/586 512/2174/586 504/2175/586 503/2176/586
f 511/2177/587 510/2178/587 503/2179/587 502/2180/587
f 512/2181/588 513/2182/588 505/2183/588 504/2184/588
f 516/2185/589 517/2186/589 515/2187/589 514/2188/589
f 514/2189/590 515/2190/590 481/2191/590 496/2192/590
f 440/2193/591 495/2194/591 496/2195/591 481/2196/591
f 440/2197/592 505/2198/592 502/2199/592 495/2200/592
f 520/2201/593 521/2202/593 519/2203/593 518/2204/593
f 552/2205/594 553/2206/594 551/2207/594 554/2208/594
f 607/2209/595 605/2210/595 535/2211/595 542/2212/595
f 561/2213/596 560/2214/596 524/2215/596 528/2216/596
f 520/2217/597 530/2218/597 529/2219/597 521/2220/597
f 543/2221/598 544/2222/598 532/2223/598 531/2224/598
f 544/2225/599 545/2226/599 533/2227/599 532/2228/599
f 545/2229/600 546/2230/600 534/2231/600 533/2232/600
f 611/2233/601 609/2234/601 534/2235/601 546/2236/601
f 537/2237/602 536/2238/602 524/2239/602 523/2240/602
f 538/2241/603 537/2242/603 523/2243/603 522/2244/603
f 540/2245/604 539/2246/604 531/2247/604 532/2248/604
f 541/2249/605 540/2250/605 532/2251/605 533/2252/605
f 542/2253/606 541/2254/606 533/2255/606 534/2256/606
f 609/2257/607 607/2258/607 542/2259/607 534/2260/607
f 556/2261/608 557/2262/608 555/2263/608 558/2264/608
f 613/2265/609 611/2266/609 546/2267/609 550/2268/609
f 548/2269/610 547/2270/610 520/2271/610 518/2272/610
f 549/2273/611 548/2274/611 518/2275/611 519/2276/611
f 550/2277/612 549/2278/612 519/2279/612 521/2280/612
f 615/2281/613 613/2282/613 550/2283/613 521/2284/613
f 537/2285/614 551/2286/614 553/2287/614 540/2288/614
f 540/2289/615 553/2290/615 552/2291/615 539/2292/615
f 539/2293/616 552/2294/616 554/2295/616 538/2296/616
f 538/2297/617 554/2298/617 551/2299/617 537/2300/617
f 544/2301/618 555/2302/618 557/2303/618 548/2304/618
f 548/2305/619 557/2306/619 556/2307/619 547/2308/619
f 547/2309/620 556/2310/620 558/2311/620 543/2312/620
f 543/2313/621 558/2314/621 555/2315/621 544/2316/621
f 544/2317/622 543/2318/622 547/2319/622 548/2320/622
f 550/2321/623 546/2322/623 543/2323/623 547/2324/623
f 540/2325/624 537/2326/624 538/2327/624 539/2328/624
f 542/2329/625 535/2330/625 538/2331/625 539/2332/625
f 544/2333/626 543/2334/626 546/2335/626 545/2336/626
f 537/2337/627 538/2338/627 535/2339/627 536/2340/627
f 541/2341/628 542/2342/628 539/2343/628 540/2344/628
f 547/2345/629 548/2346/629 549/2347/629 550/2348/629
f 601/2349/630 603/2350/630 559/2351/630 563/2352/630
f 571/2353/631 572/2354/631 570/2355/631 573/2356/631
f 599/2357/632 601/2358/632 563/2359/632 567/2360/632
f 568/2361/633 567/2362/633 563/2363/633 564/2364/633
f 569/2365/634 568/2366/634 564/2367/634 565/2368/634
f 559/2369/635 570/2370/635 572/2371/635 563/2372/635
f 563/2373/636 572/2374/636 571/2375/636 564/2376/636
f 564/2377/637 571/2378/637 573/2379/637 560/2380/637
f 560/2381/638 573/2382/638 570/2383/638 559/2384/638
f 560/2385/639 564/2386/639 563/2387/639 559/2388/639
f 564/2389/640 563/2390/640 566/2391/640 565/2392/640
f 559/2393/641 560/2394/641 561/2395/641 562/2396/641
f 576/2397/642 574/2398/642 529/2399/642 530/2400/642
f 577/2401/643 575/2402/643 574/2403/643 576/2404/643
f 578/2405/644 576/2406/644 530/2407/644 520/2408/644
f 579/2409/645 577/2410/645 576/2411/645 578/2412/645
f 580/2413/646 578/2414/646 520/2415/646 547/2416/646
f 581/2417/647 579/2418/647 578/2419/647 580/2420/647
f 582/2421/648 580/2422/648 547/2423/648 543/2424/648
f 583/2425/649 581/2426/649 580/2427/649 582/2428/649
f 584/2429/650 582/2430/650 543/2431/650 531/2432/650
f 585/2433/651 583/2434/651 582/2435/651 584/2436/651
f 586/2437/652 584/2438/652 531/2439/652 539/2440/652
f 587/2441/653 585/2442/653 584/2443/653 586/2444/653
f 588/2445/654 586/2446/654 539/2447/654 538/2448/654
f 589/2449/655 587/2450/655 586/2451/655 588/2452/655
f 590/2453/656 588/2454/656 538/2455/656 522/2456/656
f 591/2457/657 589/2458/657 588/2459/657 590/2460/657
f 597/2461/658 595/2462/658 594/2463/658 596/2464/658
f 599/2465/659 597/2466/659 596/2467/659 598/2468/659
f 601/2469/660 599/2470/660 598/2471/660 600/2472/660
f 603/2473/661 601/2474/661 600/2475/661 602/2476/661
f 605/2477/662 607/2478/662 606/2479/662 604/2480/662
f 607/2481/663 609/2482/663 608/2483/663 606/2484/663
f 609/2485/664 611/2486/664 610/2487/664 608/2488/664
f 611/2489/665 613/2490/665 612/2491/665 610/2492/665
f 521/2493/666 617/2494/666 618/2495/666 615/2496/666
f 562/2497/667 561/2498/667 528/2499/667 526/2500/667
f 595/2501/668 597/2502/668 527/2503/668 526/2504/668
f 624/2505/669 595/2506/669 526/2507/669 525/2508/669
f 525/2509/670 526/2510/670 528/2511/670 524/2512/670
f 522/2513/671 523/2514/671 524/2515/671 525/2516/671
f 603/2517/672 592/2518/672 525/2519/672 559/2520/672
f 605/2521/673 624/2522/673 525/2523/673 535/2524/673
f 536/2525/674 535/2526/674 525/2527/674 524/2528/674
f 560/2529/675 559/2530/675 525/2531/675 524/2532/675
f 527/2533/676 569/2534/676 565/2535/676 566/2536/676
f 567/2537/677 568/2538/677 569/2539/677 527/2540/677
f 597/2541/678 599/2542/678 567/2543/678 527/2544/678
f 592/2545/679 590/2546/679 522/2547/679 525/2548/679
f 593/2549/680 591/2550/680 590/2551/680 592/2552/680
f 595/2553/681 624/2554/681 623/2555/681 594/2556/681
f 592/2557/682 603/2558/682 602/2559/682 593/2560/682
f 624/2561/683 605/2562/683 604/2563/683 623/2564/683
f 613/2565/684 615/2566/684 614/2567/684 612/2568/684
f 615/2569/685 619/2570/685 620/2571/685 614/2572/685
f 627/2573/686 625/2574/686 626/2575/686 628/2576/686
f 630/2577/687 629/2578/687 625/2579/687 627/2580/687
f 629/2581/688 630/2582/688 631/2583/688 632/2584/688
f 628/2585/689 626/2586/689 521/2587/689 529/2588/689
f 634/2589/690 633/2590/690 627/2591/690 628/2592/690
f 635/2593/691 634/2594/691 628/2595/691 529/2596/691
f 636/2597/692 635/2598/692 529/2599/692 574/2600/692
f 633/2601/693 636/2602/693 574/2603/693 627/2604/693
f 638/2605/694 637/2606/694 630/2607/694 627/2608/694
f 639/2609/695 638/2610/695 627/2611/695 574/2612/695
f 640/2613/696 639/2614/696 574/2615/696 575/2616/696
f 635/2617/697 643/2618/697 641/2619/697 634/2620/697
f 634/2621/698 641/2622/698 642/2623/698 633/2624/698
f 633/2625/699 642/2626/699 644/2627/699 636/2628/699
f 636/2629/700 644/2630/700 643/2631/700 635/2632/700
f 639/2633/701 647/2634/701 645/2635/701 638/2636/701
f 638/2637/702 645/2638/702 646/2639/702 637/2640/702
f 640/2641/703 648/2642/703 647/2643/703 639/2644/703
f 650/2645/704 652/2646/704 651/2647/704 649/2648/704
f 616/2649/705 650/2650/705 649/2651/705 631/2652/705
f 631/2653/706 630/2654/706 575/2655/706 616/2656/706
f 637/2657/707 640/2658/707 575/2659/707 630/2660/707