# Made in Blockbench 5.1.4
mtllib station_fromt.mtl

o mesh
v 1.75 0.125 0.75
v 1.75 0.125 -0.75
v 1.75 0 0.75
v 1.75 0 -0.75
v 1.665 0.125 0.66
v 1.665 0.125 -0.66
v 1.665 0.171875 0.66
v 1.665 0.171875 -0.66
v -1.75 0.125 0.75
v -1.75 0.125 -0.75
v -1.75 0 0.75
v -1.75 0 -0.75
v -1.665 0.125 0.66
v -1.665 0.125 -0.66
v -1.665 0.171875 0.66
v -1.665 0.171875 -0.66
vt 0 0.4453125
vt 0.4140625 0.4453125
vt 0.4140625 0.609375
vt 0 0.609375
vt 0.4375 0.8125
vt 0.4375 1
vt 0 1
vt 0 0.8125
vt 0.859375 0.59375
vt 0.859375 0.609375
vt 0.421875 0.609375
vt 0.421875 0.59375
vt 0.859375 0.5859375
vt 0.421875 0.5859375
vt 0.421875 0.5703125
vt 0.859375 0.5703125
vt 0.426875 0.6284375
vt 0.010624999999999996 0.6284375
vt 0 0.6171875
vt 0.4375 0.6171875
vt 0.010624999999999996 0.7934374999999998
vt 0.426875 0.7934375
vt 0.4375 0.8046875
vt 0 0.8046874999999998
vt 0.8359375 0.5625
vt 0.421875 0.5625
vt 0.421875 0.5546875
vt 0.8359375 0.5546875
vt 0.859375 1
vt 0.4453125 1
vt 0.4453125 0.9921875
vt 0.859375 0.9921875
vt 0.2109375 0.78125
vt 0.0234375 0.78125
vt 0.0234375 0.765625
vt 0.2109375 0.765625
vt 0.426875 0.7934375
vt 0.426875 0.6284375
vt 0.4375 0.6171875
vt 0.4375 0.8046875
vt 0.1875 0.7578125
vt 0.0234375 0.7578125
vt 0.0234375 0.75
vt 0.1875 0.75
vt 0.40625 0.765625
vt 0.40625 0.78125
vt 0.21875 0.78125
vt 0.21875 0.765625
vt 0 0.6171875
vt 0.010624999999999996 0.6284375
vt 0.010624999999999996 0.7934375
vt 0 0.8046875
vt 0.359375 0.75
vt 0.359375 0.7578125
vt 0.1953125 0.7578125
vt 0.1953125 0.75
vn 0 1 0
vn 0 -1 0
vn 0 0 1
vn 0 0 -1
vn 0 1 0
vn 0 1 0
vn 0 0 1
vn 0 0 -1
vn 1 0 0
vn 0 1 0
vn 1 0 0
vn -1 0 0
vn 0 1 0
vn -1 0 0
usemtl m_387c8b86-fad2-0279-de81-dcf23bfb369a
f 15/1/1 7/2/1 8/3/1 16/4/1
f 4/5/2 3/6/2 11/7/2 12/8/2
f 3/9/3 1/10/3 9/11/3 11/12/3
f 10/13/4 2/14/4 4/15/4 12/16/4
f 5/17/5 13/18/5 9/19/5 1/20/5
f 14/21/6 6/22/6 2/23/6 10/24/6
f 7/25/7 15/26/7 13/27/7 5/28/7
f 16/29/8 8/30/8 6/31/8 14/32/8
f 2/33/9 1/34/9 3/35/9 4/36/9
f 6/37/10 5/38/10 1/39/10 2/40/10
f 8/41/11 7/42/11 5/43/11 6/44/11
f 11/45/12 9/46/12 10/47/12 12/48/12
f 9/49/13 13/50/13 14/51/13 10/52/13
f 13/53/14 15/54/14 16/55/14 14/56/14
o mesh
v 1.4375 1.015625 0.40625
v 1.4375 1.015625 -0.09375
v 1.4375 0.171875 0.40625
v 1.4375 0.171875 -0.09375
v 1.279375 0.92234375 -0.09375
v 1.279375 0.17140624999999998 -0.09375
v 1.279375 0.92234375 -0.03125
v 1.279375 0.17140624999999998 -0.03125
v -1.4375 1.015625 0.40625
v -1.4375 1.015625 -0.09375
v -1.4375 0.171875 0.40625
v -1.4375 0.171875 -0.09375
v -1.279375 0.92234375 -0.09375
v -1.279375 0.17140624999999998 -0.09375
v -1.279375 0.92234375 -0.03125
v -1.279375 0.17140624999999998 -0.03125
vt 0.390625 0.625
vt 0.328125 0.625
vt 0.328125 0.515625
vt 0.390625 0.515625
vt 0.328125 0.703125
vt 0.6875 0.703125
vt 0.6875 0.765625
vt 0.328125 0.765625
vt 0.359375 0.890625
vt 0.359375 1
vt 0 1
vt 0 0.890625
vt 0.3203125 0.765625
vt 0 0.765625
vt 0 0.671875
vt 0.3203125 0.671875
vt 0.019765625 0.87115234375
vt 0.339609375 0.87115234375
vt 0.359375 0.8828125
vt 0 0.8828125
vt 0.019765625 0.77728515625
vt 0.019765625 0.87115234375
vt 0 0.8828125
vt 0 0.77734375
vt 0.386953125 0.7890625
vt 0.706796875 0.7890625
vt 0.7265625 0.796875
vt 0.3671875 0.796875
vt 0.3203125 0.578125
vt 0 0.578125
vt 0 0.5703125
vt 0.3203125 0.5703125
vt 0.0078125 0.4375
vt 0.0078125 0.53125
vt 0 0.53125
vt 0 0.4375
vt 0.4609375 0.515625
vt 0.4609375 0.625
vt 0.3984375 0.625
vt 0.3984375 0.515625
vt 0.359375 0.8828125
vt 0.339609375 0.87115234375
vt 0.339609375 0.77728515625
vt 0.359375 0.77734375
vt 0.0234375 0.53125
vt 0.015625 0.53125
vt 0.015625 0.4375
vt 0.0234375 0.4375
vn 1 0 0
vn 0 1 0
vn 0 0 1
vn 0 0 -1
vn 0 0 -1
vn 0 0 -1
vn 0 0 1
vn 0 -1 0
vn -1 0 0
vn -1 0 0
vn 0 0 -1
vn 1 0 0
usemtl m_59f9877f-47fe-f37c-5027-2bf74e8d3398
f 18/57/15 17/58/15 19/59/15 20/60/15
f 25/61/16 17/62/16 18/63/16 26/64/16
f 19/65/17 17/66/17 25/67/17 27/68/17
f 31/69/18 23/70/18 24/71/18 32/72/18
f 21/73/19 29/74/19 26/75/19 18/76/19
f 22/77/20 21/78/20 18/79/20 20/80/20
f 30/81/21 22/82/21 20/83/21 28/84/21
f 23/85/22 31/86/22 29/87/22 21/88/22
f 24/89/23 23/90/23 21/91/23 22/92/23
f 27/93/24 25/94/24 26/95/24 28/96/24
f 26/97/25 29/98/25 30/99/25 28/100/25
f 29/101/26 31/102/26 32/103/26 30/104/26
o mesh
v 1.25 1.40625 0.375
v 1.25 1.40625 -0.0625
v 1.25 1.0625 0.375
v 1.25 1.0625 -0.0625
v 1.18125 1.40625 0.3246875
v 1.18125 1.40625 -0.01218749999999999
v 1.18125 1.34375 0.3246875
v 1.18125 1.34375 -0.01218749999999999
v 1.25 1.38169625 -0.0625
v 1.25 1.38169625 0.375
v 1.25 1.3158462499999999 -0.0625
v 1.25 1.3158462499999999 0.375
v 1.27667375 1.3158462499999999 0.40167375
v 1.27667375 1.38169625 0.40167375
v 1.27667375 1.3158462499999999 -0.08917375
v 1.27667375 1.38169625 -0.08917375
v -1.25 1.40625 0.375
v -1.25 1.40625 -0.0625
v -1.25 1.0625 0.375
v -1.25 1.0625 -0.0625
v -1.18125 1.40625 0.3246875
v -1.18125 1.40625 -0.01218749999999999
v -1.18125 1.34375 0.3246875
v -1.18125 1.34375 -0.01218749999999999
v -1.25 1.38169625 -0.0625
v -1.25 1.38169625 0.375
v -1.25 1.3158462499999999 -0.0625
v -1.25 1.3158462499999999 0.375
v -1.27667375 1.3158462499999999 0.40167375
v -1.27667375 1.38169625 0.40167375
v -1.27667375 1.3158462499999999 -0.08917375
v -1.27667375 1.38169625 -0.08917375
vt 0.171875 0.78125
vt 0.171875 0.7734375
vt 0.2265625 0.7734375
vt 0.2265625 0.78125
vt 0.03125 0.8203125
vt 0.328125 0.8203125
vt 0.328125 0.859375
vt 0.03125 0.859375
vt 0.6796875 0.9453125
vt 0.6796875 1
vt 0.3671875 1
vt 0.3671875 0.9453125
vt 0 0.5625
vt 0 0.5546875
vt 0.3125 0.5546875
vt 0.3125 0.5625
vt 0 0.546875
vt 0 0.5390625
vt 0.3125 0.5390625
vt 0.3125 0.546875
vt 0.67109375 0.8891015625
vt 0.37578125 0.8891015625
vt 0.3671875 0.8828125
vt 0.6796875 0.8828125
vt 0.67109375 0.9312109375
vt 0.67109375 0.8891015625
vt 0.6796875 0.8828125
vt 0.6796875 0.9375
vt 0.37578125 0.9312109375
vt 0.67109375 0.9312109375
vt 0.6796875 0.9375
vt 0.3671875 0.9375
vt 0.03125 0.8046875
vt 0.328125 0.8046875
vt 0.328125 0.8125
vt 0.03125 0.8125
vt 0.078125 0.640625
vt 0.1171875 0.640625
vt 0.1171875 0.6484375
vt 0.078125 0.6484375
vt 0.03125 0.7890625
vt 0.328125 0.7890625
vt 0.328125 0.796875
vt 0.03125 0.796875
vt 0.3671875 0.78125
vt 0.3671875 0.7734375
vt 0.6875 0.7734375
vt 0.6875 0.78125
vt 0.03125 0.78125
vt 0.03125 0.7734375
vt 0.09375 0.7734375
vt 0.09375 0.78125
vt 0 0.59375
vt 0 0.5859375
vt 0.3203125 0.5859375
vt 0.3203125 0.59375
vt 0.6796875 0.84375
vt 0.6796875 0.875
vt 0.3671875 0.875
vt 0.3671875 0.84375
vt 0.3984375 0.6484375
vt 0.3984375 0.6796875
vt 0.34375 0.6796875
vt 0.34375 0.6484375
vt 0.6796875 0.8046875
vt 0.6796875 0.8359375
vt 0.3671875 0.8359375
vt 0.3671875 0.8046875
vt 0.647865625 0.69416875
vt 0.328696875 0.69416875
vt 0.33203125 0.690834375
vt 0.64453125 0.690834375
vt 0.000571875 0.60270625
vt 0.319740625 0.60270625
vt 0.31640625 0.606040625
vt 0.00390625 0.606040625
vt 0.647865625 0.6328125
vt 0.647865625 0.69416875
vt 0.64453125 0.690834375
vt 0.64453125 0.636146875
vt 0.319740625 0.60270625
vt 0.319740625 0.6640625
vt 0.31640625 0.660728125
vt 0.31640625 0.606040625
vt 0.328696875 0.6328125
vt 0.647865625 0.6328125
vt 0.64453125 0.636146875
vt 0.33203125 0.636146875
vt 0.319740625 0.6640625
vt 0.000571875 0.6640625
vt 0.00390625 0.660728125
vt 0.31640625 0.660728125
vt 0.234375 0.7734375
vt 0.2890625 0.7734375
vt 0.2890625 0.78125
vt 0.234375 0.78125
vt 0.3671875 0.8828125
vt 0.37578125 0.8891015625
vt 0.37578125 0.9312109375
vt 0.3671875 0.9375
vt 0.125 0.6484375
vt 0.125 0.640625
vt 0.1640625 0.640625
vt 0.1640625 0.6484375
vt 0.1015625 0.7734375
vt 0.1640625 0.7734375
vt 0.1640625 0.78125
vt 0.1015625 0.78125
vt 0.0703125 0.6484375
vt 0.015625 0.6484375
vt 0.015625 0.6171875
vt 0.0703125 0.6171875
vt 0.33203125 0.690834375
vt 0.328696875 0.69416875
vt 0.328696875 0.6328125
vt 0.33203125 0.636146875
vt 0.00390625 0.660728125
vt 0.000571875 0.6640625
vt 0.000571875 0.60270625
vt 0.00390625 0.606040625
vn 1 0 0
vn 0 1 0
vn 0 -1 0
vn 0 0 1
vn 0 0 -1
vn 0 1 0
vn 0 1 0
vn 0 1 0
vn 0 0 -1
vn -1 0 0
vn 0 0 1
vn 0 0 -1
vn 1 0 0
vn 0 0 1
vn 0 0 -1
vn 1 0 0
vn 0 0 1
vn 0 -1 0
vn 0 1 0
vn 0 -1 0
vn 0 1 0
vn 0 -1 0
vn 0 1 0
vn -1 0 0
vn 0 1 0
vn 1 0 0
vn -1 0 0
vn -1 0 0
vn 0 -1 0
vn 0 1 0
usemtl m_59f9877f-47fe-f37c-5027-2bf74e8d3398
f 33/105/27 42/106/27 41/107/27 34/108/27
f 55/109/28 39/110/28 40/111/28 56/112/28
f 36/113/29 35/114/29 51/115/29 52/116/29
f 49/117/30 58/118/30 42/119/30 33/120/30
f 34/121/31 41/122/31 57/123/31 50/124/31
f 37/125/32 53/126/32 49/127/32 33/128/32
f 38/129/33 37/130/33 33/131/33 34/132/33
f 54/133/34 38/134/34 34/135/34 50/136/34
f 39/137/35 55/138/35 53/139/35 37/140/35
f 40/141/36 39/142/36 37/143/36 38/144/36
f 56/145/37 40/146/37 38/147/37 54/148/37
f 48/149/38 47/150/38 63/151/38 64/152/38
f 46/153/39 45/154/39 47/155/39 48/156/39
f 62/157/40 61/158/40 45/159/40 46/160/40
f 52/161/41 59/162/41 43/163/41 36/164/41
f 36/165/42 43/166/42 44/167/42 35/168/42
f 35/169/43 44/170/43 60/171/43 51/172/43
f 45/173/44 61/174/44 60/175/44 44/176/44
f 62/177/45 46/178/45 42/179/45 58/180/45
f 47/181/46 45/182/46 44/183/46 43/184/46
f 46/185/47 48/186/47 41/187/47 42/188/47
f 63/189/48 47/190/48 43/191/48 59/192/48
f 48/193/49 64/194/49 57/195/49 41/196/49
f 57/197/50 58/198/50 49/199/50 50/200/50
f 49/201/51 53/202/51 54/203/51 50/204/51
f 53/205/52 55/206/52 56/207/52 54/208/52
f 63/209/53 61/210/53 62/211/53 64/212/53
f 60/213/54 59/214/54 52/215/54 51/216/54
f 60/217/55 61/218/55 63/219/55 59/220/55
f 57/221/56 64/222/56 62/223/56 58/224/56
o mesh
v 0.125 1.625 0.328125
v 0.125 1.625 0.078125
v 0.125 1.3125 0.328125
v 0.125 1.3125 0.078125
v 0.0875 1.625 0.290625
v 0.0875 1.625 0.115625
v 0.0875 1.5625 0.290625
v 0.0875 1.5625 0.115625
v 0.125 1.515625 0.328125
v 0.125 1.515625 0.078125
v 0.158145625 1.515625 0.04497937499999999
v 0.158145625 1.515625 0.361270625
v 0.158145625 1.625 0.361270625
v 0.158145625 1.625 0.04497937499999999
v -0.125 1.625 0.328125
v -0.125 1.625 0.078125
v -0.125 1.3125 0.328125
v -0.125 1.3125 0.078125
v -0.0875 1.625 0.290625
v -0.0875 1.625 0.115625
v -0.0875 1.5625 0.290625
v -0.0875 1.5625 0.115625
v -0.125 1.515625 0.328125
v -0.125 1.515625 0.078125
v -0.158145625 1.515625 0.04497937499999999
v -0.158145625 1.515625 0.361270625
v -0.158145625 1.625 0.361270625
v -0.158145625 1.625 0.04497937499999999
vt 0.375 0.46875
vt 0.46875 0.46875
vt 0.46875 0.5625
vt 0.375 0.5625
vt 0.34375 0.875
vt 0.34375 1
vt 0.21875 1
vt 0.21875 0.875
vt 0.375 0.75
vt 0.375 0.6875
vt 0.53125 0.6875
vt 0.53125 0.75
vt 0.375 0.65625
vt 0.375 0.59375
vt 0.53125 0.59375
vt 0.53125 0.65625
vt 0.1375 0.877178125
vt 0.05 0.877178125
vt 0.03125 0.858428125
vt 0.15625 0.858428125
vt 0.05 0.964678125
vt 0.1375 0.964678125
vt 0.15625 0.983428125
vt 0.03125 0.983428125
vt 0.5 0.53125
vt 0.59375 0.53125
vt 0.59375 0.5625
vt 0.5 0.5625
vt 0.5 0.46875
vt 0.59375 0.46875
vt 0.59375 0.5
vt 0.5 0.5
vt 0.34375 0.75
vt 0.34375 0.84375
vt 0.21875 0.84375
vt 0.21875 0.75
vt 0.34375 0.625
vt 0.34375 0.71875
vt 0.21875 0.71875
vt 0.21875 0.625
vt 0 0.5
vt 0.15625 0.5
vt 0.15625 0.5625
vt 0 0.5625
vt 0.15625 0.983428125
vt 0.1375 0.964678125
vt 0.1375 0.877178125
vt 0.15625 0.858428125
vt 0 0.46875
vt 0 0.4375
vt 0.09375 0.4375
vt 0.09375 0.46875
vt 0.5 1
vt 0.375 1
vt 0.375 0.90625
vt 0.5 0.90625
vt 0.172821875 0.75189375
vt 0.014678125 0.75189375
vt 0.03125 0.735321875
vt 0.15625 0.735321875
vt 0.014678125 0.84185625
vt 0.172821875 0.84185625
vt 0.15625 0.858428125
vt 0.03125 0.858428125
vt 0.172821875 0.59375
vt 0.172821875 0.75189375
vt 0.15625 0.735321875
vt 0.15625 0.610321875
vt 0.172821875 0.84185625
vt 0.172821875 1
vt 0.15625 0.983428125
vt 0.15625 0.858428125
vt 0.014678125 0.59375
vt 0.172821875 0.59375
vt 0.15625 0.610321875
vt 0.03125 0.610321875
vt 0.172821875 1
vt 0.014678125 1
vt 0.03125 0.983428125
vt 0.15625 0.983428125
vt 0.1875 0.5625
vt 0.1875 0.5
vt 0.34375 0.5
vt 0.34375 0.5625
vt 0.05 0.877178125
vt 0.05 0.964678125
vt 0.03125 0.983428125
vt 0.03125 0.858428125
vt 0.53125 0.96875
vt 0.625 0.96875
vt 0.625 1
vt 0.53125 1
vt 0.5 0.78125
vt 0.5 0.875
vt 0.375 0.875
vt 0.375 0.78125
vt 0.03125 0.735321875
vt 0.014678125 0.75189375
vt 0.014678125 0.59375
vt 0.03125 0.610321875
vt 0.03125 0.983428125
vt 0.014678125 1
vt 0.014678125 0.84185625
vt 0.03125 0.858428125
vn 0 1 0
vn 0 -1 0
vn 0 0 1
vn 0 0 -1
vn 0 1 0
vn 0 1 0
vn 0 0 -1
vn 0 0 1
vn 0 0 -1
vn 0 0 1
vn 1 0 0
vn 0 1 0
vn -1 0 0
vn 1 0 0
vn 0 -1 0
vn 0 1 0
vn 0 -1 0
vn 0 1 0
vn 0 -1 0
vn 0 1 0
vn -1 0 0
vn 0 1 0
vn 1 0 0
vn -1 0 0
vn 0 -1 0
vn 0 1 0
usemtl m_0856db48-20ae-1404-987d-85afdfd6143a
f 85/225/57 71/226/57 72/227/57 86/228/57
f 68/229/58 67/230/58 81/231/58 82/232/58
f 91/233/59 90/234/59 76/235/59 77/236/59
f 78/237/60 75/238/60 89/239/60 92/240/60
f 69/241/61 83/242/61 79/243/61 65/244/61
f 84/245/62 70/246/62 66/247/62 80/248/62
f 71/249/63 85/250/63 83/251/63 69/252/63
f 86/253/64 72/254/64 70/255/64 84/256/64
f 82/257/65 88/258/65 74/259/65 68/260/65
f 67/261/66 73/262/66 87/263/66 81/264/66
f 76/265/67 75/266/67 78/267/67 77/268/67
f 66/269/68 70/270/68 69/271/68 65/272/68
f 70/273/69 72/274/69 71/275/69 69/276/69
f 74/277/70 73/278/70 67/279/70 68/280/70
f 76/281/71 90/282/71 87/283/71 73/284/71
f 91/285/72 77/286/72 65/287/72 79/288/72
f 75/289/73 76/290/73 73/291/73 74/292/73
f 77/293/74 78/294/74 66/295/74 65/296/74
f 89/297/75 75/298/75 74/299/75 88/300/75
f 78/301/76 92/302/76 80/303/76 66/304/76
f 92/305/77 89/306/77 90/307/77 91/308/77
f 83/309/78 84/310/78 80/311/78 79/312/78
f 85/313/79 86/314/79 84/315/79 83/316/79
f 81/317/80 87/318/80 88/319/80 82/320/80
f 87/321/81 90/322/81 89/323/81 88/324/81
f 80/325/82 92/326/82 91/327/82 79/328/82
o mesh
v 0.75 0.296875 -0.34375
v 0.75 0.296875 -0.46875
v 0.75 0.171875 -0.34375
v 0.75 0.171875 -0.46875
v 0.625 0.296875 -0.34375
v 0.625 0.296875 -0.46875
v 0.625 0.171875 -0.34375
v 0.625 0.171875 -0.46875
v 0.734375 0.296875 -0.453125
v 0.734375 0.296875 -0.359375
v 0.640625 0.296875 -0.359375
v 0.640625 0.296875 -0.453125
v 0.734375 0.796875 -0.453125
v 0.734375 0.796875 -0.359375
v 0.640625 0.796875 -0.359375
v 0.640625 0.796875 -0.453125
v 0.75 0.796875 -0.46875
v 0.75 0.796875 -0.34375
v 0.625 0.796875 -0.34375
v 0.625 0.796875 -0.46875
v 0.75 0.921875 -0.46875
v 0.75 0.921875 -0.34375
v 0.625 0.921875 -0.34375
v 0.625 0.921875 -0.46875
vt 0.5 0.578125
vt 0.46875 0.578125
vt 0.46875 0.546875
vt 0.5 0.546875
vt 0.5 0.5
vt 0.5 0.53125
vt 0.46875 0.53125
vt 0.46875 0.5
vt 0.515625 0.96875
vt 0.546875 0.96875
vt 0.546875 1
vt 0.515625 1
vt 0.078125 0.453125
vt 0.078125 0.484375
vt 0.046875 0.484375
vt 0.046875 0.453125
vt 0.546875 0.921875
vt 0.546875 0.953125
vt 0.515625 0.953125
vt 0.515625 0.921875
vt 0.125 0.484375
vt 0.09375 0.484375
vt 0.09375 0.453125
vt 0.125 0.453125
vt 0.546875 0.90625
vt 0.54296875 0.90234375
vt 0.54296875 0.87890625
vt 0.546875 0.875
vt 0.546875 0.875
vt 0.54296875 0.87890625
vt 0.51953125 0.87890625
vt 0.515625 0.875
vt 0.515625 0.875
vt 0.51953125 0.87890625
vt 0.51953125 0.90234375
vt 0.515625 0.90625
vt 0.515625 0.90625
vt 0.51953125 0.90234375
vt 0.54296875 0.90234375
vt 0.546875 0.90625
vt 0.03125 0.59375
vt 0.03125 0.71875
vt 0 0.71875
vt 0 0.59375
vt 0.3125 0.875
vt 0.3125 1
vt 0.28125 1
vt 0.28125 0.875
vt 0.078125 0.59375
vt 0.078125 0.71875
vt 0.046875 0.71875
vt 0.046875 0.59375
vt 0.125 0.59375
vt 0.125 0.71875
vt 0.09375 0.71875
vt 0.09375 0.59375
vt 0.16796875 0.45703125
vt 0.171875 0.453125
vt 0.171875 0.484375
vt 0.16796875 0.48046875
vt 0.16796875 0.48046875
vt 0.171875 0.484375
vt 0.140625 0.484375
vt 0.14453125 0.48046875
vt 0.14453125 0.48046875
vt 0.140625 0.484375
vt 0.140625 0.453125
vt 0.14453125 0.45703125
vt 0.14453125 0.45703125
vt 0.140625 0.453125
vt 0.171875 0.453125
vt 0.16796875 0.45703125
vt 0.546875 0.828125
vt 0.546875 0.859375
vt 0.515625 0.859375
vt 0.515625 0.828125
vt 0.21875 0.453125
vt 0.21875 0.484375
vt 0.1875 0.484375
vt 0.1875 0.453125
vt 0.546875 0.78125
vt 0.546875 0.8125
vt 0.515625 0.8125
vt 0.515625 0.78125
vt 0.265625 0.453125
vt 0.265625 0.484375
vt 0.234375 0.484375
vt 0.234375 0.453125
vn 1 0 0
vn -1 0 0
vn 0 1 0
vn 0 -1 0
vn 0 0 1
vn 0 0 -1
vn 0 1 0
vn 0 1 0
vn 0 1 0
vn 0 1 0
vn 1 0 0
vn 0 0 1
vn -1 0 0
vn 0 0 -1
vn 0 -1 0
vn 0 -1 0
vn 0 -1 0
vn 0 -1 0
vn 1 0 0
vn 0 0 1
vn -1 0 0
vn 0 0 -1
usemtl m_588ead83-dc9c-8ea9-80b7-13eeb01f04f2
f 94/329/83 93/330/83 95/331/83 96/332/83
f 99/333/84 97/334/84 98/335/84 100/336/84
f 115/337/85 114/338/85 113/339/85 116/340/85
f 96/341/86 95/342/86 99/343/86 100/344/86
f 95/345/87 93/346/87 97/347/87 99/348/87
f 98/349/88 94/350/88 96/351/88 100/352/88
f 94/353/89 101/354/89 102/355/89 93/356/89
f 93/357/90 102/358/90 103/359/90 97/360/90
f 97/361/91 103/362/91 104/363/91 98/364/91
f 98/365/92 104/366/92 101/367/92 94/368/92
f 101/369/93 105/370/93 106/371/93 102/372/93
f 102/373/94 106/374/94 107/375/94 103/376/94
f 103/377/95 107/378/95 108/379/95 104/380/95
f 104/381/96 108/382/96 105/383/96 101/384/96
f 105/385/97 109/386/97 110/387/97 106/388/97
f 106/389/98 110/390/98 111/391/98 107/392/98
f 107/393/99 111/394/99 112/395/99 108/396/99
f 108/397/100 112/398/100 109/399/100 105/400/100
f 109/401/101 113/402/101 114/403/101 110/404/101
f 110/405/102 114/406/102 115/407/102 111/408/102
f 111/409/103 115/410/103 116/411/103 112/412/103
f 112/413/104 116/414/104 113/415/104 109/416/104
o mesh
v 0.0625 0.296875 -0.34375
v 0.0625 0.296875 -0.46875
v 0.0625 0.171875 -0.34375
v 0.0625 0.171875 -0.46875
v -0.0625 0.296875 -0.34375
v -0.0625 0.296875 -0.46875
v -0.0625 0.171875 -0.34375
v -0.0625 0.171875 -0.46875
v 0.046875 0.296875 -0.453125
v 0.046875 0.296875 -0.359375
v -0.046875 0.296875 -0.359375
v -0.046875 0.296875 -0.453125
v 0.046875 0.796875 -0.453125
v 0.046875 0.796875 -0.359375
v -0.046875 0.796875 -0.359375
v -0.046875 0.796875 -0.453125
v 0.0625 0.796875 -0.46875
v 0.0625 0.796875 -0.34375
v -0.0625 0.796875 -0.34375
v -0.0625 0.796875 -0.46875
v 0.0625 0.921875 -0.46875
v 0.0625 0.921875 -0.34375
v -0.0625 0.921875 -0.34375
v -0.0625 0.921875 -0.46875
vt 0.546875 0.765625
vt 0.515625 0.765625
vt 0.515625 0.734375
vt 0.546875 0.734375
vt 0.3125 0.453125
vt 0.3125 0.484375
vt 0.28125 0.484375
vt 0.28125 0.453125
vt 0.515625 0.6875
vt 0.546875 0.6875
vt 0.546875 0.71875
vt 0.515625 0.71875
vt 0.359375 0.453125
vt 0.359375 0.484375
vt 0.328125 0.484375
vt 0.328125 0.453125
vt 0.546875 0.640625
vt 0.546875 0.671875
vt 0.515625 0.671875
vt 0.515625 0.640625
vt 0.40625 0.484375
vt 0.375 0.484375
vt 0.375 0.453125
vt 0.40625 0.453125
vt 0.546875 0.625
vt 0.54296875 0.62109375
vt 0.54296875 0.59765625
vt 0.546875 0.59375
vt 0.546875 0.59375
vt 0.54296875 0.59765625
vt 0.51953125 0.59765625
vt 0.515625 0.59375
vt 0.515625 0.59375
vt 0.51953125 0.59765625
vt 0.51953125 0.62109375
vt 0.515625 0.625
vt 0.515625 0.625
vt 0.51953125 0.62109375
vt 0.54296875 0.62109375
vt 0.546875 0.625
vt 0.171875 0.59375
vt 0.171875 0.71875
vt 0.140625 0.71875
vt 0.140625 0.59375
vt 0.3125 0.734375
vt 0.3125 0.859375
vt 0.28125 0.859375
vt 0.28125 0.734375
vt 0.21875 0.59375
vt 0.21875 0.71875
vt 0.1875 0.71875
vt 0.1875 0.59375
vt 0.265625 0.59375
vt 0.265625 0.71875
vt 0.234375 0.71875
vt 0.234375 0.59375
vt 0.44921875 0.45703125
vt 0.453125 0.453125
vt 0.453125 0.484375
vt 0.44921875 0.48046875
vt 0.44921875 0.48046875
vt 0.453125 0.484375
vt 0.421875 0.484375
vt 0.42578125 0.48046875
vt 0.42578125 0.48046875
vt 0.421875 0.484375
vt 0.421875 0.453125
vt 0.42578125 0.45703125
vt 0.42578125 0.45703125
vt 0.421875 0.453125
vt 0.453125 0.453125
vt 0.44921875 0.45703125
vt 0.546875 0.546875
vt 0.546875 0.578125
vt 0.515625 0.578125
vt 0.515625 0.546875
vt 0.5 0.453125
vt 0.5 0.484375
vt 0.46875 0.484375
vt 0.46875 0.453125
vt 0.546875 0.5
vt 0.546875 0.53125
vt 0.515625 0.53125
vt 0.515625 0.5
vt 0.546875 0.453125
vt 0.546875 0.484375
vt 0.515625 0.484375
vt 0.515625 0.453125
vn 1 0 0
vn -1 0 0
vn 0 1 0
vn 0 -1 0
vn 0 0 1
vn 0 0 -1
vn 0 1 0
vn 0 1 0
vn 0 1 0
vn 0 1 0
vn 1 0 0
vn 0 0 1
vn -1 0 0
vn 0 0 -1
vn 0 -1 0
vn 0 -1 0
vn 0 -1 0
vn 0 -1 0
vn 1 0 0
vn 0 0 1
vn -1 0 0
vn 0 0 -1
usemtl m_588ead83-dc9c-8ea9-80b7-13eeb01f04f2
f 118/417/105 117/418/105 119/419/105 120/420/105
f 123/421/106 121/422/106 122/423/106 124/424/106
f 139/425/107 138/426/107 137/427/107 140/428/107
f 120/429/108 119/430/108 123/431/108 124/432/108
f 119/433/109 117/434/109 121/435/109 123/436/109
f 122/437/110 118/438/110 120/439/110 124/440/110
f 118/441/111 125/442/111 126/443/111 117/444/111
f 117/445/112 126/446/112 127/447/112 121/448/112
f 121/449/113 127/450/113 128/451/113 122/452/113
f 122/453/114 128/454/114 125/455/114 118/456/114
f 125/457/115 129/458/115 130/459/115 126/460/115
f 126/461/116 130/462/116 131/463/116 127/464/116
f 127/465/117 131/466/117 132/467/117 128/468/117
f 128/469/118 132/470/118 129/471/118 125/472/118
f 129/473/119 133/474/119 134/475/119 130/476/119
f 130/477/120 134/478/120 135/479/120 131/480/120
f 131/481/121 135/482/121 136/483/121 132/484/121
f 132/485/122 136/486/122 133/487/122 129/488/122
f 133/489/123 137/490/123 138/491/123 134/492/123
f 134/493/124 138/494/124 139/495/124 135/496/124
f 135/497/125 139/498/125 140/499/125 136/500/125
f 136/501/126 140/502/126 137/503/126 133/504/126
o mesh
v 1.4375 0.296875 -0.34375
v 1.4375 0.296875 -0.46875
v 1.4375 0.171875 -0.34375
v 1.4375 0.171875 -0.46875
v 1.3125 0.296875 -0.34375
v 1.3125 0.296875 -0.46875
v 1.3125 0.171875 -0.34375
v 1.3125 0.171875 -0.46875
v 1.421875 0.296875 -0.453125
v 1.421875 0.296875 -0.359375
v 1.328125 0.296875 -0.359375
v 1.328125 0.296875 -0.453125
v 1.421875 0.796875 -0.453125
v 1.421875 0.796875 -0.359375
v 1.328125 0.796875 -0.359375
v 1.328125 0.796875 -0.453125
v 1.4375 0.796875 -0.46875
v 1.4375 0.796875 -0.34375
v 1.3125 0.796875 -0.34375
v 1.3125 0.796875 -0.46875
v 1.4375 0.921875 -0.46875
v 1.4375 0.921875 -0.34375
v 1.3125 0.921875 -0.34375
v 1.3125 0.921875 -0.46875
vt 0.03125 0.4375
vt 0 0.4375
vt 0 0.40625
vt 0.03125 0.40625
vt 0.59375 0.96875
vt 0.59375 1
vt 0.5625 1
vt 0.5625 0.96875
vt 0.046875 0.40625
vt 0.078125 0.40625
vt 0.078125 0.4375
vt 0.046875 0.4375
vt 0.59375 0.921875
vt 0.59375 0.953125
vt 0.5625 0.953125
vt 0.5625 0.921875
vt 0.125 0.40625
vt 0.125 0.4375
vt 0.09375 0.4375
vt 0.09375 0.40625
vt 0.59375 0.90625
vt 0.5625 0.90625
vt 0.5625 0.875
vt 0.59375 0.875
vt 0.171875 0.4375
vt 0.16796875 0.43359375
vt 0.16796875 0.41015625
vt 0.171875 0.40625
vt 0.171875 0.40625
vt 0.16796875 0.41015625
vt 0.14453125 0.41015625
vt 0.140625 0.40625
vt 0.140625 0.40625
vt 0.14453125 0.41015625
vt 0.14453125 0.43359375
vt 0.140625 0.4375
vt 0.140625 0.4375
vt 0.14453125 0.43359375
vt 0.16796875 0.43359375
vt 0.171875 0.4375
vt 0.3125 0.59375
vt 0.3125 0.71875
vt 0.28125 0.71875
vt 0.28125 0.59375
vt 0.359375 0.875
vt 0.359375 1
vt 0.328125 1
vt 0.328125 0.875
vt 0.359375 0.734375
vt 0.359375 0.859375
vt 0.328125 0.859375
vt 0.328125 0.734375
vt 0.359375 0.59375
vt 0.359375 0.71875
vt 0.328125 0.71875
vt 0.328125 0.59375
vt 0.58984375 0.83203125
vt 0.59375 0.828125
vt 0.59375 0.859375
vt 0.58984375 0.85546875
vt 0.58984375 0.85546875
vt 0.59375 0.859375
vt 0.5625 0.859375
vt 0.56640625 0.85546875
vt 0.56640625 0.85546875
vt 0.5625 0.859375
vt 0.5625 0.828125
vt 0.56640625 0.83203125
vt 0.56640625 0.83203125
vt 0.5625 0.828125
vt 0.59375 0.828125
vt 0.58984375 0.83203125
vt 0.21875 0.40625
vt 0.21875 0.4375
vt 0.1875 0.4375
vt 0.1875 0.40625
vt 0.59375 0.78125
vt 0.59375 0.8125
vt 0.5625 0.8125
vt 0.5625 0.78125
vt 0.265625 0.40625
vt 0.265625 0.4375
vt 0.234375 0.4375
vt 0.234375 0.40625
vt 0.59375 0.734375
vt 0.59375 0.765625
vt 0.5625 0.765625
vt 0.5625 0.734375
vn 1 0 0
vn -1 0 0
vn 0 1 0
vn 0 -1 0
vn 0 0 1
vn 0 0 -1
vn 0 1 0
vn 0 1 0
vn 0 1 0
vn 0 1 0
vn 1 0 0
vn 0 0 1
vn -1 0 0
vn 0 0 -1
vn 0 -1 0
vn 0 -1 0
vn 0 -1 0
vn 0 -1 0
vn 1 0 0
vn 0 0 1
vn -1 0 0
vn 0 0 -1
usemtl m_588ead83-dc9c-8ea9-80b7-13eeb01f04f2
f 142/505/127 141/506/127 143/507/127 144/508/127
f 147/509/128 145/510/128 146/511/128 148/512/128
f 163/513/129 162/514/129 161/515/129 164/516/129
f 144/517/130 143/518/130 147/519/130 148/520/130
f 143/521/131 141/522/131 145/523/131 147/524/131
f 146/525/132 142/526/132 144/527/132 148/528/132
f 142/529/133 149/530/133 150/531/133 141/532/133
f 141/533/134 150/534/134 151/535/134 145/536/134
f 145/537/135 151/538/135 152/539/135 146/540/135
f 146/541/136 152/542/136 149/543/136 142/544/136
f 149/545/137 153/546/137 154/547/137 150/548/137
f 150/549/138 154/550/138 155/551/138 151/552/138
f 151/553/139 155/554/139 156/555/139 152/556/139
f 152/557/140 156/558/140 153/559/140 149/560/140
f 153/561/141 157/562/141 158/563/141 154/564/141
f 154/565/142 158/566/142 159/567/142 155/568/142
f 155/569/143 159/570/143 160/571/143 156/572/143
f 156/573/144 160/574/144 157/575/144 153/576/144
f 157/577/145 161/578/145 162/579/145 158/580/145
f 158/581/146 162/582/146 163/583/146 159/584/146
f 159/585/147 163/586/147 164/587/147 160/588/147
f 160/589/148 164/590/148 161/591/148 157/592/148
o mesh
v 1.4375 0.296875 0.65625
v 1.4375 0.296875 0.53125
v 1.4375 0.171875 0.65625
v 1.4375 0.171875 0.53125
v 1.3125 0.296875 0.65625
v 1.3125 0.296875 0.53125
v 1.3125 0.171875 0.65625
v 1.3125 0.171875 0.53125
v 1.421875 0.296875 0.546875
v 1.421875 0.296875 0.640625
v 1.328125 0.296875 0.640625
v 1.328125 0.296875 0.546875
v 1.421875 0.796875 0.546875
v 1.421875 0.796875 0.640625
v 1.328125 0.796875 0.640625
v 1.328125 0.796875 0.546875
v 1.4375 0.796875 0.53125
v 1.4375 0.796875 0.65625
v 1.3125 0.796875 0.65625
v 1.3125 0.796875 0.53125
v 1.4375 0.921875 0.53125
v 1.4375 0.921875 0.65625
v 1.3125 0.921875 0.65625
v 1.3125 0.921875 0.53125
vt 0.3125 0.4375
vt 0.28125 0.4375
vt 0.28125 0.40625
vt 0.3125 0.40625
vt 0.59375 0.6875
vt 0.59375 0.71875
vt 0.5625 0.71875
vt 0.5625 0.6875
vt 0.328125 0.40625
vt 0.359375 0.40625
vt 0.359375 0.4375
vt 0.328125 0.4375
vt 0.59375 0.640625
vt 0.59375 0.671875
vt 0.5625 0.671875
vt 0.5625 0.640625
vt 0.40625 0.40625
vt 0.40625 0.4375
vt 0.375 0.4375
vt 0.375 0.40625
vt 0.59375 0.625
vt 0.5625 0.625
vt 0.5625 0.59375
vt 0.59375 0.59375
vt 0.453125 0.4375
vt 0.44921875 0.43359375
vt 0.44921875 0.41015625
vt 0.453125 0.40625
vt 0.453125 0.40625
vt 0.44921875 0.41015625
vt 0.42578125 0.41015625
vt 0.421875 0.40625
vt 0.421875 0.40625
vt 0.42578125 0.41015625
vt 0.42578125 0.43359375
vt 0.421875 0.4375
vt 0.421875 0.4375
vt 0.42578125 0.43359375
vt 0.44921875 0.43359375
vt 0.453125 0.4375
vt 0.40625 0.875
vt 0.40625 1
vt 0.375 1
vt 0.375 0.875
vt 0.40625 0.734375
vt 0.40625 0.859375
vt 0.375 0.859375
vt 0.375 0.734375
vt 0.40625 0.59375
vt 0.40625 0.71875
vt 0.375 0.71875
vt 0.375 0.59375
vt 0.03125 0.453125
vt 0.03125 0.578125
vt 0 0.578125
vt 0 0.453125
vt 0.58984375 0.55078125
vt 0.59375 0.546875
vt 0.59375 0.578125
vt 0.58984375 0.57421875
vt 0.58984375 0.57421875
vt 0.59375 0.578125
vt 0.5625 0.578125
vt 0.56640625 0.57421875
vt 0.56640625 0.57421875
vt 0.5625 0.578125
vt 0.5625 0.546875
vt 0.56640625 0.55078125
vt 0.56640625 0.55078125
vt 0.5625 0.546875
vt 0.59375 0.546875
vt 0.58984375 0.55078125
vt 0.5 0.40625
vt 0.5 0.4375
vt 0.46875 0.4375
vt 0.46875 0.40625
vt 0.59375 0.5
vt 0.59375 0.53125
vt 0.5625 0.53125
vt 0.5625 0.5
vt 0.546875 0.40625
vt 0.546875 0.4375
vt 0.515625 0.4375
vt 0.515625 0.40625
vt 0.59375 0.453125
vt 0.59375 0.484375
vt 0.5625 0.484375
vt 0.5625 0.453125
vn 1 0 0
vn -1 0 0
vn 0 1 0
vn 0 -1 0
vn 0 0 1
vn 0 0 -1
vn 0 1 0
vn 0 1 0
vn 0 1 0
vn 0 1 0
vn 1 0 0
vn 0 0 1
vn -1 0 0
vn 0 0 -1
vn 0 -1 0
vn 0 -1 0
vn 0 -1 0
vn 0 -1 0
vn 1 0 0
vn 0 0 1
vn -1 0 0
vn 0 0 -1
usemtl m_588ead83-dc9c-8ea9-80b7-13eeb01f04f2
f 166/593/149 165/594/149 167/595/149 168/596/149
f 171/597/150 169/598/150 170/599/150 172/600/150
f 187/601/151 186/602/151 185/603/151 188/604/151
f 168/605/152 167/606/152 171/607/152 172/608/152
f 167/609/153 165/610/153 169/611/153 171/612/153
f 170/613/154 166/614/154 168/615/154 172/616/154
f 166/617/155 173/618/155 174/619/155 165/620/155
f 165/621/156 174/622/156 175/623/156 169/624/156
f 169/625/157 175/626/157 176/627/157 170/628/157
f 170/629/158 176/630/158 173/631/158 166/632/158
f 173/633/159 177/634/159 178/635/159 174/636/159
f 174/637/160 178/638/160 179/639/160 175/640/160
f 175/641/161 179/642/161 180/643/161 176/644/161
f 176/645/162 180/646/162 177/647/162 173/648/162
f 177/649/163 181/650/163 182/651/163 178/652/163
f 178/653/164 182/654/164 183/655/164 179/656/164
f 179/657/165 183/658/165 184/659/165 180/660/165
f 180/661/166 184/662/166 181/663/166 177/664/166
f 181/665/167 185/666/167 186/667/167 182/668/167
f 182/669/168 186/670/168 187/671/168 183/672/168
f 183/673/169 187/674/169 188/675/169 184/676/169
f 184/677/170 188/678/170 185/679/170 181/680/170
o mesh
v -0.75 0.296875 -0.34375
v -0.75 0.296875 -0.46875
v -0.75 0.171875 -0.34375
v -0.75 0.171875 -0.46875
v -0.625 0.296875 -0.34375
v -0.625 0.296875 -0.46875
v -0.625 0.171875 -0.34375
v -0.625 0.171875 -0.46875
v -0.734375 0.296875 -0.453125
v -0.734375 0.296875 -0.359375
v -0.640625 0.296875 -0.359375
v -0.640625 0.296875 -0.453125
v -0.734375 0.796875 -0.453125
v -0.734375 0.796875 -0.359375
v -0.640625 0.796875 -0.359375
v -0.640625 0.796875 -0.453125
v -0.75 0.796875 -0.46875
v -0.75 0.796875 -0.34375
v -0.625 0.796875 -0.34375
v -0.625 0.796875 -0.46875
v -0.75 0.921875 -0.46875
v -0.75 0.921875 -0.34375
v -0.625 0.921875 -0.34375
v -0.625 0.921875 -0.46875
vt 0.453125 0.96875
vt 0.453125 1
vt 0.421875 1
vt 0.421875 0.96875
vt 0.078125 0.578125
vt 0.046875 0.578125
vt 0.046875 0.546875
vt 0.078125 0.546875
vt 0.421875 0.953125
vt 0.421875 0.921875
vt 0.453125 0.921875
vt 0.453125 0.953125
vt 0.125 0.578125
vt 0.09375 0.578125
vt 0.09375 0.546875
vt 0.125 0.546875
vt 0.453125 0.90625
vt 0.421875 0.90625
vt 0.421875 0.875
vt 0.453125 0.875
vt 0.171875 0.546875
vt 0.171875 0.578125
vt 0.140625 0.578125
vt 0.140625 0.546875
vt 0.42578125 0.83203125
vt 0.42578125 0.85546875
vt 0.421875 0.859375
vt 0.421875 0.828125
vt 0.44921875 0.83203125
vt 0.42578125 0.83203125
vt 0.421875 0.828125
vt 0.453125 0.828125
vt 0.44921875 0.85546875
vt 0.44921875 0.83203125
vt 0.453125 0.828125
vt 0.453125 0.859375
vt 0.42578125 0.85546875
vt 0.44921875 0.85546875
vt 0.453125 0.859375
vt 0.421875 0.859375
vt 0.03125 1
vt 0 1
vt 0 0.875
vt 0.03125 0.875
vt 0.078125 1
vt 0.046875 1
vt 0.046875 0.875
vt 0.078125 0.875
vt 0.125 1
vt 0.09375 1
vt 0.09375 0.875
vt 0.125 0.875
vt 0.03125 0.859375
vt 0 0.859375
vt 0 0.734375
vt 0.03125 0.734375
vt 0.1875 0.578125
vt 0.1875 0.546875
vt 0.19140625 0.55078125
vt 0.19140625 0.57421875
vt 0.21875 0.578125
vt 0.1875 0.578125
vt 0.19140625 0.57421875
vt 0.21484375 0.57421875
vt 0.21875 0.546875
vt 0.21875 0.578125
vt 0.21484375 0.57421875
vt 0.21484375 0.55078125
vt 0.1875 0.546875
vt 0.21875 0.546875
vt 0.21484375 0.55078125
vt 0.19140625 0.55078125
vt 0.453125 0.8125
vt 0.421875 0.8125
vt 0.421875 0.78125
vt 0.453125 0.78125
vt 0.265625 0.578125
vt 0.234375 0.578125
vt 0.234375 0.546875
vt 0.265625 0.546875
vt 0.453125 0.765625
vt 0.421875 0.765625
vt 0.421875 0.734375
vt 0.453125 0.734375
vt 0.3125 0.578125
vt 0.28125 0.578125
vt 0.28125 0.546875
vt 0.3125 0.546875
vn -1 0 0
vn 1 0 0
vn 0 1 0
vn 0 -1 0
vn 0 0 1
vn 0 0 -1
vn 0 1 0
vn 0 1 0
vn 0 1 0
vn 0 1 0
vn -1 0 0
vn 0 0 1
vn 1 0 0
vn 0 0 -1
vn 0 -1 0
vn 0 -1 0
vn 0 -1 0
vn 0 -1 0
vn -1 0 0
vn 0 0 1
vn 1 0 0
vn 0 0 -1
usemtl m_588ead83-dc9c-8ea9-80b7-13eeb01f04f2
f 191/681/171 189/682/171 190/683/171 192/684/171
f 194/685/172 193/686/172 195/687/172 196/688/172
f 209/689/173 210/690/173 211/691/173 212/692/173
f 195/693/174 191/694/174 192/695/174 196/696/174
f 193/697/175 189/698/175 191/699/175 195/700/175
f 192/701/176 190/702/176 194/703/176 196/704/176
f 198/705/177 197/706/177 190/707/177 189/708/177
f 199/709/178 198/710/178 189/711/178 193/712/178
f 200/713/179 199/714/179 193/715/179 194/716/179
f 197/717/180 200/718/180 194/719/180 190/720/180
f 202/721/181 201/722/181 197/723/181 198/724/181
f 203/725/182 202/726/182 198/727/182 199/728/182
f 204/729/183 203/730/183 199/731/183 200/732/183
f 201/733/184 204/734/184 200/735/184 197/736/184
f 206/737/185 205/738/185 201/739/185 202/740/185
f 207/741/186 206/742/186 202/743/186 203/744/186
f 208/745/187 207/746/187 203/747/187 204/748/187
f 205/749/188 208/750/188 204/751/188 201/752/188
f 210/753/189 209/754/189 205/755/189 206/756/189
f 211/757/190 210/758/190 206/759/190 207/760/190
f 212/761/191 211/762/191 207/763/191 208/764/191
f 209/765/192 212/766/192 208/767/192 205/768/192
o mesh
v -1.4375 0.296875 -0.34375
v -1.4375 0.296875 -0.46875
v -1.4375 0.171875 -0.34375
v -1.4375 0.171875 -0.46875
v -1.3125 0.296875 -0.34375
v -1.3125 0.296875 -0.46875
v -1.3125 0.171875 -0.34375
v -1.3125 0.171875 -0.46875
v -1.421875 0.296875 -0.453125
v -1.421875 0.296875 -0.359375
v -1.328125 0.296875 -0.359375
v -1.328125 0.296875 -0.453125
v -1.421875 0.796875 -0.453125
v -1.421875 0.796875 -0.359375
v -1.328125 0.796875 -0.359375
v -1.328125 0.796875 -0.453125
v -1.4375 0.796875 -0.46875
v -1.4375 0.796875 -0.34375
v -1.3125 0.796875 -0.34375
v -1.3125 0.796875 -0.46875
v -1.4375 0.921875 -0.46875
v -1.4375 0.921875 -0.34375
v -1.3125 0.921875 -0.34375
v -1.3125 0.921875 -0.46875
vt 0.453125 0.6875
vt 0.453125 0.71875
vt 0.421875 0.71875
vt 0.421875 0.6875
vt 0.359375 0.578125
vt 0.328125 0.578125
vt 0.328125 0.546875
vt 0.359375 0.546875
vt 0.421875 0.671875
vt 0.421875 0.640625
vt 0.453125 0.640625
vt 0.453125 0.671875
vt 0.40625 0.578125
vt 0.375 0.578125
vt 0.375 0.546875
vt 0.40625 0.546875
vt 0.453125 0.625
vt 0.421875 0.625
vt 0.421875 0.59375
vt 0.453125 0.59375
vt 0.453125 0.546875
vt 0.453125 0.578125
vt 0.421875 0.578125
vt 0.421875 0.546875
vt 0.47265625 0.97265625
vt 0.47265625 0.99609375
vt 0.46875 1
vt 0.46875 0.96875
vt 0.49609375 0.97265625
vt 0.47265625 0.97265625
vt 0.46875 0.96875
vt 0.5 0.96875
vt 0.49609375 0.99609375
vt 0.49609375 0.97265625
vt 0.5 0.96875
vt 0.5 1
vt 0.47265625 0.99609375
vt 0.49609375 0.99609375
vt 0.5 1
vt 0.46875 1
vt 0.171875 1
vt 0.140625 1
vt 0.140625 0.875
vt 0.171875 0.875
vt 0.078125 0.859375
vt 0.046875 0.859375
vt 0.046875 0.734375
vt 0.078125 0.734375
vt 0.125 0.859375
vt 0.09375 0.859375
vt 0.09375 0.734375
vt 0.125 0.734375
vt 0.171875 0.859375
vt 0.140625 0.859375
vt 0.140625 0.734375
vt 0.171875 0.734375
vt 0.046875 0.53125
vt 0.046875 0.5
vt 0.05078125 0.50390625
vt 0.05078125 0.52734375
vt 0.078125 0.53125
vt 0.046875 0.53125
vt 0.05078125 0.52734375
vt 0.07421875 0.52734375
vt 0.078125 0.5
vt 0.078125 0.53125
vt 0.07421875 0.52734375
vt 0.07421875 0.50390625
vt 0.046875 0.5
vt 0.078125 0.5
vt 0.07421875 0.50390625
vt 0.05078125 0.50390625
vt 0.5 0.953125
vt 0.46875 0.953125
vt 0.46875 0.921875
vt 0.5 0.921875
vt 0.125 0.53125
vt 0.09375 0.53125
vt 0.09375 0.5
vt 0.125 0.5
vt 0.5 0.90625
vt 0.46875 0.90625
vt 0.46875 0.875
vt 0.5 0.875
vt 0.171875 0.53125
vt 0.140625 0.53125
vt 0.140625 0.5
vt 0.171875 0.5
vn -1 0 0
vn 1 0 0
vn 0 1 0
vn 0 -1 0
vn 0 0 1
vn 0 0 -1
vn 0 1 0
vn 0 1 0
vn 0 1 0
vn 0 1 0
vn -1 0 0
vn 0 0 1
vn 1 0 0
vn 0 0 -1
vn 0 -1 0
vn 0 -1 0
vn 0 -1 0
vn 0 -1 0
vn -1 0 0
vn 0 0 1
vn 1 0 0
vn 0 0 -1
usemtl m_588ead83-dc9c-8ea9-80b7-13eeb01f04f2
f 215/769/193 213/770/193 214/771/193 216/772/193
f 218/773/194 217/774/194 219/775/194 220/776/194
f 233/777/195 234/778/195 235/779/195 236/780/195
f 219/781/196 215/782/196 216/783/196 220/784/196
f 217/785/197 213/786/197 215/787/197 219/788/197
f 216/789/198 214/790/198 218/791/198 220/792/198
f 222/793/199 221/794/199 214/795/199 213/796/199
f 223/797/200 222/798/200 213/799/200 217/800/200
f 224/801/201 223/802/201 217/803/201 218/804/201
f 221/805/202 224/806/202 218/807/202 214/808/202
f 226/809/203 225/810/203 221/811/203 222/812/203
f 227/813/204 226/814/204 222/815/204 223/816/204
f 228/817/205 227/818/205 223/819/205 224/820/205
f 225/821/206 228/822/206 224/823/206 221/824/206
f 230/825/207 229/826/207 225/827/207 226/828/207
f 231/829/208 230/830/208 226/831/208 227/832/208
f 232/833/209 231/834/209 227/835/209 228/836/209
f 229/837/210 232/838/210 228/839/210 225/840/210
f 234/841/211 233/842/211 229/843/211 230/844/211
f 235/845/212 234/846/212 230/847/212 231/848/212
f 236/849/213 235/850/213 231/851/213 232/852/213
f 233/853/214 236/854/214 232/855/214 229/856/214
o mesh
v -1.4375 0.296875 0.65625
v -1.4375 0.296875 0.53125
v -1.4375 0.171875 0.65625
v -1.4375 0.171875 0.53125
v -1.3125 0.296875 0.65625
v -1.3125 0.296875 0.53125
v -1.3125 0.171875 0.65625
v -1.3125 0.171875 0.53125
v -1.421875 0.296875 0.546875
v -1.421875 0.296875 0.640625
v -1.328125 0.296875 0.640625
v -1.328125 0.296875 0.546875
v -1.421875 0.796875 0.546875
v -1.421875 0.796875 0.640625
v -1.328125 0.796875 0.640625
v -1.328125 0.796875 0.546875
v -1.4375 0.796875 0.53125
v -1.4375 0.796875 0.65625
v -1.3125 0.796875 0.65625
v -1.3125 0.796875 0.53125
v -1.4375 0.921875 0.53125
v -1.4375 0.921875 0.65625
v -1.3125 0.921875 0.65625
v -1.3125 0.921875 0.53125
vt 0.5 0.828125
vt 0.5 0.859375
vt 0.46875 0.859375
vt 0.46875 0.828125
vt 0.21875 0.53125
vt 0.1875 0.53125
vt 0.1875 0.5
vt 0.21875 0.5
vt 0.46875 0.8125
vt 0.46875 0.78125
vt 0.5 0.78125
vt 0.5 0.8125
vt 0.265625 0.53125
vt 0.234375 0.53125
vt 0.234375 0.5
vt 0.265625 0.5
vt 0.5 0.765625
vt 0.46875 0.765625
vt 0.46875 0.734375
vt 0.5 0.734375
vt 0.3125 0.5
vt 0.3125 0.53125
vt 0.28125 0.53125
vt 0.28125 0.5
vt 0.47265625 0.69140625
vt 0.47265625 0.71484375
vt 0.46875 0.71875
vt 0.46875 0.6875
vt 0.49609375 0.69140625
vt 0.47265625 0.69140625
vt 0.46875 0.6875
vt 0.5 0.6875
vt 0.49609375 0.71484375
vt 0.49609375 0.69140625
vt 0.5 0.6875
vt 0.5 0.71875
vt 0.47265625 0.71484375
vt 0.49609375 0.71484375
vt 0.5 0.71875
vt 0.46875 0.71875
vt 0.21875 1
vt 0.1875 1
vt 0.1875 0.875
vt 0.21875 0.875
vt 0.21875 0.859375
vt 0.1875 0.859375
vt 0.1875 0.734375
vt 0.21875 0.734375
vt 0.265625 1
vt 0.234375 1
vt 0.234375 0.875
vt 0.265625 0.875
vt 0.265625 0.859375
vt 0.234375 0.859375
vt 0.234375 0.734375
vt 0.265625 0.734375
vt 0.328125 0.53125
vt 0.328125 0.5
vt 0.33203125 0.50390625
vt 0.33203125 0.52734375
vt 0.359375 0.53125
vt 0.328125 0.53125
vt 0.33203125 0.52734375
vt 0.35546875 0.52734375
vt 0.359375 0.5
vt 0.359375 0.53125
vt 0.35546875 0.52734375
vt 0.35546875 0.50390625
vt 0.328125 0.5
vt 0.359375 0.5
vt 0.35546875 0.50390625
vt 0.33203125 0.50390625
vt 0.5 0.671875
vt 0.46875 0.671875
vt 0.46875 0.640625
vt 0.5 0.640625
vt 0.40625 0.53125
vt 0.375 0.53125
vt 0.375 0.5
vt 0.40625 0.5
vt 0.5 0.625
vt 0.46875 0.625
vt 0.46875 0.59375
vt 0.5 0.59375
vt 0.453125 0.53125
vt 0.421875 0.53125
vt 0.421875 0.5
vt 0.453125 0.5
vn -1 0 0
vn 1 0 0
vn 0 1 0
vn 0 -1 0
vn 0 0 1
vn 0 0 -1
vn 0 1 0
vn 0 1 0
vn 0 1 0
vn 0 1 0
vn -1 0 0
vn 0 0 1
vn 1 0 0
vn 0 0 -1
vn 0 -1 0
vn 0 -1 0
vn 0 -1 0
vn 0 -1 0
vn -1 0 0
vn 0 0 1
vn 1 0 0
vn 0 0 -1
usemtl m_588ead83-dc9c-8ea9-80b7-13eeb01f04f2
f 239/857/215 237/858/215 238/859/215 240/860/215
f 242/861/216 241/862/216 243/863/216 244/864/216
f 257/865/217 258/866/217 259/867/217 260/868/217
f 243/869/218 239/870/218 240/871/218 244/872/218
f 241/873/219 237/874/219 239/875/219 243/876/219
f 240/877/220 238/878/220 242/879/220 244/880/220
f 246/881/221 245/882/221 238/883/221 237/884/221
f 247/885/222 246/886/222 237/887/222 241/888/222
f 248/889/223 247/890/223 241/891/223 242/892/223
f 245/893/224 248/894/224 242/895/224 238/896/224
f 250/897/225 249/898/225 245/899/225 246/900/225
f 251/901/226 250/902/226 246/903/226 247/904/226
f 252/905/227 251/906/227 247/907/227 248/908/227
f 249/909/228 252/910/228 248/911/228 245/912/228
f 254/913/229 253/914/229 249/915/229 250/916/229
f 255/917/230 254/918/230 250/919/230 251/920/230
f 256/921/231 255/922/231 251/923/231 252/924/231
f 253/925/232 256/926/232 252/927/232 249/928/232
f 258/929/233 257/930/233 253/931/233 254/932/233
f 259/933/234 258/934/234 254/935/234 255/936/234
f 260/937/235 259/938/235 255/939/235 256/940/235
f 257/941/236 260/942/236 256/943/236 253/944/236
o mesh
v 1.4999999999999982 1.023433914126595 0.7832799359371911
v 1.4999999999999993 0.9912745664930289 -0.5982986879058294
v 1.4999999999999982 0.8989095768651267 0.7723854680937338
v 1.4999999999999993 0.8673439588213027 -0.581982913878323
v 1.4999999999999976 1.0002034779981075 0.2525343105869473
v 1.4999999999999976 1.1250845056958396 0.24708188716628038
v 0.08823529411764741 0.9912745664930289 -0.5982986879058294
v 0.08823529411764741 0.8673439588213027 -0.581982913878323
v 0.26470588235294135 0.9912745664930289 -0.5982986879058294
v 0.26470588235294135 0.8673439588213027 -0.581982913878323
v 0.4411764705882355 0.9912745664930289 -0.5982986879058294
v 0.4411764705882355 0.8673439588213027 -0.581982913878323
v 0.6176470588235295 0.9912745664930289 -0.5982986879058294
v 0.6176470588235295 0.8673439588213027 -0.581982913878323
v 0.7941176470588236 0.9912745664930289 -0.5982986879058294
v 0.7941176470588236 0.8673439588213027 -0.581982913878323
v 0.9705882352941176 0.9912745664930289 -0.5982986879058294
v 0.9705882352941176 0.8673439588213027 -0.581982913878323
v 1.1470588235294117 0.9912745664930289 -0.5982986879058294
v 1.1470588235294117 0.8673439588213027 -0.581982913878323
v 1.3235294117647056 0.9912745664930289 -0.5982986879058294
v 1.3235294117647056 0.8673439588213027 -0.581982913878323
v 0.08823529411764763 1.0002034779981075 0.2525343105869473
v 0.26470588235294135 1.0002034779981075 0.2525343105869473
v 0.44117647058823506 1.0002034779981075 0.2525343105869473
v 0.6176470588235289 1.0002034779981075 0.2525343105869473
v 0.7941176470588227 1.0002034779981075 0.2525343105869473
v 0.9705882352941165 1.0002034779981075 0.2525343105869473
v 1.1470588235294104 1.0002034779981075 0.2525343105869473
v 1.323529411764704 1.0002034779981075 0.2525343105869473
v 0.08823529411764741 0.8989095768651267 0.7723854680937338
v 0.26470588235294135 0.8989095768651267 0.7723854680937338
v 0.4411764705882353 0.8989095768651267 0.7723854680937338
v 0.6176470588235292 0.8989095768651267 0.7723854680937338
v 0.794117647058823 0.8989095768651267 0.7723854680937338
v 0.9705882352941169 0.8989095768651267 0.7723854680937338
v 1.1470588235294108 0.8989095768651267 0.7723854680937338
v 1.3235294117647045 0.8989095768651267 0.7723854680937338
v 0.08823529411764741 1.023433914126595 0.7832799359371911
v 0.26470588235294135 1.023433914126595 0.7832799359371911
v 0.4411764705882353 1.023433914126595 0.7832799359371911
v 0.6176470588235292 1.023433914126595 0.7832799359371911
v 0.794117647058823 1.023433914126595 0.7832799359371911
v 0.9705882352941169 1.023433914126595 0.7832799359371911
v 1.1470588235294108 1.023433914126595 0.7832799359371911
v 1.3235294117647045 1.023433914126595 0.7832799359371911
v 0.08823529411764763 1.1250845056958396 0.24708188716628038
v 0.26470588235294135 1.1250845056958396 0.24708188716628038
v 0.44117647058823506 1.1250845056958396 0.24708188716628038
v 0.6176470588235289 1.1250845056958396 0.24708188716628038
v 0.7941176470588227 1.1250845056958396 0.24708188716628038
v 0.9705882352941165 1.1250845056958396 0.24708188716628038
v 1.1470588235294104 1.1250845056958396 0.24708188716628038
v 1.323529411764704 1.1250845056958396 0.24708188716628038
v 0.08823529411764741 0.9293092626571657 -0.5901408008920762
v 0.08823529411764741 0.9611717454958608 0.7778327020154625
v 0.26470588235294135 0.9611717454958608 0.7778327020154625
v 0.4411764705882353 0.9611717454958608 0.7778327020154625
v 0.6176470588235292 0.9611717454958608 0.7778327020154625
v 0.794117647058823 0.9611717454958608 0.7778327020154625
v 0.9705882352941169 0.9611717454958608 0.7778327020154625
v 1.1470588235294108 0.9611717454958608 0.7778327020154625
v 1.3235294117647045 0.9611717454958608 0.7778327020154625
v 1.4999999999999982 0.9611717454958608 0.7778327020154625
v 1.4999999999999976 1.0626439918469734 0.24980809887661382
v 1.4999999999999993 0.9293092626571657 -0.5901408008920762
v 1.3235294117647056 0.9293092626571657 -0.5901408008920762
v 1.1470588235294117 0.9293092626571657 -0.5901408008920762
v 0.9705882352941176 0.9293092626571657 -0.5901408008920762
v 0.7941176470588236 0.9293092626571657 -0.5901408008920762
v 0.6176470588235295 0.9293092626571657 -0.5901408008920762
v 0.4411764705882355 0.9293092626571657 -0.5901408008920762
v 0.26470588235294135 0.9293092626571657 -0.5901408008920762
v 1.5441941738241587 0.8615754615937241 -0.6414240004189466
v 1.5624999999999976 1.0626439918469734 0.24980809887661382
v 1.5441941738241587 0.9235407654295872 -0.6495818874326997
v 1.3235294117647056 0.8591860718075495 -0.6439482177141862
v 1.3235294117647045 0.955724511574132 0.8400948706461966
v 1.5441941738241574 0.957319969451097 0.8374837036656348
v 1.3235294117647045 0.893462342943398 0.8346476367244678
v 1.3235294117647056 0.9211513756434125 -0.6521061047279394
v 0.08823529411764741 0.9211513756434125 -0.6521061047279394
v 0.08823529411764741 0.8591860718075495 -0.6439482177141862
v 0.26470588235294135 0.9211513756434125 -0.6521061047279394
v 0.26470588235294135 0.8591860718075495 -0.6439482177141862
v 0.4411764705882355 0.9211513756434125 -0.6521061047279394
v 0.6176470588235295 0.9211513756434125 -0.6521061047279394
v 0.6176470588235295 0.8591860718075495 -0.6439482177141862
v 0.7941176470588236 0.9211513756434125 -0.6521061047279394
v 0.9705882352941176 0.9211513756434125 -0.6521061047279394
v 0.9705882352941176 0.8591860718075495 -0.6439482177141862
v 1.1470588235294117 0.9211513756434125 -0.6521061047279394
v 0.08823529411764741 0.893462342943398 0.8346476367244678
v 0.26470588235294135 0.893462342943398 0.8346476367244678
v 0.4411764705882353 0.893462342943398 0.8346476367244678
v 0.6176470588235292 0.893462342943398 0.8346476367244678
v 0.794117647058823 0.893462342943398 0.8346476367244678
v 0.9705882352941169 0.893462342943398 0.8346476367244678
v 1.1470588235294108 0.893462342943398 0.8346476367244678
v 0.08823529411764741 0.955724511574132 0.8400948706461966
v 0.26470588235294135 0.955724511574132 0.8400948706461966
v 0.4411764705882353 0.955724511574132 0.8400948706461966
v 0.6176470588235292 0.955724511574132 0.8400948706461966
v 0.794117647058823 0.955724511574132 0.8400948706461966
v 0.9705882352941169 0.955724511574132 0.8400948706461966
v 1.1470588235294108 0.955724511574132 0.8400948706461966
v 1.5624999999999976 1.0002034779981075 0.2525343105869473
v 1.5441941738241574 0.8950578008203629 0.8320364697439061
v 0.4411764705882355 0.8591860718075495 -0.6439482177141862
v 0.7941176470588236 0.8591860718075495 -0.6439482177141862
v 1.1470588235294117 0.8591860718075495 -0.6439482177141862
v 1.324326512105344 0.8510288482790977 -0.7059084818788411
v 1.544991274164797 0.9153835419011356 -0.7115421515973547
v 1.324326512105344 0.9129941521149609 -0.7140663688925943
v 1.544991274164797 0.8534182380652724 -0.7033842645836016
v 0.9705882352941176 0.8510281847937963 -0.7059135215500494
v 1.1470588235294117 0.9129934886296593 -0.7140714085638026
v 0.9705882352941176 0.9129934886296593 -0.7140714085638026
v 1.1470588235294117 0.8510281847937963 -0.7059135215500494
v 0.6176470588235295 0.8510281847937963 -0.7059135215500494
v 0.7941176470588236 0.9129934886296593 -0.7140714085638026
v 0.6176470588235295 0.9129934886296593 -0.7140714085638026
v 0.7941176470588236 0.8510281847937963 -0.7059135215500494
v 0.26470588235294135 0.8510281847937963 -0.7059135215500494
v 0.4411764705882355 0.9129934886296593 -0.7140714085638026
v 0.26470588235294135 0.9129934886296593 -0.7140714085638026
v 0.4411764705882355 0.8510281847937963 -0.7059135215500494
v 0.08823529411764741 0.9129934886296593 -0.7140714085638026
v 0.08823529411764741 0.8510281847937963 -0.7059135215500494
v 0.08823529411764741 0.8880151090216692 0.8969098053552019
v 0.08823529411764741 0.9502772776524032 0.9023570392769307
v 0.4411764705882353 0.8880151090216692 0.8969098053552019
v 0.26470588235294135 0.9502772776524032 0.9023570392769307
v 0.4411764705882353 0.9502772776524032 0.9023570392769307
v 0.26470588235294135 0.8880151090216692 0.8969098053552019
v 0.794117647058823 0.8880151090216692 0.8969098053552019
v 0.6176470588235292 0.9502772776524032 0.9023570392769307
v 0.794117647058823 0.9502772776524032 0.9023570392769307
v 0.6176470588235292 0.8880151090216692 0.8969098053552019
v 1.1470588235294108 0.8880151090216692 0.8969098053552019
v 0.9705882352941169 0.9502772776524032 0.9023570392769307
v 1.1470588235294108 0.9502772776524032 0.9023570392769307
v 0.9705882352941169 0.8880151090216692 0.8969098053552019
v 1.544970258528753 0.8896109868712622 0.8942938380655368
v 1.3243054964693002 0.9502776976250312 0.9023522389678272
v 1.544970258528753 0.9518731555019962 0.8997410719872655
v 1.3243054964693002 0.8880155289942973 0.8969050050460985
v -1.4999999999999982 1.023433914126595 0.7832799359371911
v -1.4999999999999993 0.9912745664930289 -0.5982986879058294
v -1.4999999999999982 0.8989095768651267 0.7723854680937338
v -1.4999999999999993 0.8673439588213027 -0.581982913878323
v -1.4999999999999976 1.0002034779981075 0.2525343105869473
v -1.4999999999999976 1.1250845056958396 0.24708188716628038
v -0.08823529411764741 0.9912745664930289 -0.5982986879058294
v -0.08823529411764741 0.8673439588213027 -0.581982913878323
v -0.26470588235294135 0.9912745664930289 -0.5982986879058294
v -0.26470588235294135 0.8673439588213027 -0.581982913878323
v -0.4411764705882355 0.9912745664930289 -0.5982986879058294
v -0.4411764705882355 0.8673439588213027 -0.581982913878323
v -0.6176470588235295 0.9912745664930289 -0.5982986879058294
v -0.6176470588235295 0.8673439588213027 -0.581982913878323
v -0.7941176470588236 0.9912745664930289 -0.5982986879058294
v -0.7941176470588236 0.8673439588213027 -0.581982913878323
v -0.9705882352941176 0.9912745664930289 -0.5982986879058294
v -0.9705882352941176 0.8673439588213027 -0.581982913878323
v -1.1470588235294117 0.9912745664930289 -0.5982986879058294
v -1.1470588235294117 0.8673439588213027 -0.581982913878323
v -1.3235294117647056 0.9912745664930289 -0.5982986879058294
v -1.3235294117647056 0.8673439588213027 -0.581982913878323
v -0.08823529411764763 1.0002034779981075 0.2525343105869473
v -0.26470588235294135 1.0002034779981075 0.2525343105869473
v -0.44117647058823506 1.0002034779981075 0.2525343105869473
v -0.6176470588235289 1.0002034779981075 0.2525343105869473
v -0.7941176470588227 1.0002034779981075 0.2525343105869473
v -0.9705882352941165 1.0002034779981075 0.2525343105869473
v -1.1470588235294104 1.0002034779981075 0.2525343105869473
v -1.323529411764704 1.0002034779981075 0.2525343105869473
v -0.08823529411764741 0.8989095768651267 0.7723854680937338
v -0.26470588235294135 0.8989095768651267 0.7723854680937338
v -0.4411764705882353 0.8989095768651267 0.7723854680937338
v -0.6176470588235292 0.8989095768651267 0.7723854680937338
v -0.794117647058823 0.8989095768651267 0.7723854680937338
v -0.9705882352941169 0.8989095768651267 0.7723854680937338
v -1.1470588235294108 0.8989095768651267 0.7723854680937338
v -1.3235294117647045 0.8989095768651267 0.7723854680937338
v -0.08823529411764741 1.023433914126595 0.7832799359371911
v -0.26470588235294135 1.023433914126595 0.7832799359371911
v -0.4411764705882353 1.023433914126595 0.7832799359371911
v -0.6176470588235292 1.023433914126595 0.7832799359371911
v -0.794117647058823 1.023433914126595 0.7832799359371911
v -0.9705882352941169 1.023433914126595 0.7832799359371911
v -1.1470588235294108 1.023433914126595 0.7832799359371911
v -1.3235294117647045 1.023433914126595 0.7832799359371911
v -0.08823529411764763 1.1250845056958396 0.24708188716628038
v -0.26470588235294135 1.1250845056958396 0.24708188716628038
v -0.44117647058823506 1.1250845056958396 0.24708188716628038
v -0.6176470588235289 1.1250845056958396 0.24708188716628038
v -0.7941176470588227 1.1250845056958396 0.24708188716628038
v -0.9705882352941165 1.1250845056958396 0.24708188716628038
v -1.1470588235294104 1.1250845056958396 0.24708188716628038
v -1.323529411764704 1.1250845056958396 0.24708188716628038
v -0.08823529411764741 0.9293092626571657 -0.5901408008920762
v -0.08823529411764741 0.9611717454958608 0.7778327020154625
v -0.26470588235294135 0.9611717454958608 0.7778327020154625
v -0.4411764705882353 0.9611717454958608 0.7778327020154625
v -0.6176470588235292 0.9611717454958608 0.7778327020154625
v -0.794117647058823 0.9611717454958608 0.7778327020154625
v -0.9705882352941169 0.9611717454958608 0.7778327020154625
v -1.1470588235294108 0.9611717454958608 0.7778327020154625
v -1.3235294117647045 0.9611717454958608 0.7778327020154625
v -1.4999999999999982 0.9611717454958608 0.7778327020154625
v -1.4999999999999976 1.0626439918469734 0.24980809887661382
v -1.4999999999999993 0.9293092626571657 -0.5901408008920762
v -1.3235294117647056 0.9293092626571657 -0.5901408008920762
v -1.1470588235294117 0.9293092626571657 -0.5901408008920762
v -0.9705882352941176 0.9293092626571657 -0.5901408008920762
v -0.7941176470588236 0.9293092626571657 -0.5901408008920762
v -0.6176470588235295 0.9293092626571657 -0.5901408008920762
v -0.4411764705882355 0.9293092626571657 -0.5901408008920762
v -0.26470588235294135 0.9293092626571657 -0.5901408008920762
v -1.5441941738241587 0.8615754615937241 -0.6414240004189466
v -1.5624999999999976 1.0626439918469734 0.24980809887661382
v -1.5441941738241587 0.9235407654295872 -0.6495818874326997
v -1.3235294117647056 0.8591860718075495 -0.6439482177141862
v -1.3235294117647045 0.955724511574132 0.8400948706461966
v -1.5441941738241574 0.957319969451097 0.8374837036656348
v -1.3235294117647045 0.893462342943398 0.8346476367244678
v -1.3235294117647056 0.9211513756434125 -0.6521061047279394
v -0.08823529411764741 0.9211513756434125 -0.6521061047279394
v -0.08823529411764741 0.8591860718075495 -0.6439482177141862
v -0.26470588235294135 0.9211513756434125 -0.6521061047279394
v -0.26470588235294135 0.8591860718075495 -0.6439482177141862
v -0.4411764705882355 0.9211513756434125 -0.6521061047279394
v -0.6176470588235295 0.9211513756434125 -0.6521061047279394
v -0.6176470588235295 0.8591860718075495 -0.6439482177141862
v -0.7941176470588236 0.9211513756434125 -0.6521061047279394
v -0.9705882352941176 0.9211513756434125 -0.6521061047279394
v -0.9705882352941176 0.8591860718075495 -0.6439482177141862
v -1.1470588235294117 0.9211513756434125 -0.6521061047279394
v -0.08823529411764741 0.893462342943398 0.8346476367244678
v -0.26470588235294135 0.893462342943398 0.8346476367244678
v -0.4411764705882353 0.893462342943398 0.8346476367244678
v -0.6176470588235292 0.893462342943398 0.8346476367244678
v -0.794117647058823 0.893462342943398 0.8346476367244678
v -0.9705882352941169 0.893462342943398 0.8346476367244678
v -1.1470588235294108 0.893462342943398 0.8346476367244678
v -0.08823529411764741 0.955724511574132 0.8400948706461966
v -0.26470588235294135 0.955724511574132 0.8400948706461966
v -0.4411764705882353 0.955724511574132 0.8400948706461966
v -0.6176470588235292 0.955724511574132 0.8400948706461966
v -0.794117647058823 0.955724511574132 0.8400948706461966
v -0.9705882352941169 0.955724511574132 0.8400948706461966
v -1.1470588235294108 0.955724511574132 0.8400948706461966
v -1.5624999999999976 1.0002034779981075 0.2525343105869473
v -1.5441941738241574 0.8950578008203629 0.8320364697439061
v -0.4411764705882355 0.8591860718075495 -0.6439482177141862
v -0.7941176470588236 0.8591860718075495 -0.6439482177141862
v -1.1470588235294117 0.8591860718075495 -0.6439482177141862
v -1.324326512105344 0.8510288482790977 -0.7059084818788411
v -1.544991274164797 0.9153835419011356 -0.7115421515973547
v -1.324326512105344 0.9129941521149609 -0.7140663688925943
v -1.544991274164797 0.8534182380652724 -0.7033842645836016
v -0.9705882352941176 0.8510281847937963 -0.7059135215500494
v -1.1470588235294117 0.9129934886296593 -0.7140714085638026
v -0.9705882352941176 0.9129934886296593 -0.7140714085638026
v -1.1470588235294117 0.8510281847937963 -0.7059135215500494
v -0.6176470588235295 0.8510281847937963 -0.7059135215500494
v -0.7941176470588236 0.9129934886296593 -0.7140714085638026
v -0.6176470588235295 0.9129934886296593 -0.7140714085638026
v -0.7941176470588236 0.8510281847937963 -0.7059135215500494
v -0.26470588235294135 0.8510281847937963 -0.7059135215500494
v -0.4411764705882355 0.9129934886296593 -0.7140714085638026
v -0.26470588235294135 0.9129934886296593 -0.7140714085638026
v -0.4411764705882355 0.8510281847937963 -0.7059135215500494
v -0.08823529411764741 0.9129934886296593 -0.7140714085638026
v -0.08823529411764741 0.8510281847937963 -0.7059135215500494
v -0.08823529411764741 0.8880151090216692 0.8969098053552019
v -0.08823529411764741 0.9502772776524032 0.9023570392769307
v -0.4411764705882353 0.8880151090216692 0.8969098053552019
v -0.26470588235294135 0.9502772776524032 0.9023570392769307
v -0.4411764705882353 0.9502772776524032 0.9023570392769307
v -0.26470588235294135 0.8880151090216692 0.8969098053552019
v -0.794117647058823 0.8880151090216692 0.8969098053552019
v -0.6176470588235292 0.9502772776524032 0.9023570392769307
v -0.794117647058823 0.9502772776524032 0.9023570392769307
v -0.6176470588235292 0.8880151090216692 0.8969098053552019
v -1.1470588235294108 0.8880151090216692 0.8969098053552019
v -0.9705882352941169 0.9502772776524032 0.9023570392769307
v -1.1470588235294108 0.9502772776524032 0.9023570392769307
v -0.9705882352941169 0.8880151090216692 0.8969098053552019
v -1.544970258528753 0.8896109868712622 0.8942938380655368
v -1.3243054964693002 0.9502776976250312 0.9023522389678272
v -1.544970258528753 0.9518731555019962 0.8997410719872655
v -1.3243054964693002 0.8880155289942973 0.8969050050460985
vt 0.43571992187499997 0.66236640625
vt 0.43673945312499995 0.67011171875
vt 0.324292578125 0.6875
vt 0.323951953125 0.67969453125
vt 0.4140625 0.82479296875
vt 0.43612109374999997 0.82479296875
vt 0.43612109374999997 0.93178125
vt 0.4140625 0.93178125
vt 0.01822824490759531 0.8394678151480526
vt 0.040193623588435534 0.8414935736812514
vt 0.03049322845039351 0.9466753360033454
vt 0.008527849769553286 0.9446495774701466
vt 0.0703125 0.9845454374750103
vt 0.0703125 0.9923579422015714
vt 0.0390625 0.992187504726561
vt 0.0390625 0.984375
vt 0.0428418012967179 0.6640625
vt 0.05065431258577224 0.6640625
vt 0.0509081987032821 0.6953125
vt 0.04309568741422776 0.6953125
vt 0.024308103376226575 0.773543672955983
vt 0.04627348205706683 0.7755694314891819
vt 0.040193623588435534 0.8414935736812514
vt 0.01822824490759531 0.8394678151480526
vt 0.323951953125 0.67969453125
vt 0.324292578125 0.6875
vt 0.250797265625 0.6743343749999999
vt 0.251477734375 0.6665515625
vt 0.4140625 0.93178125
vt 0.43612109374999997 0.93178125
vt 0.43612109374999997 1
vt 0.4140625 1
vt 0.0546875 0.6484375
vt 0.0546875 0.65625
vt 0.03125 0.65625
vt 0.03125 0.6484375
vt 0.140625 0.6484375
vt 0.140625 0.65625
vt 0.1171875 0.65625
vt 0.1171875 0.6484375
vt 0.0859375 0.640625
vt 0.0859375 0.6484375
vt 0.0625 0.6484375
vt 0.0625 0.640625
vt 0.171875 0.640625
vt 0.171875 0.6484375
vt 0.1484375 0.6484375
vt 0.1484375 0.640625
vt 0.0234375 0.6328125
vt 0.0234375 0.640625
vt 0 0.640625
vt 0 0.6328125
vt 0.0546875 0.6328125
vt 0.0546875 0.640625
vt 0.03125 0.640625
vt 0.03125 0.6328125
vt 0.1171875 0.6328125
vt 0.1171875 0.640625
vt 0.09375 0.640625
vt 0.09375 0.6328125
vt 0.0859375 0.625
vt 0.0859375 0.6328125
vt 0.0625 0.6328125
vt 0.0625 0.625
vt 0.20621859174291124 0.9628816195080225
vt 0.18425243511347242 0.9608557892284616
vt 0.19395283025151444 0.8556740269063676
vt 0.21591898688095326 0.8576998571859284
vt 0.18425243511347242 0.9608557892284616
vt 0.16228705643263217 0.9588300306952627
vt 0.17198745157067422 0.8536482683731688
vt 0.19395283025151444 0.8556740269063676
vt 0.16228705643263217 0.9588300306952627
vt 0.1403216777517919 0.9568042721620639
vt 0.15002207288983396 0.8516225098399699
vt 0.17198745157067422 0.8536482683731688
vt 0.1403216777517919 0.9568042721620639
vt 0.11835552112235309 0.9547784418825029
vt 0.12805591626039511 0.849596679560409
vt 0.15002207288983396 0.8516225098399699
vt 0.11835552112235309 0.9547784418825029
vt 0.09639014244151285 0.9527526833493041
vt 0.10609053757955489 0.8475709210272101
vt 0.12805591626039511 0.8495966795604089
vt 0.09639014244151284 0.9527526833493041
vt 0.07442476376067259 0.9507269248161052
vt 0.08412515889871462 0.8455451624940112
vt 0.10609053757955487 0.84757092102721
vt 0.07442476376067259 0.9507269248161052
vt 0.05245938507983233 0.9487011662829063
vt 0.06215978021787438 0.8435194039608124
vt 0.08412515889871462 0.8455451624940111
vt 0.052459385079832305 0.9487011662829063
vt 0.030493228450393484 0.9466753360033454
vt 0.04019362358843556 0.8414935736812514
vt 0.06215978021787438 0.8435194039608124
vt 0.2159189868809532 0.8576998571859286
vt 0.19395283025151439 0.8556740269063676
vt 0.20003268872014568 0.7897498847142981
vt 0.2219988453495845 0.7917757149938591
vt 0.19395283025151439 0.8556740269063676
vt 0.17198745157067416 0.8536482683731688
vt 0.17806731003930545 0.7877241261810992
vt 0.20003268872014568 0.7897498847142981
vt 0.17198745157067416 0.8536482683731688
vt 0.1500220728898339 0.8516225098399699
vt 0.1561019313584652 0.7856983676479004
vt 0.17806731003930543 0.7877241261810992
vt 0.1500220728898339 0.8516225098399699
vt 0.1280559162603951 0.8495966795604091
vt 0.13413577472902635 0.7836725373683395
vt 0.1561019313584652 0.7856983676479004
vt 0.1280559162603951 0.8495966795604091
vt 0.10609053757955485 0.8475709210272102
vt 0.11217039604818614 0.7816467788351407
vt 0.13413577472902638 0.7836725373683395
vt 0.10609053757955485 0.8475709210272102
vt 0.0841251588987146 0.8455451624940113
vt 0.09020501736734589 0.7796210203019418
vt 0.11217039604818614 0.7816467788351407
vt 0.0841251588987146 0.8455451624940113
vt 0.062159780217874355 0.8435194039608125
vt 0.06823963868650562 0.7775952617687429
vt 0.09020501736734589 0.7796210203019418
vt 0.062159780217874355 0.8435194039608125
vt 0.040193623588435534 0.8414935736812514
vt 0.04627348205706683 0.7755694314891819
vt 0.06823963868650565 0.7775952617687429
vt 0.328125 0.7265625
vt 0.328125 0.734375
vt 0.3046875 0.734375
vt 0.3046875 0.7265625
vt 0.0234375 0.6796875
vt 0.0234375 0.6875
vt 0 0.6875
vt 0 0.6796875
vt 0.140625 0.6796875
vt 0.140625 0.6875
vt 0.1171875 0.6875
vt 0.1171875 0.6796875
vt 0.109375 0.671875
vt 0.109375 0.6796875
vt 0.0859375 0.6796875
vt 0.0859375 0.671875
vt 0.1015625 0.9921875
vt 0.1015625 1
vt 0.078125 1
vt 0.078125 0.9921875
vt 0.1328125 0.9921875
vt 0.1328125 1
vt 0.109375 1
vt 0.109375 0.9921875
vt 0.171875 0.671875
vt 0.171875 0.6796875
vt 0.1484375 0.6796875
vt 0.1484375 0.671875
vt 0.1640625 0.9921875
vt 0.1640625 1
vt 0.140625 1
vt 0.140625 0.9921875
vt 0.6125921875 1
vt 0.5905328125 1
vt 0.5905328125 0.93178125
vt 0.6125921875 0.93178125
vt 0.5905328125 1
vt 0.56847421875 1
vt 0.56847421875 0.93178125
vt 0.5905328125 0.93178125
vt 0.56847421875 1
vt 0.546415625 1
vt 0.546415625 0.93178125
vt 0.56847421875 0.93178125
vt 0.546415625 1
vt 0.52435625 1
vt 0.52435625 0.93178125
vt 0.546415625 0.93178125
vt 0.52435625 1
vt 0.50229765625 1
vt 0.50229765625 0.93178125
vt 0.52435625 0.93178125
vt 0.50229765625 1
vt 0.4802390625 1
vt 0.4802390625 0.93178125
vt 0.50229765625 0.93178125
vt 0.4802390625 1
vt 0.45818046874999996 1
vt 0.45818046874999996 0.93178125
vt 0.4802390625 0.93178125
vt 0.45818046874999996 1
vt 0.43612109374999997 1
vt 0.43612109374999997 0.93178125
vt 0.45818046874999996 0.93178125
vt 0.6125921875 0.93178125
vt 0.5905328125 0.93178125
vt 0.5905328125 0.82479296875
vt 0.6125921875 0.82479296875
vt 0.5905328125 0.93178125
vt 0.56847421875 0.93178125
vt 0.56847421875 0.82479296875
vt 0.5905328125 0.82479296875
vt 0.56847421875 0.93178125
vt 0.5464156250000001 0.93178125
vt 0.5464156250000001 0.82479296875
vt 0.56847421875 0.82479296875
vt 0.5464156250000001 0.93178125
vt 0.52435625 0.93178125
vt 0.52435625 0.82479296875
vt 0.5464156250000001 0.82479296875
vt 0.52435625 0.93178125
vt 0.50229765625 0.93178125
vt 0.50229765625 0.82479296875
vt 0.52435625 0.82479296875
vt 0.50229765625 0.93178125
vt 0.4802390625 0.93178125
vt 0.4802390625 0.82479296875
vt 0.50229765625 0.82479296875
vt 0.4802390625 0.93178125
vt 0.45818046874999996 0.93178125
vt 0.45818046874999996 0.82479296875
vt 0.4802390625 0.82479296875
vt 0.45818046874999996 0.93178125
vt 0.43612109374999997 0.93178125
vt 0.43612109374999997 0.82479296875
vt 0.45818046874999996 0.82479296875
vt 0.5905328125 0.8125
vt 0.5905328125 0.8046875
vt 0.6125921875 0.8046875
vt 0.6125921875 0.8125
vt 0.5436578125 0.78125
vt 0.5436578125 0.7734375
vt 0.5657171875 0.7734375
vt 0.5657171875 0.78125
vt 0.5657171875 0.78125
vt 0.5657171875 0.7734375
vt 0.58777578125 0.7734375
vt 0.58777578125 0.78125
vt 0.58777578125 0.78125
vt 0.58777578125 0.7734375
vt 0.6098343749999999 0.7734375
vt 0.6098343749999999 0.78125
vt 0.6098343749999999 0.78125
vt 0.6098343749999999 0.7734375
vt 0.63189375 0.7734375
vt 0.63189375 0.78125
vt 0.63189375 0.78125
vt 0.63189375 0.7734375
vt 0.65395234375 0.7734375
vt 0.65395234375 0.78125
vt 0.65395234375 0.78125
vt 0.65395234375 0.7734375
vt 0.6760109375000001 0.7734375
vt 0.6760109375000001 0.78125
vt 0.6760109375000001 0.78125
vt 0.6760109375000001 0.7734375
vt 0.69806953125 0.7734375
vt 0.69806953125 0.78125
vt 0.69806953125 0.78125
vt 0.69806953125 0.7734375
vt 0.72012890625 0.7734375
vt 0.72012890625 0.78125
vt 0.72012890625 0.78125
vt 0.72012890625 0.7734375
vt 0.7421875 0.7734375
vt 0.7421875 0.78125
vt 0.003494921875000001 0.70604296875
vt 0.004176171875000009 0.6982601562499999
vt 0.070179296875 0.71094453125
vt 0.070519921875 0.71875
vt 0.070519921875 0.71875
vt 0.070179296875 0.71094453125
vt 0.17517304687500002 0.69427734375
vt 0.176192578125 0.7020234375000001
vt 0.4140625 0.8125
vt 0.4140625 0.8046875
vt 0.43612109374999997 0.8046875
vt 0.43612109374999997 0.8125
vt 0.43612109374999997 0.8125
vt 0.43612109374999997 0.8046875
vt 0.45818046874999996 0.8046875
vt 0.45818046874999996 0.8125
vt 0.45818046874999996 0.8125
vt 0.45818046874999996 0.8046875
vt 0.4802390625 0.8046875
vt 0.4802390625 0.8125
vt 0.4802390625 0.8125
vt 0.4802390625 0.8046875
vt 0.50229765625 0.8046875
vt 0.50229765625 0.8125
vt 0.50229765625 0.8125
vt 0.50229765625 0.8046875
vt 0.52435625 0.8046875
vt 0.52435625 0.8125
vt 0.52435625 0.8125
vt 0.52435625 0.8046875
vt 0.5464156250000001 0.8046875
vt 0.5464156250000001 0.8125
vt 0.5464156250000001 0.8125
vt 0.5464156250000001 0.8046875
vt 0.56847421875 0.8046875
vt 0.56847421875 0.8125
vt 0.56847421875 0.8125
vt 0.56847421875 0.8046875
vt 0.5905328125 0.8046875
vt 0.5905328125 0.8125
vt 0.5821492683473778 0.6439549479005114
vt 0.5787385480751793 0.7576869681137968
vt 0.5732722096956538 0.750179381305351
vt 0.5743585179599711 0.6438784330700139
vt 0.002342586681173431 0.9515631106257437
vt 0.01044875892181868 0.8387503515272986
vt 0.01822824490759528 0.8394678151480526
vt 0.008527849769553286 0.9446495774701466
vt 0.5001054875920151 0.7245710937500001
vt 0.5275414250920152 0.7274421875
vt 0.5213539250920152 0.734375
vt 0.49938908134201515 0.73234921875
vt 0.019492003096070826 0.7655997840028961
vt 0.04699094567782078 0.7677899455034054
vt 0.046273500589391475 0.7755692305424637
vt 0.02430797377317373 0.7735450534101526
vt 0.5787385480751793 0.7576869681137968
vt 0.5511520964900994 0.7578123838431943
vt 0.5512162322030849 0.750000513336432
vt 0.5732735397555885 0.7501812080382985
vt 0.029777667508117667 0.9544462892279443
vt 0.0023419955777724266 0.951559332079805
vt 0.008531550368705704 0.9446359181273093
vt 0.03049510701639291 0.9466693995792718
vt 0.5805940181859641 0.5693063867331174
vt 0.5821492683473778 0.6439549479005114
vt 0.5743371451043336 0.643878223162066
vt 0.5749971543218628 0.5766759953884274
vt 0.01053336163802937 0.8387672724509972
vt 0.019408277719132033 0.7656479483795608
vt 0.024308103376226575 0.773543672955983
vt 0.018229235936679106 0.8394570693810954
vt 0.3967455815100625 0.7565447012927404
vt 0.37468694992457763 0.7563635992041956
vt 0.374751088644136 0.7485513624902542
vt 0.3968097202296208 0.748732464578799
vt 0.20550258578304723 0.9706573973514074
vt 0.18353648478203824 0.968630963981149
vt 0.18425416199207453 0.9608514976966154
vt 0.20622026299308352 0.9628779310668739
vt 0.41880343187187596 0.7567257969674133
vt 0.3967455815100625 0.7565447012927404
vt 0.3968097202296208 0.748732464578799
vt 0.41886757059143426 0.7489135602534719
vt 0.18353648478203824 0.968630963981149
vt 0.1615711617276577 0.9666046023786115
vt 0.162288838937694 0.9588251360940779
vt 0.18425416199207453 0.9608514976966154
vt 0.4408612822336894 0.7569068926420861
vt 0.41880343187187596 0.7567257969674133
vt 0.41886757059143426 0.7489135602534719
vt 0.4409254209532477 0.7490946559281448
vt 0.1615711617276577 0.9666046023786115
vt 0.13960583867327717 0.964578240776074
vt 0.1403235158833135 0.9567987744915404
vt 0.162288838937694 0.9588251360940779
vt 0.46291991381917424 0.757087994730631
vt 0.4408612822336894 0.7569068926420861
vt 0.4409254209532477 0.7490946559281448
vt 0.46298405253873254 0.7492757580166896
vt 0.13960583867327717 0.964578240776074
vt 0.1176397376722682 0.9625518074058155
vt 0.1183574148823045 0.954772341121282
vt 0.1403235158833135 0.9567987744915404
vt 0.4849777641809877 0.7572690904053038
vt 0.4629199138191743 0.7570879947306309
vt 0.46298405253873254 0.7492757580166896
vt 0.485041902900546 0.7494568536913624
vt 0.11763973767226818 0.9625518074058155
vt 0.09567441461788767 0.9605254458032779
vt 0.09639209182792399 0.9527459795187443
vt 0.1183574148823045 0.954772341121282
vt 0.5070356145428012 0.7574501860799767
vt 0.4849777641809877 0.7572690904053038
vt 0.485041902900546 0.7494568536913624
vt 0.5070997532623595 0.7496379493660353
vt 0.09567441461788767 0.9605254458032779
vt 0.07370909156350713 0.9584990842007404
vt 0.07442676877354346 0.9507196179162068
vt 0.09639209182792399 0.9527459795187444
vt 0.5290934649046146 0.7576312817546496
vt 0.5070356145428012 0.7574501860799767
vt 0.5070997532623595 0.7496379493660353
vt 0.529157603624173 0.7498190450407082
vt 0.07370909156350713 0.9584990842007404
vt 0.051743768509126625 0.9564727225982028
vt 0.05246144571916295 0.9486932563136693
vt 0.07442676877354346 0.9507196179162068
vt 0.5511520964900996 0.7578123838431943
vt 0.5290934649046146 0.7576312817546496
vt 0.529157603624173 0.7498190450407082
vt 0.5512162352096578 0.750000147129253
vt 0.051743768509126625 0.9564727225982028
vt 0.029777667508117667 0.9544462892279443
vt 0.03049534471815399 0.9466668229434108
vt 0.05246144571916295 0.9486932563136693
vt 0.3243782003087807 0.7083856857107548
vt 0.3463445974423826 0.7104089064993759
vt 0.34562805799323215 0.718188477661581
vt 0.3236616608596302 0.7161652568729597
vt 0.20075015234089963 0.7819703987285216
vt 0.22271630897033845 0.7839962290080824
vt 0.22199884534958447 0.7917757149938591
vt 0.20003268872014565 0.7897498847142981
vt 0.3463445974423826 0.7104089064993759
vt 0.3683102166188683 0.7124320556340523
vt 0.3675936771697179 0.7202116267962573
vt 0.34562805799323215 0.718188477661581
vt 0.17878477366005938 0.7799446401953227
vt 0.20075015234089963 0.7819703987285216
vt 0.20003268872014565 0.7897498847142981
vt 0.1780673100393054 0.7877241261810992
vt 0.3683102166188683 0.7124320556340523
vt 0.3902758357953541 0.7144552047687286
vt 0.3895592963462036 0.7222347759309335
vt 0.3675936771697179 0.7202116267962573
vt 0.15681939497921915 0.7779188816621239
vt 0.17878477366005938 0.7799446401953227
vt 0.1780673100393054 0.7877241261810992
vt 0.15610193135846517 0.7856983676479004
vt 0.3902758357953541 0.7144552047687286
vt 0.412242232928956 0.7164784255573499
vt 0.41152569347980555 0.7242579967195548
vt 0.3895592963462036 0.7222347759309335
vt 0.13485323834978033 0.7758930513825628
vt 0.15681939497921915 0.7779188816621239
vt 0.15610193135846517 0.7856983676479004
vt 0.13413577472902635 0.7836725373683395
vt 0.412242232928956 0.7164784255573499
vt 0.4342078521054417 0.7185015746920261
vt 0.43349131265629126 0.7262811458542311
vt 0.41152569347980555 0.7242579967195548
vt 0.11288785966894009 0.773867292849364
vt 0.13485323834978033 0.7758930513825628
vt 0.13413577472902635 0.7836725373683395
vt 0.11217039604818611 0.7816467788351407
vt 0.4342078521054417 0.7185015746920261
vt 0.4561734712819275 0.7205247238267025
vt 0.455456931832777 0.7283042949889075
vt 0.43349131265629126 0.7262811458542311
vt 0.09092248098809984 0.7718415343161651
vt 0.11288785966894009 0.773867292849364
vt 0.11217039604818611 0.7816467788351407
vt 0.09020501736734586 0.7796210203019418
vt 0.4561734712819275 0.7205247238267025
vt 0.4781390904584132 0.7225478729613788
vt 0.47742255100926273 0.7303274441235837
vt 0.455456931832777 0.7283042949889075
vt 0.0689571023072596 0.7698157757829663
vt 0.09092248098809984 0.7718415343161651
vt 0.09020501736734586 0.7796210203019418
vt 0.06823963868650562 0.7775952617687429
vt 0.4781390904584132 0.7225478729613788
vt 0.5001054875920151 0.7245710937500001
vt 0.49938894814286466 0.7323506649122049
vt 0.47742255100926273 0.7303274441235837
vt 0.04699094567782078 0.7677899455034054
vt 0.0689571023072596 0.7698157757829663
vt 0.06823963868650562 0.7775952617687429
vt 0.0462734820570668 0.775569431489182
vt 0.171875 0.6171875
vt 0.171875 0.609375
vt 0.1796875 0.609375
vt 0.1796875 0.6171875
vt 0.5787735392515051 0.7654995238156233
vt 0.5511879957359349 0.765625
vt 0.5511522256980113 0.757812383255779
vt 0.5787385480751793 0.7576869681137968
vt 0.443466015625 0.661346875
vt 0.44448554687499997 0.6690921875
vt 0.43673945312499995 0.67011171875
vt 0.43571992187499997 0.66236640625
vt 0.02895982895235011 0.9622160639984505
vt 0.001525490756941833 0.9593283993806319
vt 0.002342531004271814 0.9515593884208111
vt 0.029777667508117694 0.9544462892279443
vt 0 0.9765625
vt 0 0.96875
vt 0.0078125 0.96875
vt 0.0078125 0.9765625
vt 0.5290293261850564 0.7654435184685908
vt 0.5069714758232429 0.765262422793918
vt 0.5070356145428012 0.7574501860799767
vt 0.5290934649046146 0.7576312817546496
vt 0.078125 0.9765625
vt 0.0859375 0.9765625
vt 0.0859375 0.984375
vt 0.078125 0.984375
vt 0.07299141435347081 0.9662785504852739
vt 0.051026091299090304 0.9642521888827363
vt 0.051743768509126625 0.9564727225982028
vt 0.07370909156350713 0.9584990842007404
vt 0 0.78125
vt 0 0.7734375
vt 0.0078125 0.7734375
vt 0.0078125 0.78125
vt 0.4849136254614294 0.7650813271192451
vt 0.46285577509961595 0.7649002314445723
vt 0.46291991381917424 0.7570879947306309
vt 0.4849777641809877 0.7572690904053038
vt 0 0.7578125
vt 0.0078125 0.7578125
vt 0.0078125 0.765625
vt 0 0.765625
vt 0.11692206046223186 0.970331273690349
vt 0.09495673740785134 0.9683049120878114
vt 0.09567441461788767 0.9605254458032779
vt 0.11763973767226818 0.9625518074058155
vt 0.1640625 0.7578125
vt 0.1640625 0.75
vt 0.171875 0.75
vt 0.171875 0.7578125
vt 0.44079714351413113 0.7647191293560275
vt 0.4187392931523176 0.7645380336813546
vt 0.41880343187187596 0.7567257969674133
vt 0.4408612822336894 0.7569068926420861
vt 0.1328125 0.71875
vt 0.140625 0.71875
vt 0.140625 0.7265625
vt 0.1328125 0.7265625
vt 0.1608534845176214 0.9743840686631451
vt 0.13888816146324087 0.9723577070606075
vt 0.13960583867327717 0.964578240776074
vt 0.1615711617276577 0.9666046023786115
vt 0.3966814427905042 0.7643569380066817
vt 0.3746228112050194 0.764175835918137
vt 0.37468694992457763 0.7563635992041956
vt 0.3967455815100625 0.7565447012927404
vt 0.125 0.6328125
vt 0.1328125 0.6328125
vt 0.1328125 0.640625
vt 0.125 0.640625
vt 0.20478490857301093 0.978436863635941
vt 0.18281880757200195 0.9764104302656825
vt 0.18353648478203824 0.968630963981149
vt 0.20550258578304723 0.9706573973514074
vt 0.09375 0.625
vt 0.09375 0.6171875
vt 0.1015625 0.6171875
vt 0.1015625 0.625
vt 0.32509473975793113 0.7006061145485498
vt 0.34706113689153306 0.7026293353371711
vt 0.3463445974423826 0.7104089064993759
vt 0.3243782003087807 0.7083856857107548
vt 0.2014676159616536 0.7741909127427449
vt 0.22343377259109243 0.7762167430223059
vt 0.22271630897033845 0.7839962290080824
vt 0.20075015234089963 0.7819703987285216
vt 0.125 0.625
vt 0.125 0.6171875
vt 0.1328125 0.6171875
vt 0.1328125 0.625
vt 0.3690267560680188 0.7046524844718474
vt 0.39099237524450453 0.7066756336065236
vt 0.3902758357953541 0.7144552047687286
vt 0.3683102166188683 0.7124320556340523
vt 0.2421875 0.6171875
vt 0.25 0.6171875
vt 0.25 0.625
vt 0.2421875 0.625
vt 0.15753685859997313 0.7701393956763471
vt 0.17950223728081338 0.772165154209546
vt 0.1787847736600594 0.7799446401953227
vt 0.15681939497921915 0.7779188816621239
vt 0.2578125 0.625
vt 0.2578125 0.6171875
vt 0.265625 0.6171875
vt 0.265625 0.625
vt 0.41295877237810646 0.7086988543951449
vt 0.43492439155459217 0.7107220035298212
vt 0.4342078521054417 0.7185015746920261
vt 0.412242232928956 0.7164784255573499
vt 0.2734375 0.6171875
vt 0.28125 0.6171875
vt 0.28125 0.625
vt 0.2734375 0.625
vt 0.11360532328969407 0.7660878068635875
vt 0.1355707019705343 0.7681135653967863
vt 0.13485323834978033 0.7758930513825628
vt 0.11288785966894009 0.773867292849364
vt 0.375 0.625
vt 0.375 0.6171875
vt 0.3828125 0.6171875
vt 0.3828125 0.625
vt 0.45689001073107793 0.7127451526644974
vt 0.4788556299075637 0.7147683017991738
vt 0.47813909045841324 0.7225478729613788
vt 0.4561734712819275 0.7205247238267025
vt 0.0625 0.609375
vt 0.0703125 0.609375
vt 0.0703125 0.6171875
vt 0.0625 0.6171875
vt 0.06967456592801358 0.7620362897971897
vt 0.09163994460885383 0.7640620483303886
vt 0.09092248098809985 0.7718415343161651
vt 0.0689571023072596 0.7698157757829663
vt 0.243014453125 0.673653125
vt 0.243694921875 0.6658703125000001
vt 0.251477734375 0.6665515625
vt 0.250797265625 0.6743343749999999
vt 0.5009186203765177 0.7168016079211005
vt 0.5283547129799147 0.7196719350766856
vt 0.5275415634178873 0.7274422019754138
vt 0.5001054875920151 0.7245710937500001
vt 0.140625 0.609375
vt 0.1484375 0.609375
vt 0.1484375 0.6171875
vt 0.140625 0.6171875
vt 0.0201119247273622 0.7578125
vt 0.04761067406873945 0.7600026461098222
vt 0.0469907524374481 0.7677899301127181
vt 0.019492003096070826 0.7655997840028961
vt 0.3319578125 0.65625
vt 0.2195109375 0.6388617187500001
vt 0.22053046874999999 0.6311164062500001
vt 0.3322984375 0.64844453125
vt 0.76700390625 0.93178125
vt 0.76700390625 0.82479296875
vt 0.7890625 0.82479296875
vt 0.7890625 0.93178125
vt 0.3599777984059901 0.9770620727331387
vt 0.3696781935440321 0.8718803104110447
vt 0.39164357222487234 0.8739060689442435
vt 0.38194317708683034 0.9790878312663376
vt 0.07413353362577532 0.6640625
vt 0.07430397110078575 0.6953125
vt 0.06649146637422468 0.6953125
vt 0.06632102889921425 0.6640625
vt 0.03125 0.9924413974065642
vt 0 0.9921875112890544
vt 0 0.984375
vt 0.03125 0.9846288861175099
vt 0.3696781935440321 0.8718803104110447
vt 0.3757580520126633 0.8059561682189752
vt 0.3977234306935036 0.8079819267521741
vt 0.39164357222487234 0.8739060689442435
vt 0.40545234375 0.6430843749999999
vt 0.3319578125 0.65625
vt 0.3322984375 0.64844453125
vt 0.404771875 0.6353015625
vt 0.76700390625 1
vt 0.76700390625 0.93178125
vt 0.7890625 0.93178125
vt 0.7890625 1
vt 0.0234375 0.65625
vt 0 0.65625
vt 0 0.6484375
vt 0.0234375 0.6484375
vt 0.234375 0.6640625
vt 0.2109375 0.6640625
vt 0.2109375 0.65625
vt 0.234375 0.65625
vt 0.171875 0.6640625
vt 0.1484375 0.6640625
vt 0.1484375 0.65625
vt 0.171875 0.65625
vt 0.109375 0.6640625
vt 0.0859375 0.6640625
vt 0.0859375 0.65625
vt 0.109375 0.65625
vt 0.140625 0.671875
vt 0.1171875 0.671875
vt 0.1171875 0.6640625
vt 0.140625 0.6640625
vt 0.0234375 0.671875
vt 0 0.671875
vt 0 0.6640625
vt 0.0234375 0.6640625
vt 0.234375 0.6796875
vt 0.2109375 0.6796875
vt 0.2109375 0.671875
vt 0.234375 0.671875
vt 0.23788436556179351 0.8597256157191273
vt 0.22818397042375146 0.9649073780412214
vt 0.20621859174291124 0.9628816195080225
vt 0.21591898688095326 0.8576998571859286
vt 0.25984974424263374 0.8617513742523262
vt 0.25014934910459174 0.9669331365744203
vt 0.22818397042375146 0.9649073780412214
vt 0.23788436556179351 0.8597256157191274
vt 0.28181590087207264 0.8637772045318872
vt 0.27211550573403054 0.9689589668539812
vt 0.25014934910459174 0.9669331365744203
vt 0.25984974424263374 0.8617513742523263
vt 0.3037812795529128 0.8658029630650861
vt 0.2940808844148708 0.9709847253871801
vt 0.27211550573403054 0.9689589668539812
vt 0.28181590087207264 0.8637772045318872
vt 0.32574665823375304 0.867828721598285
vt 0.31604626309571104 0.9730104839203789
vt 0.2940808844148708 0.9709847253871801
vt 0.3037812795529128 0.8658029630650861
vt 0.3477120369145933 0.8698544801314838
vt 0.3380116417765513 0.9750362424535778
vt 0.31604626309571104 0.9730104839203789
vt 0.32574665823375304 0.867828721598285
vt 0.3696781935440321 0.8718803104110446
vt 0.3599777984059901 0.9770620727331387
vt 0.3380116417765513 0.9750362424535778
vt 0.3477120369145933 0.8698544801314838
vt 0.24396422403042475 0.793801473527058
vt 0.23788436556179346 0.8597256157191274
vt 0.2159189868809532 0.8576998571859286
vt 0.2219988453495845 0.7917757149938591
vt 0.265929602711265 0.7958272320602569
vt 0.25984974424263374 0.8617513742523263
vt 0.23788436556179346 0.8597256157191274
vt 0.24396422403042475 0.793801473527058
vt 0.28789575934070377 0.7978530623398177
vt 0.28181590087207253 0.8637772045318872
vt 0.25984974424263374 0.8617513742523263
vt 0.265929602711265 0.7958272320602569
vt 0.309861138021544 0.7998788208730165
vt 0.3037812795529128 0.8658029630650861
vt 0.28181590087207253 0.8637772045318872
vt 0.28789575934070377 0.7978530623398177
vt 0.3318265167023843 0.8019045794062154
vt 0.32574665823375304 0.867828721598285
vt 0.3037812795529128 0.8658029630650861
vt 0.309861138021544 0.7998788208730165
vt 0.35379189538322453 0.8039303379394143
vt 0.3477120369145933 0.8698544801314838
vt 0.32574665823375304 0.867828721598285
vt 0.3318265167023843 0.8019045794062154
vt 0.3757580520126633 0.8059561682189752
vt 0.3696781935440321 0.8718803104110447
vt 0.3477120369145933 0.8698544801314838
vt 0.35379189538322453 0.8039303379394143
vt 0.109375 0.6953125
vt 0.0859375 0.6953125
vt 0.0859375 0.6875
vt 0.109375 0.6875
vt 0.296875 0.734375
vt 0.2734375 0.734375
vt 0.2734375 0.7265625
vt 0.296875 0.7265625
vt 0.265625 0.734375
vt 0.2421875 0.734375
vt 0.2421875 0.7265625
vt 0.265625 0.7265625
vt 0.234375 0.734375
vt 0.2109375 0.734375
vt 0.2109375 0.7265625
vt 0.234375 0.7265625
vt 0.2578125 1
vt 0.234375 1
vt 0.234375 0.9921875
vt 0.2578125 0.9921875
vt 0.2265625 1
vt 0.203125 1
vt 0.203125 0.9921875
vt 0.2265625 0.9921875
vt 0.1953125 1
vt 0.171875 1
vt 0.171875 0.9921875
vt 0.1953125 0.9921875
vt 0.63465078125 0.93178125
vt 0.63465078125 1
vt 0.6125921875 1
vt 0.6125921875 0.93178125
vt 0.6567093749999999 0.93178125
vt 0.6567093749999999 1
vt 0.63465078125 1
vt 0.63465078125 0.93178125
vt 0.6787687499999999 0.93178125
vt 0.6787687499999999 1
vt 0.6567093749999999 1
vt 0.6567093749999999 0.93178125
vt 0.7008273437499999 0.93178125
vt 0.70082734375 1
vt 0.67876875 1
vt 0.6787687499999999 0.93178125
vt 0.7228859375 0.93178125
vt 0.7228859375000001 1
vt 0.70082734375 1
vt 0.7008273437499999 0.93178125
vt 0.74494453125 0.93178125
vt 0.74494453125 1
vt 0.7228859375000001 1
vt 0.7228859375 0.93178125
vt 0.76700390625 0.93178125
vt 0.76700390625 1
vt 0.74494453125 1
vt 0.74494453125 0.93178125
vt 0.63465078125 0.82479296875
vt 0.63465078125 0.93178125
vt 0.6125921875 0.93178125
vt 0.6125921875 0.82479296875
vt 0.6567093749999999 0.82479296875
vt 0.6567093749999999 0.93178125
vt 0.63465078125 0.93178125
vt 0.63465078125 0.82479296875
vt 0.67876875 0.82479296875
vt 0.67876875 0.93178125
vt 0.6567093749999999 0.93178125
vt 0.6567093749999999 0.82479296875
vt 0.70082734375 0.82479296875
vt 0.70082734375 0.93178125
vt 0.67876875 0.93178125
vt 0.67876875 0.82479296875
vt 0.7228859375000001 0.82479296875
vt 0.7228859375000001 0.93178125
vt 0.70082734375 0.93178125
vt 0.70082734375 0.82479296875
vt 0.74494453125 0.82479296875
vt 0.74494453125 0.93178125
vt 0.7228859375000001 0.93178125
vt 0.7228859375000001 0.82479296875
vt 0.76700390625 0.82479296875
vt 0.76700390625 0.93178125
vt 0.74494453125 0.93178125
vt 0.74494453125 0.82479296875
vt 0.52159921875 0.7734375
vt 0.5436578125 0.7734375
vt 0.5436578125 0.78125
vt 0.52159921875 0.78125
vt 0.499540625 0.7734375
vt 0.52159921875 0.7734375
vt 0.52159921875 0.78125
vt 0.499540625 0.78125
vt 0.47748124999999997 0.7734375
vt 0.499540625 0.7734375
vt 0.499540625 0.78125
vt 0.47748124999999997 0.78125
vt 0.45542265625 0.7734375
vt 0.47748124999999997 0.7734375
vt 0.47748124999999997 0.78125
vt 0.45542265625 0.78125
vt 0.4333640625 0.7734375
vt 0.45542265625 0.7734375
vt 0.45542265625 0.78125
vt 0.4333640625 0.78125
vt 0.41130546874999996 0.7734375
vt 0.4333640625 0.7734375
vt 0.4333640625 0.78125
vt 0.41130546874999996 0.78125
vt 0.38924609374999997 0.7734375
vt 0.41130546874999996 0.7734375
vt 0.41130546874999996 0.78125
vt 0.38924609374999997 0.78125
vt 0.3671875 0.7734375
vt 0.38924609374999997 0.7734375
vt 0.38924609374999997 0.78125
vt 0.3671875 0.78125
vt 0.10950820312500001 0.7432296875
vt 0.175511328125 0.7305453125
vt 0.176192578125 0.738328125
vt 0.109167578125 0.75103515625
vt 0.004514453125000012 0.7265625
vt 0.10950820312500001 0.7432296875
vt 0.109167578125 0.75103515625
vt 0.003494921875000001 0.73430859375
vt 0.76700390625 0.8046875
vt 0.7890625 0.8046875
vt 0.7890625 0.8125
vt 0.76700390625 0.8125
vt 0.74494453125 0.8046875
vt 0.76700390625 0.8046875
vt 0.76700390625 0.8125
vt 0.74494453125 0.8125
vt 0.7228859375000001 0.8046875
vt 0.74494453125 0.8046875
vt 0.74494453125 0.8125
vt 0.7228859375000001 0.8125
vt 0.70082734375 0.8046875
vt 0.7228859375000001 0.8046875
vt 0.7228859375000001 0.8125
vt 0.70082734375 0.8125
vt 0.67876875 0.8046875
vt 0.70082734375 0.8046875
vt 0.70082734375 0.8125
vt 0.67876875 0.8125
vt 0.6567093749999999 0.8046875
vt 0.67876875 0.8046875
vt 0.67876875 0.8125
vt 0.6567093749999999 0.8125
vt 0.63465078125 0.8046875
vt 0.6567093749999999 0.8046875
vt 0.6567093749999999 0.8125
vt 0.63465078125 0.8125
vt 0.6125921875 0.8046875
vt 0.63465078125 0.8046875
vt 0.63465078125 0.8125
vt 0.6125921875 0.8125
vt 0.19828164998980893 0.7471083883067366
vt 0.1927001860254122 0.7545187408676892
vt 0.1912882316526222 0.6407443335259999
vt 0.19910049988589246 0.6408045107761585
vt 0.39164340657837327 0.8739078650556846
vt 0.39940142731462636 0.8746199676367395
vt 0.38677895992430666 0.9870167904310503
vt 0.38194317708683034 0.9790878312663376
vt 0.19969651439466526 0.5736053332491364
vt 0.194171204295486 0.5661353090987131
vt 0.22175511047424976 0.5657935922073337
vt 0.22175511047424976 0.5736059453700163
vt 0.3757578056935036 0.805956145502174
vt 0.37647499319350364 0.798177239252174
vt 0.40391014944350356 0.8010491142521741
vt 0.3977234306935036 0.8079819267521741
vt 0.22034454661911637 0.7472869740780029
vt 0.2202804349445408 0.7550959166537421
vt 0.19270018602541217 0.7545187408676892
vt 0.19828777532614555 0.7471002558701396
vt 0.38194317708683023 0.9790878312663376
vt 0.38676172623748095 0.9870246924134723
vt 0.35926140305696785 0.9848420721046116
vt 0.35997911821677164 0.9770621944527772
vt 0.19901855491566717 0.6408038795608924
vt 0.1912882316526222 0.6407443335259999
vt 0.194171204295486 0.5661353090987131
vt 0.19969716666140278 0.5736062150907333
vt 0.397722856722607 0.8079881503409627
vt 0.40390539344922793 0.8011041792321114
vt 0.39942305821064894 0.8746235325649976
vt 0.39164357222487234 0.8739060689442435
vt 0.374751088644136 0.7485513624902542
vt 0.37468694992457763 0.7563635992041956
vt 0.3526290995627642 0.7561825035295228
vt 0.3526932382823225 0.7483702668155814
vt 0.22818558604746403 0.9649042926694114
vt 0.22746790883742776 0.9726837589539449
vt 0.20550258578304723 0.9706573973514074
vt 0.20622026299308352 0.9628779310668739
vt 0.3526932382823225 0.7483702668155814
vt 0.3526290995627642 0.7561825035295228
vt 0.33057124920095077 0.7560014078548499
vt 0.33063538792050906 0.7481891711409085
vt 0.25015090910184457 0.9669306542719488
vt 0.2494332318918083 0.9747101205564823
vt 0.22746790883742776 0.9726837589539449
vt 0.22818558604746403 0.9649042926694114
vt 0.33063538792050906 0.7481891711409085
vt 0.33057124920095077 0.7560014078548499
vt 0.3085126176154659 0.7558203057663051
vt 0.30857675633502424 0.7480080690523637
vt 0.2721170101028536 0.9689570876422072
vt 0.27139933289281726 0.9767365539267409
vt 0.2494332318918083 0.9747101205564824
vt 0.25015090910184457 0.9669306542719488
vt 0.30857675633502424 0.7480080690523637
vt 0.30851261761546594 0.7558203057663051
vt 0.2864547672536525 0.7556392100916323
vt 0.2865189059732108 0.747826973377691
vt 0.2940823331572341 0.9709834492447448
vt 0.29336465594719785 0.9787629155292783
vt 0.27139933289281726 0.9767365539267409
vt 0.2721170101028536 0.9689570876422072
vt 0.2865189059732108 0.7478269733776909
vt 0.2864547672536525 0.7556392100916323
vt 0.26439691689183903 0.7554581144169595
vt 0.2644610556113973 0.7476458777030182
vt 0.3160476562116147 0.9730098108472822
vt 0.31532997900157833 0.9807892771318157
vt 0.29336465594719785 0.9787629155292783
vt 0.2940823331572341 0.9709834492447448
vt 0.2644610556113973 0.7476458777030182
vt 0.26439691689183903 0.7554581144169594
vt 0.2423390665300256 0.7552770187422867
vt 0.24240320524958386 0.7474647820283453
vt 0.33801297926599516 0.9750361724498195
vt 0.3372953020559589 0.9828156387343532
vt 0.31532997900157833 0.9807892771318157
vt 0.3160476562116147 0.9730098108472822
vt 0.24240320524958386 0.7474647820283453
vt 0.24233906653002563 0.7552770187422867
vt 0.22028043494454078 0.7550959166537421
vt 0.220344573664099 0.7472836799398007
vt 0.3599790802670042 0.9770626058200781
vt 0.35926140305696785 0.9848420721046116
vt 0.3372953020559589 0.9828156387343532
vt 0.33801297926599516 0.9750361724498195
vt 0.30169604168314446 0.7141421077382835
vt 0.30241258113229497 0.7063625365760784
vt 0.3243782003087807 0.7083856857107548
vt 0.3236616608596302 0.7161652568729597
vt 0.22199884534958447 0.7917757149938591
vt 0.22271630897033845 0.7839962290080824
vt 0.24468168765117868 0.7860219875412813
vt 0.2439642240304247 0.7938014735270579
vt 0.27973042250665875 0.7121189586036071
vt 0.2804469619558092 0.7043393874414021
vt 0.30241258113229497 0.7063625365760784
vt 0.30169604168314446 0.7141421077382835
vt 0.2439642240304247 0.793801473527058
vt 0.24468168765117868 0.7860219875412813
vt 0.26664706633201896 0.7880477460744801
vt 0.265929602711265 0.7958272320602567
vt 0.2577640253730568 0.7100957378149859
vt 0.25848056482220727 0.7023161666527808
vt 0.2804469619558092 0.7043393874414021
vt 0.27973042250665875 0.7121189586036071
vt 0.265929602711265 0.7958272320602567
vt 0.26664706633201896 0.7880477460744801
vt 0.28861322296145775 0.7900735763540411
vt 0.28789575934070377 0.7978530623398177
vt 0.23579840619657108 0.7080725886803095
vt 0.23651494564572154 0.7002930175181046
vt 0.25848056482220727 0.7023161666527808
vt 0.2577640253730568 0.7100957378149859
vt 0.28789575934070377 0.7978530623398177
vt 0.28861322296145775 0.7900735763540411
vt 0.310578601642298 0.7920993348872399
vt 0.309861138021544 0.7998788208730165
vt 0.21383278702008535 0.7060494395456333
vt 0.2145493264692358 0.6982698683834283
vt 0.23651494564572154 0.7002930175181046
vt 0.23579840619657108 0.7080725886803095
vt 0.309861138021544 0.7998788208730165
vt 0.310578601642298 0.7920993348872399
vt 0.33254398032313826 0.7941250934204388
vt 0.3318265167023843 0.8019045794062154
vt 0.24381448547424975 0.5736060922073337
vt 0.24381448547424975 0.5657935922073337
vt 0.26587307922424974 0.5657935922073337
vt 0.26587307922424974 0.5736060922073337
vt 0.3318265167023843 0.8019045794062154
vt 0.33254398032313826 0.7941250934204388
vt 0.3545093590039785 0.7961508519536377
vt 0.35379189538322453 0.8039303379394143
vt 0.22175511047424976 0.5736060922073337
vt 0.22175511047424976 0.5657935922073337
vt 0.24381448547424975 0.5657935922073337
vt 0.24381448547424975 0.5736060922073337
vt 0.35379189538322453 0.8039303379394143
vt 0.3545093590039785 0.7961508519536377
vt 0.3764755156334173 0.7981766822331986
vt 0.3757580520126633 0.8059561682189752
vt 0.15625 0.6171875
vt 0.15625 0.609375
vt 0.1640625 0.609375
vt 0.1640625 0.6171875
vt 0.22028043494454078 0.7550959166537421
vt 0.22011672164252383 0.7629068998084056
vt 0.192536932666268 0.7623296690508525
vt 0.19269986621144544 0.754518734174897
vt 0.2195109375 0.6388617187500001
vt 0.21176484375 0.6378421875
vt 0.21278437500000003 0.630096875
vt 0.22053046874999999 0.6311164062500001
vt 0.38676172623748095 0.9870246924134722
vt 0.38614320480728426 0.9948120229766344
vt 0.3586437199118565 0.9926303150101133
vt 0.3592615962961344 0.9848420874414398
vt 0.328125 0.6328125
vt 0.328125 0.625
vt 0.3359375 0.625
vt 0.3359375 0.6328125
vt 0.26439691689183903 0.7554581144169595
vt 0.2643327781722808 0.7632703511309009
vt 0.2422749278104673 0.7630892554562281
vt 0.24233906653002557 0.7552770187422867
vt 0.3203125 0.6328125
vt 0.3125 0.6328125
vt 0.3125 0.625
vt 0.3203125 0.625
vt 0.3372953020559589 0.9828156387343532
vt 0.3365776248459227 0.9905951050188867
vt 0.3146123017915421 0.9885687434163493
vt 0.31532997900157833 0.9807892771318157
vt 0.296875 0.6328125
vt 0.296875 0.625
vt 0.3046875 0.625
vt 0.3046875 0.6328125
vt 0.3085126176154659 0.7558203057663051
vt 0.30844847889590765 0.7636325424802465
vt 0.2863906285340942 0.7634514468055736
vt 0.2864547672536525 0.7556392100916323
vt 0.1796875 0.6328125
vt 0.171875 0.6328125
vt 0.171875 0.625
vt 0.1796875 0.625
vt 0.29336465594719785 0.9787629155292783
vt 0.2926469787371615 0.9865423818138118
vt 0.270681655682781 0.9845160202112744
vt 0.27139933289281726 0.9767365539267409
vt 0.15625 0.6328125
vt 0.15625 0.625
vt 0.1640625 0.625
vt 0.1640625 0.6328125
vt 0.3526290995627642 0.7561825035295228
vt 0.3525649608432059 0.7639947402434641
vt 0.3305071104813925 0.7638136445687913
vt 0.33057124920095077 0.7560014078548499
vt 0.1484375 0.6328125
vt 0.140625 0.6328125
vt 0.140625 0.625
vt 0.1484375 0.625
vt 0.2494332318918083 0.9747101205564823
vt 0.248715554681772 0.982489586841016
vt 0.22675023162739147 0.9804632252384785
vt 0.22746790883742776 0.9726837589539449
vt 0.34375 0.734375
vt 0.3359375 0.734375
vt 0.3359375 0.7265625
vt 0.34375 0.7265625
vt 0.109375 0.625
vt 0.109375 0.6171875
vt 0.1171875 0.6171875
vt 0.1171875 0.625
vt 0.046875 0.625
vt 0.046875 0.6171875
vt 0.0546875 0.6171875
vt 0.0546875 0.625
vt 0.2804469619558092 0.7043393874414021
vt 0.28116350140495966 0.6965598162791972
vt 0.30312912058144537 0.6985829654138735
vt 0.30241258113229497 0.7063625365760784
vt 0.0390625 0.625
vt 0.03125 0.625
vt 0.03125 0.6171875
vt 0.0390625 0.6171875
vt 0.24468168765117868 0.7860219875412813
vt 0.24539915127193265 0.7782425015555047
vt 0.26736452995277293 0.7802682600887035
vt 0.26664706633201896 0.7880477460744801
vt 0.015625 0.625
vt 0.015625 0.6171875
vt 0.0234375 0.6171875
vt 0.0234375 0.625
vt 0.23651494564572154 0.7002930175181046
vt 0.237231485094872 0.6925134463558996
vt 0.2591971042713577 0.694536595490576
vt 0.25848056482220727 0.7023161666527808
vt 0.0078125 0.625
vt 0 0.625
vt 0 0.6171875
vt 0.0078125 0.6171875
vt 0.28861322296145775 0.7900735763540411
vt 0.2893306865822117 0.7822940903682645
vt 0.311296065263052 0.7843198489014633
vt 0.310578601642298 0.7920993348872399
vt 0.359375 0.6328125
vt 0.359375 0.625
vt 0.3671875 0.625
vt 0.3671875 0.6328125
vt 0.24381448547424975 0.5657935922073337
vt 0.24381448547424975 0.5579810922073337
vt 0.26587307922424974 0.5579810922073337
vt 0.26587307922424974 0.5657935922073337
vt 0.3515625 0.6328125
vt 0.34375 0.6328125
vt 0.34375 0.625
vt 0.3515625 0.625
vt 0.33254398032313826 0.7941250934204388
vt 0.33326144394389223 0.7863456074346622
vt 0.3552268226247325 0.7883713659678611
vt 0.3545093590039785 0.7961508519536377
vt 0.404771875 0.6353015625
vt 0.4125546875 0.6346203125000001
vt 0.41323515625 0.642403125
vt 0.40545234375 0.6430843749999999
vt 0.194171204295486 0.5661353090987131
vt 0.1940744129992601 0.5583232100637117
vt 0.22165813497405532 0.5579822740881039
vt 0.22175498122732515 0.5657935938084795
vt 0.0859375 0.6171875
vt 0.078125 0.6171875
vt 0.078125 0.609375
vt 0.0859375 0.609375
vt 0.37647499319350364 0.798177239252174
vt 0.377288587010432 0.7904078016874748
vt 0.40472450924305814 0.7932797568694987
vt 0.4039109154261298 0.801049194434198
vn 0.9997976630718378 -0.002625598243455398 -0.019943398656090603
vn 0 0.9877037143806787 -0.15633736788948036
vn 0 -0.9875627800552501 0.15722517435050212
vn 0.012417355273529527 -0.08714902318561236 0.9961178931460897
vn 0.012753605450213281 -0.13051557645522605 -0.9913642266344799
vn 0 -0.9815404121325532 -0.19125485444991458
vn 0.99950659636386 0.0013700681016632532 0.03137971858587938
vn 0 0.982500657878298 0.18625911325009514
vn 0 -0.1305261922200512 -0.9914448613738105
vn 0 -0.13052619222005118 -0.9914448613738105
vn 0 -0.13052619222005118 -0.9914448613738105
vn 0 -0.13052619222005118 -0.9914448613738105
vn 0 -0.13052619222005118 -0.9914448613738105
vn 0 -0.13052619222005118 -0.9914448613738105
vn 0 -0.13052619222005118 -0.9914448613738105
vn 0 -0.13052619222005118 -0.9914448613738105
vn 0 -0.9875627800552501 0.15722517435050215
vn 0 -0.9875627800552501 0.15722517435050212
vn 0 -0.9875627800552501 0.15722517435050215
vn 0 -0.9875627800552501 0.15722517435050212
vn 0 -0.9875627800552501 0.15722517435050212
vn 0 -0.9875627800552501 0.15722517435050212
vn 0 -0.9875627800552501 0.15722517435050212
vn 0 -0.9875627800552501 0.15722517435050212
vn 0 -0.9815404121325532 -0.19125485444991452
vn 0 -0.9815404121325532 -0.19125485444991458
vn 0 -0.9815404121325532 -0.19125485444991458
vn 0 -0.9815404121325532 -0.19125485444991452
vn 0 -0.9815404121325532 -0.19125485444991452
vn 0 -0.9815404121325532 -0.19125485444991452
vn 0 -0.9815404121325532 -0.19125485444991452
vn 0 -0.9815404121325532 -0.19125485444991458
vn 0 -0.08715574274765998 0.9961946980917455
vn 0 -0.08715574274765998 0.9961946980917455
vn 0 -0.08715574274765998 0.9961946980917455
vn 0 -0.08715574274765998 0.9961946980917455
vn 0 -0.08715574274765998 0.9961946980917454
vn 0 -0.08715574274765998 0.9961946980917454
vn 0 -0.08715574274765998 0.9961946980917455
vn 0 -0.08715574274765998 0.9961946980917454
vn 0 0.9825006578782981 0.18625911325009514
vn 0 0.982500657878298 0.18625911325009514
vn 0 0.982500657878298 0.18625911325009514
vn 0 0.982500657878298 0.18625911325009514
vn 0 0.982500657878298 0.18625911325009514
vn 0 0.982500657878298 0.18625911325009514
vn 0 0.982500657878298 0.18625911325009514
vn 0 0.982500657878298 0.18625911325009514
vn 0 0.9877037143806788 -0.15633736788948036
vn 0 0.9877037143806787 -0.15633736788948036
vn 0 0.9877037143806787 -0.15633736788948036
vn 0 0.9877037143806787 -0.15633736788948036
vn 0 0.9877037143806787 -0.15633736788948036
vn 0 0.9877037143806787 -0.15633736788948036
vn 0 0.9877037143806787 -0.15633736788948036
vn 0 0.9877037143806787 -0.15633736788948036
vn 0 -0.13052619222005118 -0.9914448613738105
vn 0 -0.08715574274765822 0.9961946980917457
vn 0 -0.08715574274765822 0.9961946980917457
vn 0 -0.08715574274765822 0.9961946980917457
vn 0 -0.08715574274765822 0.9961946980917457
vn 0 -0.08715574274765822 0.9961946980917457
vn 0 -0.08715574274765822 0.9961946980917457
vn 0 -0.08715574274765822 0.9961946980917457
vn 0 -0.08715574274765822 0.9961946980917457
vn 0 -0.08715574274765822 0.9961946980917457
vn 1 1.0854704844356523e-16 -1.2406984410203193e-15
vn 1 9.170031575650476e-17 2.1002825328041424e-15
vn 0 -0.13052619222005118 -0.9914448613738106
vn 0 -0.13052619222005118 -0.9914448613738105
vn 0 -0.13052619222005118 -0.9914448613738105
vn 0 -0.13052619222005118 -0.9914448613738105
vn 0 -0.13052619222005118 -0.9914448613738105
vn 0 -0.13052619222005118 -0.9914448613738105
vn 0 -0.13052619222005118 -0.9914448613738105
vn 0 -0.13052619222005118 -0.9914448613738105
vn -0.07435606901706142 0.9857416944647823 -0.15094531060629157
vn 0 -0.9881889150477072 0.15324055656658048
vn -0.0063944709823403985 0.9975855385530825 0.06915348155091247
vn 0.006171273272183558 -0.9961757280659541 -0.08715408308545644
vn -0.009242004170357395 0.9914025185161215 -0.1305206176770814
vn 0.009583729739511694 -0.9945682893750353 0.10364395734386155
vn 0 0.9843166711829351 0.17641057460182477
vn 0.1473601687211636 -0.9740006217840333 -0.17206908333220997
vn 0 0.9914448613738105 -0.13052619222005113
vn 0 -0.9914448613738105 0.13052619222005107
vn 0 0.9914448613738105 -0.13052619222005113
vn 0 -0.9914448613738105 0.13052619222005107
vn 0 0.9914448613738105 -0.13052619222005113
vn 0 -0.9914448613738105 0.13052619222005107
vn 0 0.9914448613738105 -0.13052619222005113
vn 0 -0.9914448613738105 0.13052619222005107
vn 0 0.9914448613738105 -0.13052619222005113
vn 0 -0.9914448613738105 0.13052619222005107
vn 0 0.9914448613738105 -0.13052619222005113
vn 0 -0.9914448613738105 0.13052619222005107
vn 0 0.9914448613738105 -0.13052619222005113
vn 0 -0.9914448613738105 0.13052619222005107
vn 0 0.9914448613738105 -0.13052619222005113
vn 0 -0.9914448613738105 0.13052619222005107
vn 0 0.9961946980917455 0.08715574274766004
vn 0 -0.9961946980917455 -0.08715574274765998
vn 0 0.9961946980917455 0.08715574274766004
vn 0 -0.9961946980917455 -0.08715574274765998
vn 0 0.9961946980917455 0.08715574274766004
vn 0 -0.9961946980917455 -0.08715574274765998
vn 0 0.9961946980917455 0.08715574274766004
vn 0 -0.9961946980917455 -0.08715574274765998
vn 0 0.9961946980917455 0.08715574274766004
vn 0 -0.9961946980917455 -0.08715574274765998
vn 0 0.9961946980917455 0.08715574274766004
vn 0 -0.9961946980917455 -0.08715574274765998
vn 0 0.9961946980917455 0.08715574274766004
vn 0 -0.9961946980917455 -0.08715574274765998
vn 0 0.9961946980917455 0.08715574274766004
vn 0 -0.9961946980917454 -0.08715574274765998
vn -0.9999186694666824 -0.0016646795564933816 -0.012644496587604121
vn -0.00924050098142334 0.9913871416786925 -0.13063746957042813
vn 0.9999186694666824 0.0016646795564933593 0.012644496587604123
vn 0.009240500981423407 -0.9913871416786925 0.13063746957042804
vn -1 0 0
vn 0 0.9914448613738105 -0.13052619222005113
vn 1 0 0
vn 0 -0.9914448613738105 0.13052619222005107
vn -1 0 0
vn 0 0.9914448613738105 -0.13052619222005113
vn 1 0 0
vn 0 -0.9914448613738105 0.13052619222005107
vn -1 0 0
vn 0 0.9914448613738105 -0.13052619222005113
vn 1 0 0
vn 0 -0.9914448613738105 0.13052619222005107
vn 0 0.9914448613738105 -0.13052619222005113
vn 1 0 0
vn 0 -0.9914448613738105 0.13052619222005107
vn 1 0 0
vn 0 0.9961946980917455 0.08715574274765998
vn 0 -0.9961946980917455 -0.08715574274765998
vn 1 0 0
vn 0 0.9961946980917455 0.08715574274765998
vn -1 0 0
vn 0 -0.9961946980917455 -0.08715574274765998
vn 1 0 0
vn 0 0.9961946980917455 0.08715574274765998
vn -1 0 0
vn 0 -0.9961946980917455 -0.08715574274765998
vn 1 0 0
vn 0 0.9961946980917455 0.08715574274765998
vn -1 0 0
vn 0 -0.9961946980917455 -0.08715574274765998
vn 0.9999229016719294 0.0010822438218261415 -0.012370103487812869
vn -0.006170321737280844 0.9961690526834072 0.08723041674497461
vn -0.9999229016719294 -0.0010822438218261415 0.012370103487812867
vn 0.006170321737280812 -0.9961690526834072 -0.08723041674497467
vn -0.9997976630718378 -0.002625598243455411 -0.019943398656090607
vn 0 0.9877037143806787 -0.15633736788948033
vn 0 -0.9875627800552501 0.15722517435050212
vn -0.012417355273529527 -0.08714902318561236 0.9961178931460897
vn -0.012753605450213285 -0.13051557645522605 -0.9913642266344799
vn 0 -0.9815404121325532 -0.19125485444991458
vn -0.99950659636386 0.0013700681016632734 0.03137971858587938
vn 0 0.982500657878298 0.18625911325009514
vn 0 -0.13052619222005118 -0.9914448613738105
vn 0 -0.13052619222005118 -0.9914448613738105
vn 0 -0.13052619222005118 -0.9914448613738105
vn 0 -0.13052619222005118 -0.9914448613738105
vn 0 -0.13052619222005118 -0.9914448613738105
vn 0 -0.13052619222005118 -0.9914448613738105
vn 0 -0.13052619222005118 -0.9914448613738105
vn 0 -0.9875627800552501 0.15722517435050212
vn 0 -0.9875627800552501 0.15722517435050215
vn 0 -0.9875627800552501 0.15722517435050215
vn 0 -0.9875627800552501 0.15722517435050212
vn 0 -0.9875627800552501 0.15722517435050215
vn 0 -0.9875627800552501 0.15722517435050212
vn 0 -0.9875627800552501 0.15722517435050215
vn 0 -0.9815404121325532 -0.19125485444991458
vn 0 -0.981540412132553 -0.19125485444991452
vn 0 -0.9815404121325532 -0.19125485444991452
vn 0 -0.9815404121325532 -0.19125485444991452
vn 0 -0.9815404121325532 -0.19125485444991452
vn 0 -0.9815404121325532 -0.19125485444991455
vn 0 -0.9815404121325532 -0.19125485444991458
vn 0 -0.08715574274765998 0.9961946980917455
vn 0 -0.08715574274765998 0.9961946980917455
vn 0 -0.08715574274765998 0.9961946980917455
vn 0 -0.08715574274765998 0.9961946980917454
vn 0 -0.08715574274765998 0.9961946980917454
vn 0 -0.08715574274765998 0.9961946980917455
vn 0 -0.08715574274765998 0.9961946980917454
vn 0 0.982500657878298 0.18625911325009514
vn 0 0.982500657878298 0.18625911325009517
vn 0 0.982500657878298 0.18625911325009517
vn 0 0.982500657878298 0.18625911325009514
vn 0 0.982500657878298 0.18625911325009514
vn 0 0.982500657878298 0.18625911325009514
vn 0 0.982500657878298 0.18625911325009514
vn 0 0.9877037143806787 -0.15633736788948036
vn 0 0.9877037143806787 -0.15633736788948038
vn 0 0.9877037143806787 -0.1563373678894803
vn 0 0.9877037143806787 -0.15633736788948036
vn 0 0.9877037143806787 -0.15633736788948036
vn 0 0.9877037143806787 -0.15633736788948036
vn 0 0.9877037143806787 -0.15633736788948033
vn 0 -0.08715574274765822 0.9961946980917457
vn 0 -0.08715574274765822 0.9961946980917457
vn 0 -0.08715574274765822 0.9961946980917457
vn 0 -0.08715574274765822 0.9961946980917457
vn 0 -0.08715574274765822 0.9961946980917457
vn 0 -0.08715574274765822 0.9961946980917457
vn 0 -0.08715574274765822 0.9961946980917457
vn 0 -0.08715574274765822 0.9961946980917457
vn -1 1.0854704844356523e-16 -1.2406984410203193e-15
vn -1 9.170031575650295e-17 2.1002825328041424e-15
vn 0 -0.13052619222005118 -0.9914448613738106
vn 0 -0.13052619222005118 -0.9914448613738105
vn 0 -0.13052619222005118 -0.9914448613738105
vn 0 -0.13052619222005118 -0.9914448613738105
vn 0 -0.13052619222005118 -0.9914448613738105
vn 0 -0.13052619222005118 -0.9914448613738105
vn 0 -0.13052619222005118 -0.9914448613738105
vn 0 -0.13052619222005118 -0.9914448613738105
vn 0.07435606901706118 0.9857416944647823 -0.15094531060629157
vn 0 -0.9881889150477072 0.15324055656658048
vn 0.006394470982340398 0.9975855385530825 0.06915348155091247
vn -0.00617127327218356 -0.9961757280659541 -0.08715408308545644
vn 0.009242004170357396 0.9914025185161215 -0.1305206176770814
vn -0.009583729739511698 -0.9945682893750353 0.10364395734386153
vn 0 0.9843166711829351 0.17641057460182477
vn -0.1473601687211635 -0.9740006217840332 -0.17206908333220994
vn 0 0.9914448613738105 -0.13052619222005113
vn 0 -0.9914448613738105 0.13052619222005107
vn 0 0.9914448613738105 -0.13052619222005113
vn 0 -0.9914448613738105 0.13052619222005107
vn 0 0.9914448613738105 -0.13052619222005113
vn 0 -0.9914448613738105 0.13052619222005107
vn 0 0.9914448613738105 -0.13052619222005113
vn 0 -0.9914448613738105 0.13052619222005107
vn 0 0.9914448613738105 -0.13052619222005113
vn 0 -0.9914448613738105 0.13052619222005107
vn 0 0.9914448613738105 -0.13052619222005113
vn 0 -0.9914448613738105 0.13052619222005107
vn 0 0.9914448613738105 -0.13052619222005113
vn 0 -0.9914448613738105 0.13052619222005107
vn 0 0.9961946980917455 0.08715574274766004
vn 0 -0.9961946980917455 -0.08715574274765998
vn 0 0.9961946980917455 0.08715574274766004
vn 0 -0.9961946980917455 -0.08715574274765998
vn 0 0.9961946980917455 0.08715574274766004
vn 0 -0.9961946980917455 -0.08715574274765998
vn 0 0.9961946980917455 0.08715574274766004
vn 0 -0.9961946980917455 -0.08715574274765998
vn 0 0.9961946980917455 0.08715574274766004
vn 0 -0.9961946980917455 -0.08715574274765998
vn 0 0.9961946980917455 0.08715574274766004
vn 0 -0.9961946980917455 -0.08715574274765998
vn 0 0.9961946980917455 0.08715574274766004
vn 0 -0.9961946980917454 -0.08715574274765998
vn 0.9999186694666824 -0.0016646795564933818 -0.012644496587604123
vn 0.009240500981423337 0.9913871416786925 -0.13063746957042813
vn -0.9999186694666824 0.0016646795564933597 0.012644496587604125
vn -0.009240500981423413 -0.9913871416786925 0.13063746957042804
vn 1 0 0
vn 0 0.9914448613738105 -0.13052619222005113
vn -1 0 0
vn 0 -0.9914448613738105 0.13052619222005107
vn 1 0 0
vn 0 0.9914448613738105 -0.13052619222005113
vn -1 0 0
vn 0 -0.9914448613738105 0.13052619222005107
vn 1 0 0
vn 0 0.9914448613738105 -0.13052619222005113
vn -1 0 0
vn 0 -0.9914448613738105 0.13052619222005107
vn -1 0 0
vn -1 0 0
vn -1 0 0
vn 0 0.9961946980917455 0.08715574274765998
vn 1 0 0
vn 0 -0.9961946980917455 -0.08715574274765998
vn -1 0 0
vn 0 0.9961946980917455 0.08715574274765998
vn 1 0 0
vn 0 -0.9961946980917455 -0.08715574274765998
vn -1 0 0
vn 0 0.9961946980917455 0.08715574274765998
vn 1 0 0
vn 0 -0.9961946980917455 -0.08715574274765998
vn -0.9999229016719295 0.001082243821826142 -0.012370103487812869
vn 0.006170321737280845 0.9961690526834072 0.08723041674497461
vn 0.9999229016719294 -0.001082243821826142 0.012370103487812867
vn -0.006170321737280812 -0.9961690526834072 -0.08723041674497466
usemtl m_f1931535-d587-f454-bd54-3ff30ceeb94d
f 334/945/237 336/946/237 335/947/237 367/948/237
f 262/949/238 281/950/238 314/951/238 266/952/238
f 265/953/239 290/954/239 282/955/239 264/956/239
f 404/957/240 406/958/240 405/959/240 407/960/240
f 372/961/241 374/962/241 373/963/241 375/964/241
f 263/965/242 298/966/242 290/967/242 265/968/242
f 367/969/243 335/970/243 339/971/243 368/972/243
f 266/973/244 314/974/244 306/975/244 261/976/244
f 536/977/245 535/978/245 388/979/245 389/980/245
f 343/981/246 342/982/246 344/983/246 345/984/246
f 384/985/247 386/986/247 385/987/247 387/988/247
f 369/989/248 346/990/248 347/991/248 348/992/248
f 380/993/249 382/994/249 381/995/249 383/996/249
f 370/997/250 349/998/250 350/999/250 351/1000/250
f 376/1001/251 378/1002/251 377/1003/251 379/1004/251
f 371/1005/252 352/1006/252 341/1007/252 337/1008/252
f 415/1009/253 268/1010/253 283/1011/253 430/1012/253
f 268/1013/254 270/1014/254 284/1015/254 283/1016/254
f 270/1017/255 272/1018/255 285/1019/255 284/1020/255
f 272/1021/256 274/1022/256 286/1023/256 285/1024/256
f 274/1025/257 276/1026/257 287/1027/257 286/1028/257
f 276/1029/258 278/1030/258 288/1031/258 287/1032/258
f 278/1033/259 280/1034/259 289/1035/259 288/1036/259
f 280/1037/260 282/1038/260 290/1039/260 289/1040/260
f 430/1041/261 283/1042/261 291/1043/261 438/1044/261
f 283/1045/262 284/1046/262 292/1047/262 291/1048/262
f 284/1049/263 285/1050/263 293/1051/263 292/1052/263
f 285/1053/264 286/1054/264 294/1055/264 293/1056/264
f 286/1057/265 287/1058/265 295/1059/265 294/1060/265
f 287/1061/266 288/1062/266 296/1063/266 295/1064/266
f 288/1065/267 289/1066/267 297/1067/267 296/1068/267
f 289/1069/268 290/1070/268 298/1071/268 297/1072/268
f 390/1073/269 391/1074/269 538/1075/269 537/1076/269
f 354/1077/270 361/1078/270 360/1079/270 353/1080/270
f 392/1081/271 394/1082/271 393/1083/271 395/1084/271
f 356/1085/272 363/1086/272 362/1087/272 355/1088/272
f 396/1089/273 398/1090/273 397/1091/273 399/1092/273
f 358/1093/274 365/1094/274 364/1095/274 357/1096/274
f 400/1097/275 402/1098/275 401/1099/275 403/1100/275
f 340/1101/276 338/1102/276 366/1103/276 359/1104/276
f 446/1105/277 299/1106/277 307/1107/277 454/1108/277
f 299/1109/278 300/1110/278 308/1111/278 307/1112/278
f 300/1113/279 301/1114/279 309/1115/279 308/1116/279
f 301/1117/280 302/1118/280 310/1119/280 309/1120/280
f 302/1121/281 303/1122/281 311/1123/281 310/1124/281
f 303/1125/282 304/1126/282 312/1127/282 311/1128/282
f 304/1129/283 305/1130/283 313/1131/283 312/1132/283
f 305/1133/284 306/1134/284 314/1135/284 313/1136/284
f 454/1137/285 307/1138/285 267/1139/285 414/1140/285
f 307/1141/286 308/1142/286 269/1143/286 267/1144/286
f 308/1145/287 309/1146/287 271/1147/287 269/1148/287
f 309/1149/288 310/1150/288 273/1151/288 271/1152/288
f 310/1153/289 311/1154/289 275/1155/289 273/1156/289
f 311/1157/290 312/1158/290 277/1159/290 275/1160/290
f 312/1161/291 313/1162/291 279/1163/291 277/1164/291
f 313/1165/292 314/1166/292 281/1167/292 279/1168/292
f 267/1169/293 315/1170/293 462/1171/293 414/1172/293
f 446/1173/294 463/1174/294 316/1175/294 299/1176/294
f 299/1177/295 316/1178/295 317/1179/295 300/1180/295
f 300/1181/296 317/1182/296 318/1183/296 301/1184/296
f 301/1185/297 318/1186/297 319/1187/297 302/1188/297
f 302/1189/298 319/1190/298 320/1191/298 303/1192/298
f 303/1193/299 320/1194/299 321/1195/299 304/1196/299
f 304/1197/300 321/1198/300 322/1199/300 305/1200/300
f 305/1201/301 322/1202/301 323/1203/301 306/1204/301
f 306/1205/302 323/1206/302 324/1207/302 261/1208/302
f 261/1209/303 324/1210/303 325/1211/303 266/1212/303
f 266/1213/304 325/1214/304 326/1215/304 262/1216/304
f 262/1217/305 326/1218/305 327/1219/305 281/1220/305
f 281/1221/306 327/1222/306 328/1223/306 279/1224/306
f 279/1225/307 328/1226/307 329/1227/307 277/1228/307
f 277/1229/308 329/1230/308 330/1231/308 275/1232/308
f 275/1233/309 330/1234/309 331/1235/309 273/1236/309
f 273/1237/310 331/1238/310 332/1239/310 271/1240/310
f 271/1241/311 332/1242/311 333/1243/311 269/1244/311
f 269/1245/312 333/1246/312 315/1247/312 267/1248/312
f 335/1249/313 336/1250/313 326/1251/313 325/1252/313
f 334/1253/314 367/1254/314 265/1255/314 264/1256/314
f 338/1257/315 339/1258/315 324/1259/315 323/1260/315
f 368/1261/316 340/1262/316 298/1263/316 263/1264/316
f 336/1265/317 341/1266/317 327/1267/317 326/1268/317
f 337/1269/318 334/1270/318 264/1271/318 282/1272/318
f 339/1273/319 335/1274/319 325/1275/319 324/1276/319
f 367/1277/320 368/1278/320 263/1279/320 265/1280/320
f 342/1281/321 489/1282/321 462/1283/321 315/1284/321
f 490/1285/322 343/1286/322 268/1287/322 415/1288/322
f 344/1289/323 342/1290/323 315/1291/323 333/1292/323
f 343/1293/324 345/1294/324 270/1295/324 268/1296/324
f 346/1297/325 344/1298/325 333/1299/325 332/1300/325
f 345/1301/326 369/1302/326 272/1303/326 270/1304/326
f 347/1305/327 346/1306/327 332/1307/327 331/1308/327
f 369/1309/328 348/1310/328 274/1311/328 272/1312/328
f 349/1313/329 347/1314/329 331/1315/329 330/1316/329
f 348/1317/330 370/1318/330 276/1319/330 274/1320/330
f 350/1321/331 349/1322/331 330/1323/331 329/1324/331
f 370/1325/332 351/1326/332 278/1327/332 276/1328/332
f 352/1329/333 350/1330/333 329/1331/333 328/1332/333
f 351/1333/334 371/1334/334 280/1335/334 278/1336/334
f 341/1337/335 352/1338/335 328/1339/335 327/1340/335
f 371/1341/336 337/1342/336 282/1343/336 280/1344/336
f 507/1345/337 360/1346/337 316/1347/337 463/1348/337
f 353/1349/338 500/1350/338 438/1351/338 291/1352/338
f 360/1353/339 361/1354/339 317/1355/339 316/1356/339
f 354/1357/340 353/1358/340 291/1359/340 292/1360/340
f 361/1361/341 362/1362/341 318/1363/341 317/1364/341
f 355/1365/342 354/1366/342 292/1367/342 293/1368/342
f 362/1369/343 363/1370/343 319/1371/343 318/1372/343
f 356/1373/344 355/1374/344 293/1375/344 294/1376/344
f 363/1377/345 364/1378/345 320/1379/345 319/1380/345
f 357/1381/346 356/1382/346 294/1383/346 295/1384/346
f 364/1385/347 365/1386/347 321/1387/347 320/1388/347
f 358/1389/348 357/1390/348 295/1391/348 296/1392/348
f 365/1393/349 366/1394/349 322/1395/349 321/1396/349
f 359/1397/350 358/1398/350 296/1399/350 297/1400/350
f 366/1401/351 338/1402/351 323/1403/351 322/1404/351
f 340/1405/352 359/1406/352 297/1407/352 298/1408/352
f 374/1409/353 372/1410/353 337/1411/353 341/1412/353
f 373/1413/354 374/1414/354 341/1415/354 336/1416/354
f 375/1417/355 373/1418/355 336/1419/355 334/1420/355
f 372/1421/356 375/1422/356 334/1423/356 337/1424/356
f 378/1425/357 376/1426/357 351/1427/357 350/1428/357
f 377/1429/358 378/1430/358 350/1431/358 352/1432/358
f 379/1433/359 377/1434/359 352/1435/359 371/1436/359
f 376/1437/360 379/1438/360 371/1439/360 351/1440/360
f 382/1441/361 380/1442/361 348/1443/361 347/1444/361
f 381/1445/362 382/1446/362 347/1447/362 349/1448/362
f 383/1449/363 381/1450/363 349/1451/363 370/1452/363
f 380/1453/364 383/1454/364 370/1455/364 348/1456/364
f 386/1457/365 384/1458/365 345/1459/365 344/1460/365
f 385/1461/366 386/1462/366 344/1463/366 346/1464/366
f 387/1465/367 385/1466/367 346/1467/367 369/1468/367
f 384/1469/368 387/1470/368 369/1471/368 345/1472/368
f 388/1473/369 535/1474/369 489/1475/369 342/1476/369
f 389/1477/370 388/1478/370 342/1479/370 343/1480/370
f 536/1481/371 389/1482/371 343/1483/371 490/1484/371
f 391/1485/372 390/1486/372 353/1487/372 360/1488/372
f 538/1489/373 391/1490/373 360/1491/373 507/1492/373
f 390/1493/374 537/1494/374 500/1495/374 353/1496/374
f 394/1497/375 392/1498/375 355/1499/375 362/1500/375
f 393/1501/376 394/1502/376 362/1503/376 361/1504/376
f 395/1505/377 393/1506/377 361/1507/377 354/1508/377
f 392/1509/378 395/1510/378 354/1511/378 355/1512/378
f 398/1513/379 396/1514/379 357/1515/379 364/1516/379
f 397/1517/380 398/1518/380 364/1519/380 363/1520/380
f 399/1521/381 397/1522/381 363/1523/381 356/1524/381
f 396/1525/382 399/1526/382 356/1527/382 357/1528/382
f 402/1529/383 400/1530/383 359/1531/383 366/1532/383
f 401/1533/384 402/1534/384 366/1535/384 365/1536/384
f 403/1537/385 401/1538/385 365/1539/385 358/1540/385
f 400/1541/386 403/1542/386 358/1543/386 359/1544/386
f 406/1545/387 404/1546/387 368/1547/387 339/1548/387
f 405/1549/388 406/1550/388 339/1551/388 338/1552/388
f 407/1553/389 405/1554/389 338/1555/389 340/1556/389
f 404/1557/390 407/1558/390 340/1559/390 368/1560/390
f 482/1561/391 483/1562/391 481/1563/391 514/1564/391
f 461/1565/392 428/1566/392 409/1567/392 413/1568/392
f 429/1569/393 437/1570/393 412/1571/393 411/1572/393
f 552/1573/394 553/1574/394 551/1575/394 554/1576/394
f 520/1577/395 521/1578/395 519/1579/395 522/1580/395
f 437/1581/396 445/1582/396 410/1583/396 412/1584/396
f 486/1585/397 482/1586/397 514/1587/397 515/1588/397
f 453/1589/398 461/1590/398 413/1591/398 408/1592/398
f 491/1593/399 489/1594/399 490/1595/399 492/1596/399
f 532/1597/400 533/1598/400 531/1599/400 534/1600/400
f 494/1601/401 493/1602/401 516/1603/401 495/1604/401
f 528/1605/402 529/1606/402 527/1607/402 530/1608/402
f 497/1609/403 496/1610/403 517/1611/403 498/1612/403
f 524/1613/404 525/1614/404 523/1615/404 526/1616/404
f 488/1617/405 499/1618/405 518/1619/405 484/1620/405
f 431/1621/406 417/1622/406 415/1623/406 430/1624/406
f 432/1625/407 419/1626/407 417/1627/407 431/1628/407
f 433/1629/408 421/1630/408 419/1631/408 432/1632/408
f 434/1633/409 423/1634/409 421/1635/409 433/1636/409
f 435/1637/410 425/1638/410 423/1639/410 434/1640/410
f 436/1641/411 427/1642/411 425/1643/411 435/1644/411
f 437/1645/412 429/1646/412 427/1647/412 436/1648/412
f 439/1649/413 431/1650/413 430/1651/413 438/1652/413
f 440/1653/414 432/1654/414 431/1655/414 439/1656/414
f 441/1657/415 433/1658/415 432/1659/415 440/1660/415
f 442/1661/416 434/1662/416 433/1663/416 441/1664/416
f 443/1665/417 435/1666/417 434/1667/417 442/1668/417
f 444/1669/418 436/1670/418 435/1671/418 443/1672/418
f 445/1673/419 437/1674/419 436/1675/419 444/1676/419
f 507/1677/420 508/1678/420 501/1679/420 500/1680/420
f 540/1681/421 541/1682/421 539/1683/421 542/1684/421
f 509/1685/422 510/1686/422 503/1687/422 502/1688/422
f 544/1689/423 545/1690/423 543/1691/423 546/1692/423
f 511/1693/424 512/1694/424 505/1695/424 504/1696/424
f 548/1697/425 549/1698/425 547/1699/425 550/1700/425
f 513/1701/426 485/1702/426 487/1703/426 506/1704/426
f 455/1705/427 447/1706/427 446/1707/427 454/1708/427
f 456/1709/428 448/1710/428 447/1711/428 455/1712/428
f 457/1713/429 449/1714/429 448/1715/429 456/1716/429
f 458/1717/430 450/1718/430 449/1719/430 457/1720/430
f 459/1721/431 451/1722/431 450/1723/431 458/1724/431
f 460/1725/432 452/1726/432 451/1727/432 459/1728/432
f 461/1729/433 453/1730/433 452/1731/433 460/1732/433
f 416/1733/434 455/1734/434 454/1735/434 414/1736/434
f 418/1737/435 456/1738/435 455/1739/435 416/1740/435
f 420/1741/436 457/1742/436 456/1743/436 418/1744/436
f 422/1745/437 458/1746/437 457/1747/437 420/1748/437
f 424/1749/438 459/1750/438 458/1751/438 422/1752/438
f 426/1753/439 460/1754/439 459/1755/439 424/1756/439
f 428/1757/440 461/1758/440 460/1759/440 426/1760/440
f 464/1761/441 463/1762/441 446/1763/441 447/1764/441
f 465/1765/442 464/1766/442 447/1767/442 448/1768/442
f 466/1769/443 465/1770/443 448/1771/443 449/1772/443
f 467/1773/444 466/1774/444 449/1775/444 450/1776/444
f 468/1777/445 467/1778/445 450/1779/445 451/1780/445
f 469/1781/446 468/1782/446 451/1783/446 452/1784/446
f 470/1785/447 469/1786/447 452/1787/447 453/1788/447
f 471/1789/448 470/1790/448 453/1791/448 408/1792/448
f 472/1793/449 471/1794/449 408/1795/449 413/1796/449
f 473/1797/450 472/1798/450 413/1799/450 409/1800/450
f 474/1801/451 473/1802/451 409/1803/451 428/1804/451
f 475/1805/452 474/1806/452 428/1807/452 426/1808/452
f 476/1809/453 475/1810/453 426/1811/453 424/1812/453
f 477/1813/454 476/1814/454 424/1815/454 422/1816/454
f 478/1817/455 477/1818/455 422/1819/455 420/1820/455
f 479/1821/456 478/1822/456 420/1823/456 418/1824/456
f 480/1825/457 479/1826/457 418/1827/457 416/1828/457
f 462/1829/458 480/1830/458 416/1831/458 414/1832/458
f 473/1833/459 483/1834/459 482/1835/459 472/1836/459
f 412/1837/460 514/1838/460 481/1839/460 411/1840/460
f 471/1841/461 486/1842/461 485/1843/461 470/1844/461
f 445/1845/462 487/1846/462 515/1847/462 410/1848/462
f 474/1849/463 488/1850/463 483/1851/463 473/1852/463
f 411/1853/464 481/1854/464 484/1855/464 429/1856/464
f 472/1857/465 482/1858/465 486/1859/465 471/1860/465
f 410/1861/466 515/1862/466 514/1863/466 412/1864/466
f 462/1865/467 489/1866/467 491/1867/467 480/1868/467
f 417/1869/468 492/1870/468 490/1871/468 415/1872/468
f 480/1873/469 491/1874/469 493/1875/469 479/1876/469
f 419/1877/470 516/1878/470 492/1879/470 417/1880/470
f 479/1881/471 493/1882/471 494/1883/471 478/1884/471
f 421/1885/472 495/1886/472 516/1887/472 419/1888/472
f 478/1889/473 494/1890/473 496/1891/473 477/1892/473
f 423/1893/474 517/1894/474 495/1895/474 421/1896/474
f 477/1897/475 496/1898/475 497/1899/475 476/1900/475
f 425/1901/476 498/1902/476 517/1903/476 423/1904/476
f 476/1905/477 497/1906/477 499/1907/477 475/1908/477
f 427/1909/478 518/1910/478 498/1911/478 425/1912/478
f 475/1913/479 499/1914/479 488/1915/479 474/1916/479
f 429/1917/480 484/1918/480 518/1919/480 427/1920/480
f 464/1921/481 508/1922/481 507/1923/481 463/1924/481
f 438/1925/482 500/1926/482 501/1927/482 439/1928/482
f 465/1929/483 509/1930/483 508/1931/483 464/1932/483
f 439/1933/484 501/1934/484 502/1935/484 440/1936/484
f 466/1937/485 510/1938/485 509/1939/485 465/1940/485
f 440/1941/486 502/1942/486 503/1943/486 441/1944/486
f 467/1945/487 511/1946/487 510/1947/487 466/1948/487
f 441/1949/488 503/1950/488 504/1951/488 442/1952/488
f 468/1953/489 512/1954/489 511/1955/489 467/1956/489
f 442/1957/490 504/1958/490 505/1959/490 443/1960/490
f 469/1961/491 513/1962/491 512/1963/491 468/1964/491
f 443/1965/492 505/1966/492 506/1967/492 444/1968/492
f 470/1969/493 485/1970/493 513/1971/493 469/1972/493
f 444/1973/494 506/1974/494 487/1975/494 445/1976/494
f 484/1977/495 519/1978/495 521/1979/495 488/1980/495
f 488/1981/496 521/1982/496 520/1983/496 483/1984/496
f 483/1985/497 520/1986/497 522/1987/497 481/1988/497
f 481/1989/498 522/1990/498 519/1991/498 484/1992/498
f 498/1993/499 523/1994/499 525/1995/499 497/1996/499
f 497/1997/500 525/1998/500 524/1999/500 499/2000/500
f 499/2001/501 524/2002/501 526/2003/501 518/2004/501
f 518/2005/502 526/2006/502 523/2007/502 498/2008/502
f 495/2009/503 527/2010/503 529/2011/503 494/2012/503
f 494/2013/504 529/2014/504 528/2015/504 496/2016/504
f 496/2017/505 528/2018/505 530/2019/505 517/2020/505
f 517/2021/506 530/2022/506 527/2023/506 495/2024/506
f 492/2025/507 531/2026/507 533/2027/507 491/2028/507
f 491/2029/508 533/2030/508 532/2031/508 493/2032/508
f 493/2033/509 532/2034/509 534/2035/509 516/2036/509
f 516/2037/510 534/2038/510 531/2039/510 492/2040/510
f 489/2041/511 535/2042/511 536/2043/511 490/2044/511
f 500/2045/512 537/2046/512 538/2047/512 507/2048/512
f 502/2049/513 539/2050/513 541/2051/513 509/2052/513
f 509/2053/514 541/2054/514 540/2055/514 508/2056/514
f 508/2057/515 540/2058/515 542/2059/515 501/2060/515
f 501/2061/516 542/2062/516 539/2063/516 502/2064/516
f 504/2065/517 543/2066/517 545/2067/517 511/2068/517
f 511/2069/518 545/2070/518 544/2071/518 510/2072/518
f 510/2073/519 544/2074/519 546/2075/519 503/2076/519
f 503/2077/520 546/2078/520 543/2079/520 504/2080/520
f 506/2081/521 547/2082/521 549/2083/521 513/2084/521
f 513/2085/522 549/2086/522 548/2087/522 512/2088/522
f 512/2089/523 548/2090/523 550/2091/523 505/2092/523
f 505/2093/524 550/2094/524 547/2095/524 506/2096/524
f 515/2097/525 551/2098/525 553/2099/525 486/2100/525
f 486/2101/526 553/2102/526 552/2103/526 485/2104/526
f 485/2105/527 552/2106/527 554/2107/527 487/2108/527
f 487/2109/528 554/2110/528 551/2111/528 515/2112/528
o mesh
v 0.5 1.375 -0.5625
v 0.5 1.375 -0.625
v 0.5 1 -0.5625
v 0.5 1 -0.625
v -0.5 1.375 -0.5625
v -0.5 1.375 -0.625
v -0.5 1 -0.5625
v -0.5 1 -0.625
vt 0.265625 0.96875
vt 0.515625 0.96875
vt 0.515625 1
vt 0.265625 1
vt 0.515625 0.921875
vt 0.515625 0.953125
vt 0.265625 0.953125
vt 0.265625 0.921875
vt 0.25 0.875
vt 0.25 1
vt 0 1
vt 0 0.875
vt 0.25 0.859375
vt 0 0.859375
vt 0 0.734375
vt 0.25 0.734375
vt 0.296875 0.90625
vt 0.265625 0.90625
vt 0.265625 0.78125
vt 0.296875 0.78125
vt 0.296875 0.640625
vt 0.296875 0.765625
vt 0.265625 0.765625
vt 0.265625 0.640625
vn 0 1 0
vn 0 -1 0
vn 0 0 1
vn 0 0 -1
vn 1 0 0
vn -1 0 0
usemtl m_c41d2c1e-48ad-c416-7ba8-1ec53ce4fe6f
f 559/2113/529 555/2114/529 556/2115/529 560/2116/529
f 558/2117/530 557/2118/530 561/2119/530 562/2120/530
f 557/2121/531 555/2122/531 559/2123/531 561/2124/531
f 560/2125/532 556/2126/532 558/2127/532 562/2128/532
f 556/2129/533 555/2130/533 557/2131/533 558/2132/533
f 561/2133/534 559/2134/534 560/2135/534 562/2136/534